Date,Time,Booking ID,Booking Status,Customer ID,Vehicle Type,Pickup Location,Drop Location,Avg VTAT,Avg CTAT,Cancelled Rides by Customer,Incomplete Rides,Incomplete Rides Reason,Ride Distance (KM),Driver Ratings,Customer Rating,Payment Method,Price_BND,Pickup ,Drop ,Driver ID,Platform Fee BND,Driver Earnings BND,Month,Year,Day of Week,On Time Arrival,Driver Shift Hours,Offer ID,Offer Sent Timestamp,Offer Result,Response Timestamp,Driver Session ID,Session Start,Session End,Request Timestamp,Driver Assigned Timestamp,Driver Arrival Timestamp,Pickup Timestamp,Dropoff Timestamp,Cancellation Timestamp,Pickup Lat,Pickup Lon,Dropoff Lat,Dropoff Lon,Fare Base,Distance Fee,Time Fee,Total Fare Authoritative,Fare ID,Invoice ID,Currency,Vehicle ID,Vehicle Active Flag,Marketplace Region,Estimated ETA at Assignment,Surge Region,Driver Acceptance Latency,Customer Signup Date,Data Quality Flag
2025-01-21,18:40:17,"""CNR4802995""",Completed,"""CID9514652""",Sedan,Jerudong,Bangar,12.5,36.3,,,,7.75,4.6,4.6,Dart Wallet,6.0,Belait,Tutong,Faisal Hakimi,1.11,4.5,May,2024,Thursday,0.0,4.8,OFF-200102,5/16/2024 18:39,accepted,5/16/2024 18:39,SESS-85181,5/16/2024 14:40,5/16/2024 20:40,5/16/2024 18:40,2025-01-21 02:54:00,2025-01-21 02:56:00,2025-01-21 03:01:00,2025-01-21 03:23:00,,4.54355,114.15799,4.71193,114.62513,3.5,19.53,2.9,26.93,FQ-7602,INV-485042,BND,VEH-126,Yes,Belait,7,Normal,9,1/19/2024,Pass
2025-01-14,18:52:21,"""CNR5527486""",Completed,"""CID1522967""",Premium,Mata-Mata,Mentiri,3.1,10.9,,,,12.02,3.6,3.9,Card,6.27,Brunei-Muara,Tutong,Ridhwan Bakar,0.95,4.32,November,2024,Tuesday,1.0,11.1,OFF-200179,11/12/2024 18:51,accepted,11/12/2024 18:51,SESS-20959,11/12/2024 15:52,11/12/2024 20:52,11/12/2024 18:52,2025-01-14 07:21:00,2025-01-14 07:22:00,2025-01-14 07:28:00,2025-01-14 08:10:00,,4.91079,114.87978,4.68273,114.73974,3.5,2.04,0.87,10.62,FQ-7306,INV-318395,BND,VEH-504,Yes,Belait,12,High Demand Zone,9,6/20/2023,Pass
2025-01-15,11:35:20,"""CNR3950515""",Completed,"""CID9062603""",Sedan,Sengkurong,Berakas,8.2,14.2,1.0,,,25.8,4.8,4.2,Cash,34.53,Brunei-Muara,Belait,Abdul Rahman,5.42,28.2,December,2024,Thursday,1.0,8.1,OFF-200092,12/26/2024 11:34,accepted,12/26/2024 11:34,SESS-85776,12/26/2024 6:35,12/26/2024 12:35,12/26/2024 11:35,2025-01-15 16:59:00,2025-01-15 17:04:00,2025-01-15 17:07:00,2025-01-15 17:36:00,12/26/2024 11:44,4.90952,114.9285,4.53955,114.11603,3.5,3.92,1.14,15.7,FQ-9328,INV-348133,BND,VEH-428,Yes,Tutong,11,High Demand Zone,3,1/1/2023,Pass
2025-01-06,15:02:29,"""CNR6886384""",Cancelled,"""CID6455263""",SUV,Bangar,Muara,13.0,10.2,,,,19.56,4.7,4.8,Dart Wallet,34.66,Belait,Brunei-Muara,Zulhelmi Ishak,7.03,25.62,November,2024,Tuesday,0.0,5.5,OFF-200014,11/19/2024 15:02,accepted,11/19/2024 15:02,SESS-38008,11/19/2024 10:02,11/19/2024 17:02,11/19/2024 15:02,2025-01-06 11:15:00,2025-01-06 11:16:00,2025-01-06 11:22:00,2025-01-06 11:40:00,,4.57292,114.14499,4.85556,114.96281,3.5,7.24,0.82,19.45,FQ-8698,INV-370782,BND,VEH-353,Yes,Belait,4,High Demand Zone,6,1/8/2023,Pass
2025-01-08,13:53:59,"""CNR5691095""",Cancelled,"""CID6721290""",SUV,Berakas,Mentiri,4.8,34.3,,,,5.05,4.1,4.6,Dart Wallet,7.57,Brunei-Muara,Tutong,,1.37,5.95,April,2024,Tuesday,,9.8,OFF-200106,4/23/2024 13:53,rejected,4/23/2024 13:53,SESS-16338,4/23/2024 10:53,4/23/2024 14:53,4/23/2024 13:53,2025-01-08 01:40:00,2025-01-08 01:43:00,2025-01-08 01:51:00,2025-01-08 02:16:00,,4.92991,114.94706,4.7877,114.73165,3.5,3.92,2.74,15.16,FQ-9582,INV-465906,BND,VEH-510,Yes,Brunei-Muara,6,Normal,4,12/3/2023,Pass
2025-01-19,14:49:19,"""CNR1758100""",Completed,"""CID7007318""",Sedan,Bandar Seri Begawan,Kiulap,10.3,23.4,,,,12.16,4.3,3.9,Card,22.09,Brunei-Muara,Brunei-Muara,Noraini Kassim,3.76,16.54,October,2024,Friday,0.0,6.9,OFF-200071,10/4/2024 14:48,rejected,10/4/2024 14:48,SESS-88755,10/4/2024 10:49,10/4/2024 16:49,10/4/2024 14:49,2025-01-19 12:14:00,2025-01-19 12:19:00,2025-01-19 12:23:00,2025-01-19 12:42:00,,4.85156,114.9388,4.97422,114.92309,3.5,3.7,1.87,13.6,FQ-6719,INV-204938,BND,VEH-967,Yes,Temburong,4,High Demand Zone,12,1/17/2024,Pass
2025-01-31,17:23:20,"""CNR5411958""",Cancelled,"""CID4138382""",Compact,Jerudong,Kuala Belait,11.2,39.1,,1.0,Vehicle Breakdown,26.4,4.9,3.8,Card,33.52,Belait,Brunei-Muara,Abdul Rahman,5.87,22.32,February,2024,Saturday,1.0,11.0,OFF-200188,2/3/2024 17:22,accepted,2/3/2024 17:22,SESS-85776,2/3/2024 14:23,2/3/2024 20:23,2/3/2024 17:23,2025-01-31 00:30:00,2025-01-31 00:33:00,2025-01-31 00:43:00,2025-01-31 00:55:00,,4.56702,114.28703,4.90079,114.96501,3.5,7.38,3.13,15.01,FQ-8424,INV-948366,BND,VEH-428,Yes,Tutong,10,Normal,10,11/10/2023,Pass
2025-01-28,17:31:04,"""CNR6842007""",Cancelled by Driver,"""CID5905633""",SUV,Serusop,Sengkurong,8.2,12.1,,,,4.24,3.9,4.7,Cash,18.64,Brunei-Muara,Brunei-Muara,Aiman Hakim,4.62,12.88,March,2024,Monday,1.0,11.8,OFF-200020,3/11/2024 17:30,accepted,3/11/2024 17:30,SESS-93521,3/11/2024 12:31,3/11/2024 19:31,3/11/2024 17:31,2025-01-28 20:04:00,2025-01-28 20:09:00,2025-01-28 20:19:00,2025-01-28 21:04:00,3/11/2024 17:35,4.85469,114.90842,4.87973,114.89058,3.5,3.92,0.97,6.89,FQ-8752,INV-828783,BND,VEH-146,Yes,Belait,10,Normal,8,9/9/2023,Pass
2025-01-08,18:40:17,"""CNR4802995""",Cancelled by Driver,"""CID9514652""",SUV,Serusop,Lumut,12.5,36.3,,,,27.94,4.1,4.6,Online Banking,33.86,Belait,Tutong,Faisal Hakimi,6.89,26.71,May,2024,Thursday,0.0,4.8,OFF-200102,5/16/2024 18:39,rejected,5/16/2024 18:39,SESS-85181,5/16/2024 14:40,5/16/2024 20:40,5/16/2024 18:40,2025-01-08 17:55:00,2025-01-08 17:56:00,2025-01-08 18:05:00,2025-01-08 18:15:00,,4.54355,114.15799,4.71193,114.62513,3.5,19.53,2.9,26.93,FQ-7602,INV-485042,BND,VEH-126,Yes,Belait,7,Normal,9,1/19/2024,Pass
2025-01-22,20:35:44,"""CNR4134932""",Completed,"""CID6712001""",Sedan,Muara,Muara,14.8,17.1,,,,1.21,3.5,3.6,Online Banking,21.83,Belait,Brunei-Muara,Syafiqah Yusof,2.38,16.96,July,2024,Friday,1.0,9.4,OFF-200121,7/19/2024 20:35,accepted,7/19/2024 20:35,SESS-20137,7/19/2024 16:35,7/19/2024 22:35,7/19/2024 20:35,2025-01-22 20:09:00,2025-01-22 20:13:00,2025-01-22 20:23:00,2025-01-22 20:56:00,,4.65002,114.36316,4.85119,114.97616,3.5,21.95,1.37,27.82,FQ-6666,INV-235039,BND,VEH-214,Yes,Brunei-Muara,5,Normal,1,6/4/2023,Pass
2025-01-11,18:04:38,"""CNR7294023""",Cancelled,"""CID4171544""",Compact,Bangar,Serusop,10.8,42.3,,1.0,Customer Demand,3.81,4.6,4.2,Card,9.09,Tutong,Brunei-Muara,Ibrahim Daud,1.49,6.43,February,2024,Saturday,1.0,7.9,OFF-200074,2/24/2024 18:03,rejected,2/24/2024 18:03,SESS-97398,2/24/2024 14:04,2/24/2024 21:04,2/24/2024 18:04,2025-01-11 02:22:00,2025-01-11 02:26:00,2025-01-11 02:32:00,2025-01-11 02:52:00,,4.80558,114.7372,4.90277,114.88197,3.5,4.92,3.38,11.8,FQ-7097,INV-940986,BND,VEH-819,Yes,Belait,8,Normal,3,10/12/2023,Pass
2025-01-22,13:52:15,"""CNR9646752""",Cancelled by Driver,"""CID5912235""",SUV,Jerudong,Muara,13.9,16.0,,,,6.32,4.7,3.6,Card,7.49,Brunei-Muara,Brunei-Muara,Aiman Hakim,1.73,5.36,June,2024,Monday,0.0,5.5,OFF-200087,6/3/2024 13:51,rejected,6/3/2024 13:51,SESS-93521,6/3/2024 9:52,6/3/2024 16:52,6/3/2024 13:52,2025-01-22 20:35:00,2025-01-22 20:39:00,2025-01-22 20:41:00,2025-01-22 20:52:00,,4.89278,114.88986,4.86314,114.86441,3.5,17.78,1.28,30.2,FQ-7116,INV-166889,BND,VEH-146,Yes,Tutong,9,High Demand Zone,3,12/4/2023,Pass
2025-01-28,17:37:07,"""CNR6403761""",Cancelled,"""CID4335550""",Compact,Muara,Lambak,4.6,32.9,1.0,,,27.17,4.9,4.1,Dart Wallet,30.67,Belait,Belait,Haji Ramli,3.08,19.66,May,2024,Thursday,0.0,9.3,OFF-200116,5/9/2024 17:36,accepted,5/9/2024 17:36,SESS-68895,5/9/2024 13:37,5/9/2024 18:37,5/9/2024 17:37,2025-01-28 16:55:00,2025-01-28 16:56:00,2025-01-28 17:06:00,2025-01-28 17:14:00,5/9/2024 17:43,4.56322,114.35532,4.52656,114.19165,3.5,3.92,2.63,12.05,FQ-5044,INV-648494,BND,VEH-355,Yes,Brunei-Muara,6,Normal,11,5/25/2023,Pass
2025-01-26,16:58:40,"""CNR3034053""",Cancelled by Driver,"""CID7011064""",SUV,Berakas,Kuala Belait,5.4,17.4,,,,2.66,3.7,4.8,Cash,26.94,Brunei-Muara,Brunei-Muara,Ahmad Zaki,4.73,20.1,May,2024,Tuesday,1.0,12.0,OFF-200099,5/21/2024 16:58,accepted,5/21/2024 16:58,SESS-75925,5/21/2024 12:58,5/21/2024 18:58,5/21/2024 16:58,2025-01-26 14:04:00,2025-01-26 14:08:00,2025-01-26 14:18:00,2025-01-26 14:50:00,,4.95755,114.97649,4.93414,114.8688,3.5,2.52,1.39,12.41,FQ-7603,INV-358639,BND,VEH-696,Yes,Belait,13,Normal,14,2/4/2024,Pass
2025-01-31,16:02:47,"""CNR7028693""",Cancelled by Driver,"""CID5551104""",Sedan,Muara,Rimba,12.2,22.2,,,,13.16,3.8,4.9,Card,22.82,Brunei-Muara,Brunei-Muara,Ridhwan Bakar,4.07,17.02,September,2024,Monday,1.0,7.0,OFF-200103,9/9/2024 16:01,accepted,9/9/2024 16:01,SESS-20959,9/9/2024 13:02,9/9/2024 17:02,9/9/2024 16:02,2025-01-31 15:57:00,2025-01-31 16:02:00,2025-01-31 16:05:00,2025-01-31 16:21:00,,4.8998,114.92244,4.96698,114.9224,3.5,5.6,1.78,13.82,FQ-7728,INV-412885,BND,VEH-504,Yes,Brunei-Muara,8,High Demand Zone,10,7/23/2023,Pass
2025-01-23,10:05:53,"""CNR8467869""",Cancelled,"""CID3130096""",Sedan,Jangsak,Mentiri,3.2,14.4,,,,7.18,4.8,4.8,Cash,5.34,Belait,Belait,,1.28,3.56,June,2024,Thursday,,6.2,OFF-200151,6/20/2024 10:05,accepted,6/20/2024 10:05,SESS-16338,6/20/2024 8:05,6/20/2024 12:05,6/20/2024 10:05,2025-01-23 10:05:00,2025-01-23 10:07:00,2025-01-23 10:15:00,2025-01-23 10:36:00,,4.58805,114.24636,4.67083,114.25141,3.5,3.92,1.15,13.57,FQ-8742,INV-105149,BND,VEH-510,Yes,Tutong,5,Normal,8,7/25/2023,Pass
2025-01-12,9:41:19,"""CNR4332965""",Completed,"""CID2809404""",Sedan,Bangar,Kuala Belait,8.3,11.7,,,,22.53,4.0,3.8,Card,31.47,Belait,Brunei-Muara,Roslan Ahmad,4.48,20.1,February,2024,Sunday,1.0,8.9,OFF-200130,2/25/2024 9:40,accepted,2/25/2024 9:40,SESS-14930,2/25/2024 5:41,2/25/2024 12:41,2/25/2024 9:41,2025-01-12 08:57:00,2025-01-12 09:00:00,2025-01-12 09:10:00,2025-01-12 09:43:00,2/25/2024 9:47,4.5047,114.21765,4.93141,114.97093,3.5,3.92,0.94,7.95,FQ-7271,INV-680275,BND,VEH-675,Yes,Brunei-Muara,5,High Demand Zone,10,3/6/2023,Pass
2025-01-22,6:17:11,"""CNR2817835""",Completed,"""CID3004362""",Compact,Kiulap,Bandar Seri Begawan,14.8,26.1,,,,4.79,4.6,4.2,Online Banking,13.67,Belait,Tutong,Mohd Hafiz,1.7,11.55,September,2024,Sunday,1.0,9.8,OFF-200149,9/8/2024 6:16,accepted,9/8/2024 6:16,SESS-37455,9/8/2024 2:17,9/8/2024 8:17,9/8/2024 6:17,2025-01-22 20:40:00,2025-01-22 20:44:00,2025-01-22 20:54:00,2025-01-22 21:15:00,,4.61877,114.19491,4.69642,114.67254,3.5,5.43,2.09,10.02,FQ-8071,INV-674994,BND,VEH-678,Yes,Tutong,4,Normal,2,11/10/2023,Pass
2025-01-18,8:02:31,"""CNR9210055""",Completed,"""CID2341391""",SUV,Sengkurong,Bangar,9.5,34.1,1.0,,,27.07,3.8,4.8,Dart Wallet,12.86,Brunei-Muara,Brunei-Muara,Fadhil Junaidi,2.95,10.28,March,2024,Friday,0.0,7.6,OFF-200052,3/8/2024 8:02,accepted,3/8/2024 8:02,SESS-29233,3/8/2024 4:02,3/8/2024 9:02,3/8/2024 8:02,2025-01-17 23:58:00,2025-01-18 00:03:00,2025-01-18 00:07:00,2025-01-18 00:16:00,3/8/2024 8:04,4.89535,114.86483,4.86959,114.89999,3.5,3.92,2.73,10.15,FQ-6058,INV-126854,BND,VEH-642,Yes,Brunei-Muara,13,Normal,8,8/20/2023,Pass
2025-01-08,6:15:38,"""CNR5259986""",Completed,"""CID9828317""",SUV,Muara,Lambak,3.4,23.1,,,,10.63,4.7,4.8,Dart Wallet,26.57,Brunei-Muara,Brunei-Muara,Syafiqah Yusof,5.85,22.12,October,2024,Thursday,1.0,5.5,OFF-200001,10/3/2024 6:14,accepted,10/3/2024 6:14,SESS-20137,10/3/2024 3:15,10/3/2024 7:15,10/3/2024 6:15,2025-01-08 20:52:00,2025-01-08 20:56:00,2025-01-08 21:06:00,2025-01-08 21:33:00,,4.97911,114.89109,4.96292,114.96792,3.5,21.23,1.85,26.58,FQ-6035,INV-931251,BND,VEH-214,Yes,Belait,12,Normal,12,9/21/2023,Pass
2025-01-09,13:52:15,"""CNR9646752""",Completed,"""CID5912235""",Compact,Muara,Berakas,13.9,16.0,,,,20.14,4.7,3.6,Online Banking,10.13,Brunei-Muara,Brunei-Muara,Aiman Hakim,1.44,7.09,June,2024,Monday,0.0,5.5,OFF-200087,6/3/2024 13:51,accepted,6/3/2024 13:51,SESS-93521,6/3/2024 9:52,6/3/2024 16:52,6/3/2024 13:52,2025-01-09 05:41:00,2025-01-09 05:42:00,2025-01-09 05:50:00,2025-01-09 06:01:00,,4.89278,114.88986,4.86314,114.86441,3.5,17.78,1.28,30.2,FQ-7116,INV-166889,BND,VEH-146,Yes,Temburong,9,High Demand Zone,3,12/4/2023,Pass
2025-01-12,10:28:25,"""CNR3519392""",Completed,"""CID4330172""",SUV,Jerudong,Tutong Town,2.4,43.6,,,,11.02,3.7,5.0,Online Banking,22.09,Brunei-Muara,Belait,Farhana Yusof,3.65,17.6,March,2024,Sunday,1.0,10.4,OFF-200157,3/24/2024 10:28,accepted,3/24/2024 10:28,SESS-31967,3/24/2024 8:28,3/24/2024 12:28,3/24/2024 10:28,2025-01-12 20:19:00,2025-01-12 20:22:00,2025-01-12 20:32:00,2025-01-12 21:02:00,,4.85539,114.92572,4.62118,114.16166,3.5,1.65,3.49,11.8,FQ-8281,INV-481805,BND,VEH-674,Yes,Brunei-Muara,11,High Demand Zone,3,1/28/2023,Pass
2025-01-29,21:26:16,"""CNR9924856""",Cancelled,"""CID5443075""",SUV,Tutong Beach,Bangar,9.0,23.4,,,,27.7,4.9,3.7,Online Banking,33.36,Belait,Belait,Mohd Hafiz,6.66,25.21,January,2024,Monday,0.0,4.3,OFF-200037,1/15/2024 21:25,accepted,1/15/2024 21:25,SESS-37455,1/15/2024 17:26,1/15/2024 23:26,1/15/2024 21:26,2025-01-29 18:06:00,2025-01-29 18:10:00,2025-01-29 18:12:00,2025-01-29 18:33:00,,4.5176,114.18781,4.60447,114.17037,3.5,2.81,1.87,6.68,FQ-6944,INV-424842,BND,VEH-678,Yes,Brunei-Muara,13,Normal,4,11/27/2023,Pass
2025-01-17,13:43:11,"""CNR9249380""",Cancelled,"""CID5685213""",SUV,Bangar,Serusop,7.0,31.9,,,,9.73,4.1,3.9,Dart Wallet,22.7,Belait,Brunei-Muara,Nurul Izzah,2.27,16.73,September,2024,Thursday,1.0,11.1,OFF-200129,9/12/2024 13:42,accepted,9/12/2024 13:42,SESS-35224,9/12/2024 11:43,9/12/2024 16:43,9/12/2024 13:43,2025-01-17 09:31:00,2025-01-17 09:35:00,2025-01-17 09:42:00,2025-01-17 10:13:00,,4.60794,114.25377,4.90001,114.92623,3.5,13.05,2.55,29.65,FQ-5272,INV-376808,BND,VEH-204,Yes,Tutong,13,High Demand Zone,1,7/10/2023,Pass
2025-01-19,20:22:11,"""CNR7665294""",Completed,"""CID5596375""",Compact,Berakas,Tutong Beach,3.1,22.3,,,,19.36,4.5,4.6,Card,19.49,Brunei-Muara,Belait,Fadhil Junaidi,4.34,13.33,November,2024,Friday,1.0,7.6,OFF-200191,11/29/2024 20:21,accepted,11/29/2024 20:21,SESS-29233,11/29/2024 15:22,11/29/2024 22:22,11/29/2024 20:22,2025-01-19 19:28:00,2025-01-19 19:32:00,2025-01-19 19:41:00,2025-01-19 20:06:00,11/29/2024 20:24,4.86634,114.86194,4.61182,114.16108,3.5,3.92,1.78,10.2,FQ-8230,INV-513393,BND,VEH-642,Yes,Temburong,13,Normal,6,9/21/2023,Pass
2025-01-08,14:53:05,"""CNR9806462""",Cancelled,"""CID3361602""",Compact,Bandar Seri Begawan,Jangsak,14.3,42.5,,,,5.28,4.8,4.8,Card,15.79,Brunei-Muara,Belait,Dayangku Siti,3.69,12.19,April,2024,Saturday,0.0,7.0,OFF-200187,4/6/2024 14:52,rejected,4/6/2024 14:52,SESS-38322,4/6/2024 12:53,4/6/2024 17:53,4/6/2024 14:53,2025-01-08 06:05:00,2025-01-08 06:07:00,2025-01-08 06:09:00,2025-01-08 06:15:00,4/6/2024 15:00,4.90633,114.94813,4.66645,114.22783,3.5,3.92,3.4,16.02,FQ-8440,INV-511256,BND,VEH-618,Yes,Temburong,4,High Demand Zone,6,9/25/2023,Pass
2025-01-25,17:31:04,"""CNR6842007""",Completed,"""CID5905633""",Sedan,Bangar,Muara,8.2,12.1,,,,29.65,4.4,4.8,Dart Wallet,24.36,Brunei-Muara,Brunei-Muara,Aiman Hakim,5.91,18.24,March,2024,Monday,1.0,11.8,OFF-200020,3/11/2024 17:30,rejected,3/11/2024 17:30,SESS-93521,3/11/2024 12:31,3/11/2024 19:31,3/11/2024 17:31,2025-01-25 13:00:00,2025-01-25 13:04:00,2025-01-25 13:14:00,2025-01-25 13:30:00,3/11/2024 17:35,4.85469,114.90842,4.87973,114.89058,3.5,3.92,0.97,6.89,FQ-8752,INV-828783,BND,VEH-146,Yes,Brunei-Muara,10,Normal,8,9/9/2023,Pass
2025-01-24,20:28:37,"""CNR5239998""",Cancelled by Driver,"""CID1535942""",SUV,Jangsak,Tutong Town,8.7,30.6,,,,8.96,4.0,3.9,Online Banking,23.06,Belait,Brunei-Muara,Ahmad Zaki,3.29,14.28,April,2024,Wednesday,1.0,7.2,OFF-200160,4/24/2024 20:27,rejected,4/24/2024 20:27,SESS-75925,4/24/2024 15:28,4/24/2024 21:28,4/24/2024 20:28,2025-01-24 16:16:00,2025-01-24 16:18:00,2025-01-24 16:27:00,2025-01-24 17:07:00,,4.51696,114.13943,4.8616,114.86799,3.5,16.78,2.45,23.73,FQ-6399,INV-765728,BND,VEH-696,Yes,Temburong,8,Normal,13,7/17/2023,Pass
2025-01-18,18:22:17,"""CNR2591553""",Completed,"""CID8719421""",Compact,Berakas,Bandar Seri Begawan,11.2,10.6,,,,7.0,4.5,4.4,Dart Wallet,16.3,Brunei-Muara,Brunei-Muara,Mohd Hafiz,3.84,11.49,June,2024,Saturday,0.0,4.7,OFF-200057,6/1/2024 18:21,rejected,6/1/2024 18:21,SESS-37455,6/1/2024 13:22,6/1/2024 20:22,6/1/2024 18:22,2025-01-18 01:59:00,2025-01-18 02:03:00,2025-01-18 02:08:00,2025-01-18 02:22:00,,4.91962,114.9778,4.86975,114.96503,3.5,13.64,0.85,25.49,FQ-7803,INV-510877,BND,VEH-678,Yes,Belait,10,High Demand Zone,8,7/5/2023,Pass
2025-01-28,22:44:07,"""CNR5104274""",Completed,"""CID8512777""",SUV,Rimba,Mata-Mata,2.3,12.2,,,,1.84,3.7,4.1,Dart Wallet,16.95,Brunei-Muara,Brunei-Muara,Awangku Mohd,3.42,11.59,November,2024,Tuesday,0.0,5.6,OFF-200021,11/12/2024 22:43,accepted,11/12/2024 22:43,SESS-35925,11/12/2024 17:44,11/13/2024 0:44,11/12/2024 22:44,2025-01-28 18:19:00,2025-01-28 18:22:00,2025-01-28 18:24:00,2025-01-28 18:59:00,,4.87373,114.97463,4.94652,114.8756,3.5,17.0,0.98,34.22,FQ-6795,INV-107350,BND,VEH-727,Yes,Tutong,5,High Demand Zone,8,5/30/2023,Pass
2025-01-15,18:49:30,"""CNR6338955""",Completed,"""CID6611339""",SUV,Bandar Seri Begawan,Mata-Mata,4.4,20.5,,,,10.49,3.9,4.8,Dart Wallet,11.33,Brunei-Muara,Brunei-Muara,Noraini Kassim,1.71,8.09,July,2024,Sunday,1.0,8.4,OFF-200088,7/28/2024 18:48,accepted,7/28/2024 18:48,SESS-88755,7/28/2024 16:49,7/28/2024 21:49,7/28/2024 18:49,2025-01-15 04:33:00,2025-01-15 04:37:00,2025-01-15 04:39:00,2025-01-15 05:18:00,,4.90686,114.91577,4.93584,114.94313,3.5,16.12,1.64,36.89,FQ-5557,INV-822221,BND,VEH-967,Yes,Brunei-Muara,8,High Demand Zone,12,8/3/2023,Pass
2025-01-31,11:03:06,"""CNR1752210""",Completed,"""CID3897629""",Sedan,Sengkurong,Muara,4.4,30.3,,,,1.59,4.3,4.5,Cash,9.38,Brunei-Muara,Belait,,1.12,5.99,February,2024,Thursday,,5.3,OFF-200048,2/8/2024 11:02,accepted,2/8/2024 11:02,SESS-16338,2/8/2024 8:03,2/8/2024 13:03,2/8/2024 11:03,2025-01-31 13:06:00,2025-01-31 13:07:00,2025-01-31 13:16:00,2025-01-31 13:26:00,,4.85678,114.96516,4.68926,114.35637,3.5,3.92,2.42,9.84,FQ-5275,INV-419149,BND,VEH-510,Yes,Brunei-Muara,11,Normal,12,5/28/2023,Pass
2025-01-07,12:36:25,"""CNR1592055""",Completed,"""CID7228523""",Sedan,Lambak,Kuala Belait,13.6,27.4,1.0,,,21.74,3.7,4.4,Cash,15.69,Tutong,Tutong,Farhana Yusof,3.19,9.71,March,2024,Saturday,0.0,6.9,OFF-200058,3/30/2024 12:35,rejected,3/30/2024 12:35,SESS-31967,3/30/2024 9:36,3/30/2024 13:36,3/30/2024 12:36,2025-01-07 14:35:00,2025-01-07 14:37:00,2025-01-07 14:44:00,2025-01-07 15:05:00,3/30/2024 12:43,4.66384,114.69476,4.65,114.74439,3.5,3.92,2.19,16.42,FQ-6317,INV-142125,BND,VEH-674,Yes,Brunei-Muara,8,High Demand Zone,1,5/9/2023,Pass
2025-01-25,17:14:49,"""CNR1552056""",Completed,"""CID6419575""",Compact,Sengkurong,Bangar,5.3,43.3,1.0,,,13.18,4.8,4.0,Online Banking,3.4,Belait,Brunei-Muara,Ahmad Zaki,0.56,2.46,January,2024,Monday,0.0,11.1,OFF-200169,1/29/2024 17:14,accepted,1/29/2024 17:14,SESS-75925,1/29/2024 13:14,1/29/2024 19:14,1/29/2024 17:14,2025-01-25 09:46:00,2025-01-25 09:51:00,2025-01-25 09:54:00,2025-01-25 10:37:00,1/29/2024 17:16,4.51246,114.39622,4.87596,114.88295,3.5,3.92,3.46,14.6,FQ-8820,INV-663993,BND,VEH-696,Yes,Brunei-Muara,11,High Demand Zone,6,7/20/2023,Pass
2025-01-15,14:53:05,"""CNR9806462""",Cancelled by Driver,"""CID3361602""",Compact,Bangar,Lumut,14.3,42.5,,,,8.12,4.6,4.2,Dart Wallet,13.31,Brunei-Muara,Belait,Dayangku Siti,1.89,11.1,April,2024,Saturday,0.0,7.0,OFF-200187,4/6/2024 14:52,accepted,4/6/2024 14:52,SESS-38322,4/6/2024 12:53,4/6/2024 17:53,4/6/2024 14:53,2025-01-15 22:00:00,2025-01-15 22:05:00,2025-01-15 22:09:00,2025-01-15 22:41:00,4/6/2024 15:00,4.90633,114.94813,4.66645,114.22783,3.5,3.92,3.4,16.02,FQ-8440,INV-511256,BND,VEH-618,Yes,Tutong,4,High Demand Zone,6,9/25/2023,Pass
2025-01-19,15:02:29,"""CNR6886384""",Completed,"""CID6455263""",Compact,Mentiri,Lambak,13.0,10.2,,,,26.53,4.9,3.5,Card,13.89,Belait,Brunei-Muara,Zulhelmi Ishak,1.96,10.77,November,2024,Tuesday,0.0,5.5,OFF-200014,11/19/2024 15:02,accepted,11/19/2024 15:02,SESS-38008,11/19/2024 10:02,11/19/2024 17:02,11/19/2024 15:02,2025-01-19 19:34:00,2025-01-19 19:35:00,2025-01-19 19:42:00,2025-01-19 20:11:00,,4.57292,114.14499,4.85556,114.96281,3.5,7.24,0.82,19.45,FQ-8698,INV-370782,BND,VEH-353,Yes,Temburong,4,High Demand Zone,6,1/8/2023,Pass
2025-01-03,2:54:41,"""CNR4689937""",Completed,"""CID3896706""",Compact,Lumut,Lumut,4.1,44.0,,,,21.06,4.3,4.2,Cash,10.09,Brunei-Muara,Belait,Abdul Rahman,1.89,6.83,August,2024,Wednesday,1.0,7.0,OFF-200189,8/28/2024 2:54,accepted,8/28/2024 2:54,SESS-85776,8/27/2024 21:54,8/28/2024 4:54,8/28/2024 2:54,2025-01-03 07:32:00,2025-01-03 07:37:00,2025-01-03 07:46:00,2025-01-03 08:17:00,8/28/2024 2:58,4.91149,114.92542,4.69683,114.35312,3.5,3.92,3.52,14.68,FQ-6394,INV-575507,BND,VEH-428,Yes,Belait,10,High Demand Zone,13,4/3/2023,Pass
2025-01-14,2:54:41,"""CNR4689937""",Completed,"""CID3896706""",SUV,Kuala Belait,Tutong Town,4.1,44.0,,,,16.54,4.2,3.8,Cash,6.83,Brunei-Muara,Belait,Abdul Rahman,0.87,5.4,August,2024,Wednesday,1.0,7.0,OFF-200189,8/28/2024 2:54,accepted,8/28/2024 2:54,SESS-85776,8/27/2024 21:54,8/28/2024 4:54,8/28/2024 2:54,2025-01-14 23:24:00,2025-01-14 23:28:00,2025-01-14 23:35:00,2025-01-15 00:01:00,8/28/2024 2:58,4.91149,114.92542,4.69683,114.35312,3.5,3.92,3.52,14.68,FQ-6394,INV-575507,BND,VEH-428,Yes,Tutong,10,High Demand Zone,13,4/3/2023,Pass
2025-01-24,2:51:22,"""CNR6778932""",Completed,"""CID8872225""",Premium,Kuala Belait,Muara,14.5,21.9,,,,4.67,4.9,3.9,Card,25.66,Tutong,Tutong,Nurul Izzah,2.78,15.69,January,2024,Wednesday,1.0,8.4,OFF-200174,1/3/2024 2:50,accepted,1/3/2024 2:50,SESS-35224,1/3/2024 0:51,1/3/2024 3:51,1/3/2024 2:51,2025-01-24 18:41:00,2025-01-24 18:42:00,2025-01-24 18:48:00,2025-01-24 19:26:00,,4.71025,114.76064,4.66094,114.78991,3.5,11.45,1.75,14.2,FQ-7333,INV-418725,BND,VEH-204,Yes,Belait,8,Normal,1,3/2/2023,Pass
2025-01-21,2:54:41,"""CNR4689937""",Completed,"""CID3896706""",SUV,Jangsak,Mentiri,4.1,44.0,,,,2.89,3.7,4.5,Cash,6.65,Brunei-Muara,Belait,Abdul Rahman,1.24,4.81,August,2024,Wednesday,1.0,7.0,OFF-200189,8/28/2024 2:54,rejected,8/28/2024 2:54,SESS-85776,8/27/2024 21:54,8/28/2024 4:54,8/28/2024 2:54,2025-01-21 14:56:00,2025-01-21 15:00:00,2025-01-21 15:06:00,2025-01-21 15:11:00,8/28/2024 2:58,4.91149,114.92542,4.69683,114.35312,3.5,3.92,3.52,14.68,FQ-6394,INV-575507,BND,VEH-428,Yes,Temburong,10,High Demand Zone,13,4/3/2023,Pass
2025-01-26,21:04:47,"""CNR5230005""",Cancelled,"""CID3694020""",Compact,Muara,Tutong Beach,11.3,38.2,,,,29.71,4.6,4.4,Dart Wallet,30.53,Brunei-Muara,Belait,Aiman Hakim,5.9,20.65,September,2024,Tuesday,1.0,4.1,OFF-200050,9/24/2024 21:04,accepted,9/24/2024 21:04,SESS-93521,9/24/2024 16:04,9/25/2024 0:04,9/24/2024 21:04,2025-01-26 18:13:00,2025-01-26 18:14:00,2025-01-26 18:19:00,2025-01-26 18:29:00,9/24/2024 21:11,4.95622,114.9567,4.59644,114.25753,3.5,3.92,3.06,12.98,FQ-9164,INV-660763,BND,VEH-146,Yes,Temburong,14,Normal,12,9/10/2023,Pass
2025-01-31,10:49:18,"""CNR3535477""",Completed,"""CID7165580""",Sedan,Muara,Lambak,14.2,34.8,,,,18.22,4.6,4.6,Card,17.42,Brunei-Muara,Belait,Awangku Mohd,2.35,11.72,October,2024,Friday,1.0,6.1,OFF-200107,10/25/2024 10:48,rejected,10/25/2024 10:48,SESS-35925,10/25/2024 6:49,10/25/2024 11:49,10/25/2024 10:49,2025-01-31 06:33:00,2025-01-31 06:34:00,2025-01-31 06:40:00,2025-01-31 06:58:00,10/25/2024 10:55,4.9016,114.93996,4.65616,114.3252,3.5,3.92,2.78,15.2,FQ-6907,INV-558468,BND,VEH-727,Yes,Belait,4,Normal,11,2/22/2023,Pass
2025-01-15,11:31:06,"""CNR6103529""",Completed,"""CID5523739""",SUV,Mata-Mata,Jerudong,13.3,43.0,,1.0,Other Issue,5.81,3.9,4.4,Card,5.29,Tutong,Brunei-Muara,Haji Ramli,1.12,3.58,May,2024,Friday,1.0,10.0,OFF-200054,5/17/2024 11:30,accepted,5/17/2024 11:30,SESS-68895,5/17/2024 7:31,5/17/2024 13:31,5/17/2024 11:31,2025-01-15 02:32:00,2025-01-15 02:37:00,2025-01-15 02:43:00,2025-01-15 03:02:00,,4.75317,114.63822,4.85107,114.9304,3.5,2.7,3.44,12.05,FQ-5830,INV-335610,BND,VEH-355,Yes,Belait,4,High Demand Zone,8,1/28/2023,Pass
2025-01-04,12:59:18,"""CNR4413354""",Completed,"""CID9033252""",Sedan,Jangsak,Bandar Seri Begawan,6.0,21.8,,,,7.64,3.5,4.4,Dart Wallet,3.83,Brunei-Muara,Belait,Nabilah Hassan,0.88,2.94,September,2024,Friday,0.0,4.3,OFF-200063,9/27/2024 12:58,accepted,9/27/2024 12:58,SESS-68128,9/27/2024 8:59,9/27/2024 14:59,9/27/2024 12:59,2025-01-04 14:33:00,2025-01-04 14:36:00,2025-01-04 14:44:00,2025-01-04 15:08:00,,4.92793,114.93082,4.69372,114.3898,3.5,16.45,1.74,21.19,FQ-7132,INV-155972,BND,VEH-713,Yes,Temburong,7,Normal,7,2/1/2024,Pass
2025-01-25,9:41:19,"""CNR4332965""",Cancelled by Driver,"""CID2809404""",Premium,Tutong Beach,Jangsak,8.3,11.7,,,,15.26,4.5,4.0,Card,23.31,Belait,Brunei-Muara,Roslan Ahmad,3.55,14.52,February,2024,Sunday,1.0,8.9,OFF-200130,2/25/2024 9:40,rejected,2/25/2024 9:40,SESS-14930,2/25/2024 5:41,2/25/2024 12:41,2/25/2024 9:41,2025-01-25 21:48:00,2025-01-25 21:50:00,2025-01-25 21:52:00,2025-01-25 22:14:00,2/25/2024 9:47,4.5047,114.21765,4.93141,114.97093,3.5,3.92,0.94,7.95,FQ-7271,INV-680275,BND,VEH-675,Yes,Temburong,5,High Demand Zone,10,3/6/2023,Pass
2025-01-28,21:04:47,"""CNR5230005""",Completed,"""CID3694020""",Compact,Bangar,Kiulap,11.3,38.2,,,,29.14,4.5,5.0,Cash,13.34,Brunei-Muara,Belait,Aiman Hakim,2.36,9.35,September,2024,Tuesday,1.0,4.1,OFF-200050,9/24/2024 21:04,accepted,9/24/2024 21:04,SESS-93521,9/24/2024 16:04,9/25/2024 0:04,9/24/2024 21:04,2025-01-28 05:09:00,2025-01-28 05:12:00,2025-01-28 05:21:00,2025-01-28 05:52:00,9/24/2024 21:11,4.95622,114.9567,4.59644,114.25753,3.5,3.92,3.06,12.98,FQ-9164,INV-660763,BND,VEH-146,Yes,Temburong,14,Normal,12,9/10/2023,Pass
2025-01-18,22:11:25,"""CNR1993047""",Completed,"""CID2155317""",Sedan,Lumut,Jangsak,14.8,42.7,,,,13.71,4.4,5.0,Card,32.69,Brunei-Muara,Brunei-Muara,Syafiqah Yusof,3.86,25.32,June,2024,Sunday,1.0,10.0,OFF-200134,6/30/2024 22:11,accepted,6/30/2024 22:11,SESS-20137,6/30/2024 17:11,7/1/2024 1:11,6/30/2024 22:11,2025-01-18 14:16:00,2025-01-18 14:21:00,2025-01-18 14:26:00,2025-01-18 14:34:00,,4.91504,114.94118,4.96987,114.87202,3.5,3.22,3.42,15.18,FQ-5376,INV-178320,BND,VEH-214,Yes,Tutong,9,High Demand Zone,8,3/25/2023,Pass
2025-01-08,17:31:04,"""CNR6842007""",Completed,"""CID5905633""",Sedan,Bandar Seri Begawan,Muara,8.2,12.1,,,,21.78,5.0,4.8,Dart Wallet,18.95,Brunei-Muara,Brunei-Muara,Aiman Hakim,2.67,13.78,March,2024,Monday,1.0,11.8,OFF-200020,3/11/2024 17:30,accepted,3/11/2024 17:30,SESS-93521,3/11/2024 12:31,3/11/2024 19:31,3/11/2024 17:31,2025-01-08 21:59:00,2025-01-08 22:00:00,2025-01-08 22:10:00,2025-01-08 22:34:00,3/11/2024 17:35,4.85469,114.90842,4.87973,114.89058,3.5,3.92,0.97,6.89,FQ-8752,INV-828783,BND,VEH-146,Yes,Temburong,10,Normal,8,9/9/2023,Pass
2025-01-08,14:39:10,"""CNR6124395""",Cancelled by Driver,"""CID6298841""",Compact,Bandar Seri Begawan,Tutong Town,3.0,16.6,,,,9.2,4.2,5.0,Online Banking,29.26,Brunei-Muara,Brunei-Muara,Ridhwan Bakar,5.5,19.74,October,2024,Wednesday,1.0,9.7,OFF-200072,10/30/2024 14:38,accepted,10/30/2024 14:38,SESS-20959,10/30/2024 9:39,10/30/2024 17:39,10/30/2024 14:39,2025-01-08 14:25:00,2025-01-08 14:27:00,2025-01-08 14:35:00,2025-01-08 14:49:00,,4.91928,114.85849,4.95747,114.93246,3.5,7.06,1.33,12.36,FQ-9605,INV-486889,BND,VEH-504,Yes,Belait,9,High Demand Zone,3,3/18/2023,Pass
2025-01-05,16:17:41,"""CNR3870348""",Cancelled by Driver,"""CID6667215""",SUV,Jangsak,Mentiri,11.4,15.9,,,,23.49,4.7,4.6,Card,10.47,Brunei-Muara,Brunei-Muara,Aiman Hakim,2.22,6.4,November,2024,Monday,1.0,9.8,OFF-200166,11/25/2024 16:17,rejected,11/25/2024 16:17,SESS-93521,11/25/2024 12:17,11/25/2024 18:17,11/25/2024 16:17,2025-01-05 14:24:00,2025-01-05 14:27:00,2025-01-05 14:34:00,2025-01-05 15:09:00,,4.90184,114.86996,4.89424,114.9317,3.5,12.45,1.27,30.83,FQ-5436,INV-142363,BND,VEH-146,Yes,Temburong,5,High Demand Zone,2,5/23/2023,Pass
2025-01-13,17:08:52,"""CNR5848927""",Completed,"""CID2730208""",Sedan,Tutong Beach,Mentiri,14.8,10.8,1.0,,,5.18,4.7,3.6,Dart Wallet,3.49,Brunei-Muara,Belait,Nurul Izzah,0.86,2.85,July,2024,Sunday,0.0,8.4,OFF-200017,7/28/2024 17:08,rejected,7/28/2024 17:08,SESS-35224,7/28/2024 15:08,7/28/2024 20:08,7/28/2024 17:08,2025-01-13 21:40:00,2025-01-13 21:41:00,2025-01-13 21:50:00,2025-01-13 22:04:00,7/28/2024 17:14,4.92573,114.91474,4.63119,114.21445,3.5,3.92,0.86,5.78,FQ-8663,INV-788987,BND,VEH-204,Yes,Belait,13,Normal,8,4/18/2023,Pass
2025-01-09,7:00:48,"""CNR4534216""",Completed,"""CID4657162""",Sedan,Mentiri,Lumut,8.8,26.9,,1.0,Customer Demand,22.66,4.8,4.5,Cash,34.92,Brunei-Muara,Brunei-Muara,Farhana Yusof,4.01,24.74,September,2024,Monday,1.0,5.2,OFF-200131,9/30/2024 7:00,accepted,9/30/2024 7:00,SESS-31967,9/30/2024 5:00,9/30/2024 8:00,9/30/2024 7:00,2025-01-09 10:33:00,2025-01-09 10:36:00,2025-01-09 10:39:00,2025-01-09 11:09:00,,4.95842,114.96845,4.97889,114.8587,3.5,1.35,2.15,8.75,FQ-5227,INV-291739,BND,VEH-674,Yes,Temburong,8,High Demand Zone,12,2/4/2023,Pass
2025-01-15,18:49:30,"""CNR6338955""",Cancelled,"""CID6611339""",Premium,Kiulap,Kuala Belait,4.4,20.5,,,,12.95,4.4,3.8,Online Banking,10.81,Brunei-Muara,Brunei-Muara,Noraini Kassim,1.37,8.33,July,2024,Sunday,1.0,8.4,OFF-200088,7/28/2024 18:48,accepted,7/28/2024 18:48,SESS-88755,7/28/2024 16:49,7/28/2024 21:49,7/28/2024 18:49,2025-01-15 05:41:00,2025-01-15 05:42:00,2025-01-15 05:44:00,2025-01-15 06:08:00,,4.90686,114.91577,4.93584,114.94313,3.5,16.12,1.64,36.89,FQ-5557,INV-822221,BND,VEH-967,Yes,Tutong,8,High Demand Zone,12,8/3/2023,Pass
2025-01-13,13:56:24,"""CNR5195905""",Completed,"""CID6060819""",Premium,Muara,Jangsak,6.0,37.1,1.0,,,14.49,4.9,3.6,Dart Wallet,31.77,Belait,Tutong,Nabilah Hassan,5.78,21.35,June,2024,Monday,0.0,9.6,OFF-200059,6/10/2024 13:55,accepted,6/10/2024 13:55,SESS-68128,6/10/2024 10:56,6/10/2024 14:56,6/10/2024 13:56,2025-01-13 19:29:00,2025-01-13 19:34:00,2025-01-13 19:43:00,2025-01-13 20:03:00,6/10/2024 14:02,4.67708,114.20374,4.71426,114.64436,3.5,3.92,2.97,14.39,FQ-5551,INV-725131,BND,VEH-713,Yes,Belait,12,Normal,14,10/24/2023,Pass
2025-01-19,21:58:45,"""CNR9312414""",Completed,"""CID1962689""",Compact,Berakas,Rimba,2.4,16.2,,,,17.67,4.5,5.0,Cash,21.3,Brunei-Muara,Brunei-Muara,Sufian bin Haji Ali,3.07,18.07,January,2024,Saturday,1.0,4.5,OFF-200013,1/13/2024 21:58,rejected,1/13/2024 21:58,SESS-22883,1/13/2024 16:58,1/13/2024 23:58,1/13/2024 21:58,2025-01-19 09:30:00,2025-01-19 09:34:00,2025-01-19 09:40:00,2025-01-19 10:12:00,,4.96477,114.89641,4.93448,114.90409,3.5,20.52,1.3,36.65,FQ-7660,INV-846445,BND,VEH-473,Yes,Tutong,6,High Demand Zone,13,9/4/2023,Pass
2025-01-09,8:36:52,"""CNR2600511""",Completed,"""CID9938842""",SUV,Sengkurong,Muara,7.6,14.3,,,,19.74,4.6,4.4,Online Banking,31.91,Belait,Belait,Ibrahim Daud,5.3,21.61,December,2024,Wednesday,0.0,9.1,OFF-200008,12/25/2024 8:36,accepted,12/25/2024 8:36,SESS-97398,12/25/2024 3:36,12/25/2024 10:36,12/25/2024 8:36,2025-01-09 00:24:00,2025-01-09 00:27:00,2025-01-09 00:36:00,2025-01-09 00:44:00,,4.51527,114.27945,4.60612,114.1339,3.5,6.22,1.14,18.29,FQ-9134,INV-912270,BND,VEH-819,Yes,Belait,4,High Demand Zone,11,11/3/2023,Pass
2025-01-03,16:37:19,"""CNR7492796""",Completed,"""CID7866026""",Premium,Bangar,Sengkurong,2.3,31.7,,,,9.56,3.6,4.2,Card,33.96,Belait,Brunei-Muara,,7.49,27.77,March,2024,Wednesday,,6.0,OFF-200089,3/13/2024 16:36,rejected,3/13/2024 16:36,SESS-16338,3/13/2024 13:37,3/13/2024 18:37,3/13/2024 16:37,2025-01-03 09:14:00,2025-01-03 09:16:00,2025-01-03 09:20:00,2025-01-03 09:51:00,,4.6872,114.36158,4.8765,114.87703,3.5,3.92,2.54,14.94,FQ-6417,INV-489304,BND,VEH-510,Yes,Belait,12,High Demand Zone,13,7/31/2023,Pass
2025-01-25,8:02:31,"""CNR9210055""",Cancelled,"""CID2341391""",Premium,Rimba,Gadong,9.5,34.1,1.0,,,20.5,3.7,4.9,Cash,24.53,Brunei-Muara,Brunei-Muara,Fadhil Junaidi,5.48,18.3,March,2024,Friday,0.0,7.6,OFF-200052,3/8/2024 8:02,accepted,3/8/2024 8:02,SESS-29233,3/8/2024 4:02,3/8/2024 9:02,3/8/2024 8:02,2025-01-25 07:42:00,2025-01-25 07:45:00,2025-01-25 07:55:00,2025-01-25 08:25:00,3/8/2024 8:04,4.89535,114.86483,4.86959,114.89999,3.5,3.92,2.73,10.15,FQ-6058,INV-126854,BND,VEH-642,Yes,Brunei-Muara,13,Normal,8,8/20/2023,Pass
2025-01-08,13:43:11,"""CNR9249380""",Completed,"""CID5685213""",Premium,Bandar Seri Begawan,Jangsak,7.0,31.9,,,,2.08,4.3,3.9,Dart Wallet,4.45,Belait,Brunei-Muara,Nurul Izzah,0.52,3.78,September,2024,Thursday,1.0,11.1,OFF-200129,9/12/2024 13:42,accepted,9/12/2024 13:42,SESS-35224,9/12/2024 11:43,9/12/2024 16:43,9/12/2024 13:43,2025-01-08 14:48:00,2025-01-08 14:51:00,2025-01-08 15:01:00,2025-01-08 15:45:00,,4.60794,114.25377,4.90001,114.92623,3.5,13.05,2.55,29.65,FQ-5272,INV-376808,BND,VEH-204,Yes,Belait,13,High Demand Zone,1,7/10/2023,Pass
2025-01-13,14:59:17,"""CNR6784305""",Completed,"""CID9250370""",Compact,Mata-Mata,Jerudong,11.5,36.6,,,,7.3,5.0,4.0,Dart Wallet,25.09,Brunei-Muara,Brunei-Muara,Sufian bin Haji Ali,3.4,17.84,July,2024,Saturday,0.0,11.8,OFF-200083,7/6/2024 14:58,accepted,7/6/2024 14:58,SESS-22883,7/6/2024 9:59,7/6/2024 16:59,7/6/2024 14:59,2025-01-13 14:10:00,2025-01-13 14:15:00,2025-01-13 14:23:00,2025-01-13 15:02:00,,4.894,114.93164,4.95329,114.94433,3.5,7.14,2.93,20.36,FQ-9351,INV-505010,BND,VEH-473,Yes,Belait,13,High Demand Zone,1,1/12/2024,Pass
2025-01-12,16:51:11,"""CNR2860348""",Completed,"""CID5578022""",Compact,Berakas,Jerudong,10.2,34.2,,,,10.67,4.7,3.8,Cash,4.62,Brunei-Muara,Brunei-Muara,Aiman Hakim,1.01,3.91,October,2024,Monday,0.0,10.2,OFF-200091,10/7/2024 16:50,accepted,10/7/2024 16:50,SESS-93521,10/7/2024 12:51,10/7/2024 19:51,10/7/2024 16:51,2025-01-12 17:51:00,2025-01-12 17:55:00,2025-01-12 17:57:00,2025-01-12 18:24:00,10/7/2024 16:57,4.85757,114.92409,4.9292,114.97063,3.5,3.92,2.74,9.66,FQ-5293,INV-275833,BND,VEH-146,Yes,Tutong,8,Normal,11,1/23/2023,Pass
2025-01-18,16:23:55,"""CNR2775531""",Cancelled by Driver,"""CID3611959""",SUV,Gadong,Tutong Town,3.4,34.7,,,,4.19,4.7,4.0,Card,28.55,Brunei-Muara,Brunei-Muara,Siti Aminah,3.42,23.31,September,2024,Tuesday,0.0,5.7,OFF-200110,9/24/2024 16:23,accepted,9/24/2024 16:23,SESS-19622,9/24/2024 12:23,9/24/2024 17:23,9/24/2024 16:23,2025-01-18 06:29:00,2025-01-18 06:32:00,2025-01-18 06:37:00,2025-01-18 06:55:00,,4.97314,114.93464,4.96064,114.90285,3.5,16.15,2.78,20.93,FQ-9653,INV-443473,BND,VEH-614,Yes,Belait,8,Normal,10,4/26/2023,Pass
2025-01-19,14:53:05,"""CNR9806462""",Cancelled,"""CID3361602""",Sedan,Mata-Mata,Tutong Beach,14.3,42.5,,,,15.88,3.6,4.9,Cash,27.9,Brunei-Muara,Belait,Dayangku Siti,4.9,17.5,April,2024,Saturday,0.0,7.0,OFF-200187,4/6/2024 14:52,rejected,4/6/2024 14:52,SESS-38322,4/6/2024 12:53,4/6/2024 17:53,4/6/2024 14:53,2025-01-19 09:54:00,2025-01-19 09:55:00,2025-01-19 10:01:00,2025-01-19 10:17:00,4/6/2024 15:00,4.90633,114.94813,4.66645,114.22783,3.5,3.92,3.4,16.02,FQ-8440,INV-511256,BND,VEH-618,Yes,Belait,4,High Demand Zone,6,9/25/2023,Pass
2025-01-26,0:26:09,"""CNR5317954""",Cancelled,"""CID7826673""",Compact,Lumut,Rimba,5.5,33.0,,,,3.34,4.4,3.9,Cash,5.35,Brunei-Muara,Brunei-Muara,Fadhil Junaidi,0.59,4.02,February,2024,Friday,0.0,11.1,OFF-200198,2/9/2024 0:25,rejected,2/9/2024 0:25,SESS-29233,2/8/2024 22:26,2/9/2024 3:26,2/9/2024 0:26,2025-01-26 21:23:00,2025-01-26 21:24:00,2025-01-26 21:33:00,2025-01-26 21:57:00,,4.89355,114.90455,4.87904,114.87111,3.5,15.26,2.64,32.1,FQ-6804,INV-550724,BND,VEH-642,Yes,Brunei-Muara,12,High Demand Zone,14,11/12/2023,Pass
2025-01-18,14:16:33,"""CNR9623602""",Cancelled by Driver,"""CID9192664""",Sedan,Tutong Beach,Mata-Mata,4.7,23.2,,,,26.75,4.6,4.1,Cash,16.76,Brunei-Muara,Belait,Awangku Mohd,3.76,11.79,March,2024,Monday,1.0,8.0,OFF-200171,3/11/2024 14:15,accepted,3/11/2024 14:16,SESS-35925,3/11/2024 12:16,3/11/2024 15:16,3/11/2024 14:16,2025-01-18 22:07:00,2025-01-18 22:10:00,2025-01-18 22:20:00,2025-01-18 22:49:00,,4.94485,114.85971,4.54751,114.1511,3.5,5.83,1.86,21.78,FQ-5630,INV-210043,BND,VEH-727,Yes,Temburong,10,High Demand Zone,10,7/26/2023,Pass
2025-01-11,15:21:24,"""CNR1726678""",Cancelled,"""CID2637835""",Sedan,Bandar Seri Begawan,Bandar Seri Begawan,7.1,13.1,,,,11.81,4.3,4.9,Cash,26.83,Tutong,Brunei-Muara,Ahmad Zaki,2.92,16.97,May,2024,Sunday,0.0,5.6,OFF-200007,5/19/2024 15:20,accepted,5/19/2024 15:20,SESS-75925,5/19/2024 10:21,5/19/2024 16:21,5/19/2024 15:21,2025-01-11 13:11:00,2025-01-11 13:13:00,2025-01-11 13:20:00,2025-01-11 13:41:00,,4.66308,114.65802,4.9547,114.94315,3.5,8.73,1.05,15.28,FQ-9838,INV-276437,BND,VEH-696,Yes,Temburong,4,Normal,13,2/20/2023,Pass
2025-01-22,2:51:22,"""CNR6778932""",Completed,"""CID8872225""",Sedan,Kuala Belait,Sengkurong,14.5,21.9,,,,4.14,4.4,4.6,Card,10.18,Tutong,Tutong,Nurul Izzah,1.58,8.26,January,2024,Wednesday,1.0,8.4,OFF-200174,1/3/2024 2:50,rejected,1/3/2024 2:50,SESS-35224,1/3/2024 0:51,1/3/2024 3:51,1/3/2024 2:51,2025-01-22 03:17:00,2025-01-22 03:18:00,2025-01-22 03:26:00,2025-01-22 03:53:00,,4.71025,114.76064,4.66094,114.78991,3.5,11.45,1.75,14.2,FQ-7333,INV-418725,BND,VEH-204,Yes,Tutong,8,Normal,1,3/2/2023,Pass
2025-01-26,20:46:16,"""CNR5874746""",Completed,"""CID9596834""",Premium,Gadong,Lambak,8.5,33.8,,,,26.23,4.4,3.7,Online Banking,3.2,Belait,Brunei-Muara,Faisal Hakimi,0.51,2.37,June,2024,Sunday,1.0,9.9,OFF-200034,6/23/2024 20:45,accepted,6/23/2024 20:45,SESS-85181,6/23/2024 15:46,6/23/2024 22:46,6/23/2024 20:46,2025-01-26 13:43:00,2025-01-26 13:44:00,2025-01-26 13:54:00,2025-01-26 14:34:00,6/23/2024 20:54,4.66917,114.28965,4.89813,114.86034,3.5,3.92,2.7,15.12,FQ-8476,INV-245076,BND,VEH-126,Yes,Tutong,9,Normal,13,12/8/2023,Pass
2025-01-01,7:43:45,"""CNR8952764""",Completed,"""CID4343834""",SUV,Jangsak,Mentiri,14.2,33.0,,,,17.46,4.4,3.7,Online Banking,27.86,Belait,Brunei-Muara,Hamid Rashid,3.01,17.31,March,2024,Thursday,1.0,5.0,OFF-200080,3/14/2024 7:43,accepted,3/14/2024 7:43,SESS-39154,3/14/2024 3:43,3/14/2024 10:43,3/14/2024 7:43,2025-01-01 02:38:00,2025-01-01 02:42:00,2025-01-01 02:47:00,2025-01-01 03:25:00,3/14/2024 7:50,4.68688,114.38432,4.85825,114.97259,3.5,3.92,2.64,17.09,FQ-8954,INV-357026,BND,VEH-750,Yes,Temburong,4,High Demand Zone,5,3/26/2023,Pass
2025-01-22,4:39:18,"""CNR8910332""",Completed,"""CID1229941""",SUV,Mata-Mata,Tutong Town,4.5,11.0,,,,20.67,3.8,4.0,Cash,6.55,Brunei-Muara,Brunei-Muara,,1.17,4.9,November,2024,Tuesday,,4.3,OFF-200163,11/19/2024 4:39,rejected,11/19/2024 4:39,SESS-16338,11/19/2024 1:39,11/19/2024 6:39,11/19/2024 4:39,2025-01-22 02:05:00,2025-01-22 02:09:00,2025-01-22 02:17:00,2025-01-22 02:50:00,,4.88914,114.88394,4.95473,114.87104,3.5,3.92,0.88,17.45,FQ-7055,INV-883339,BND,VEH-510,Yes,Temburong,8,High Demand Zone,10,8/21/2023,Pass
2025-02-20,21:49:51,"""CNR6575694""",Completed,"""CID6746264""",Premium,Tutong Town,Kuala Belait,12.1,11.8,,1.0,Other Issue,6.1,4.8,4.3,Cash,26.9,Belait,Brunei-Muara,Nabilah Hassan,5.53,18.7,September,2024,Monday,1.0,6.8,OFF-200049,9/23/2024 21:49,rejected,9/23/2024 21:49,SESS-68128,9/23/2024 16:49,9/23/2024 23:49,9/23/2024 21:49,2025-02-20 00:52:00,2025-02-20 00:54:00,2025-02-20 01:00:00,2025-02-20 01:18:00,,4.62977,114.19421,4.96491,114.97165,3.5,3.94,0.94,15.07,FQ-7291,INV-232133,BND,VEH-713,Yes,Belait,5,High Demand Zone,7,2/17/2023,Pass
2025-02-26,16:02:47,"""CNR7028693""",Cancelled by Driver,"""CID5551104""",Premium,Jangsak,Bandar Seri Begawan,12.2,22.2,,,,13.11,4.7,4.0,Dart Wallet,25.7,Brunei-Muara,Brunei-Muara,Ridhwan Bakar,2.65,16.16,September,2024,Monday,1.0,7.0,OFF-200103,9/9/2024 16:01,rejected,9/9/2024 16:01,SESS-20959,9/9/2024 13:02,9/9/2024 17:02,9/9/2024 16:02,2025-02-26 10:58:00,2025-02-26 11:02:00,2025-02-26 11:04:00,2025-02-26 11:34:00,,4.8998,114.92244,4.96698,114.9224,3.5,5.6,1.78,13.82,FQ-7728,INV-412885,BND,VEH-504,Yes,Brunei-Muara,8,High Demand Zone,10,7/23/2023,Pass
2025-02-20,7:00:48,"""CNR4534216""",Cancelled,"""CID4657162""",Compact,Muara,Mata-Mata,8.8,26.9,,1.0,Customer Demand,7.43,4.3,4.4,Cash,26.87,Brunei-Muara,Brunei-Muara,Farhana Yusof,2.99,21.36,September,2024,Monday,1.0,5.2,OFF-200131,9/30/2024 7:00,accepted,9/30/2024 7:00,SESS-31967,9/30/2024 5:00,9/30/2024 8:00,9/30/2024 7:00,2025-02-20 14:46:00,2025-02-20 14:50:00,2025-02-20 14:53:00,2025-02-20 15:21:00,,4.95842,114.96845,4.97889,114.8587,3.5,1.35,2.15,8.75,FQ-5227,INV-291739,BND,VEH-674,Yes,Brunei-Muara,8,High Demand Zone,12,2/4/2023,Pass
2025-02-07,6:15:38,"""CNR5259986""",Completed,"""CID9828317""",SUV,Tutong Town,Berakas,3.4,23.1,,,,19.21,4.5,4.4,Card,33.44,Brunei-Muara,Brunei-Muara,Syafiqah Yusof,6.17,23.94,October,2024,Thursday,1.0,5.5,OFF-200001,10/3/2024 6:14,accepted,10/3/2024 6:14,SESS-20137,10/3/2024 3:15,10/3/2024 7:15,10/3/2024 6:15,2025-02-07 11:16:00,2025-02-07 11:17:00,2025-02-07 11:22:00,2025-02-07 11:36:00,,4.97911,114.89109,4.96292,114.96792,3.5,21.23,1.85,26.58,FQ-6035,INV-931251,BND,VEH-214,Yes,Belait,12,Normal,12,9/21/2023,Pass
2025-02-19,7:20:29,"""CNR4672986""",Completed,"""CID8960852""",Compact,Jangsak,Bandar Seri Begawan,13.7,10.3,,,,11.21,4.1,3.6,Dart Wallet,21.93,Belait,Brunei-Muara,Ibrahim Daud,3.71,13.56,July,2024,Wednesday,1.0,7.1,OFF-200133,7/31/2024 7:19,accepted,7/31/2024 7:19,SESS-97398,7/31/2024 4:20,7/31/2024 10:20,7/31/2024 7:20,2025-02-19 20:30:00,2025-02-19 20:33:00,2025-02-19 20:40:00,2025-02-19 21:24:00,7/31/2024 7:29,4.58686,114.31698,4.88236,114.96428,3.5,3.92,0.82,8.24,FQ-7037,INV-974938,BND,VEH-819,Yes,Belait,7,Normal,14,3/7/2023,Pass
2025-02-10,18:36:15,"""CNR1590185""",Completed,"""CID8780721""",Compact,Bangar,Kiulap,4.4,39.1,,,,28.77,5.0,4.8,Card,19.04,Brunei-Muara,Belait,Ridhwan Bakar,4.22,13.57,January,2024,Wednesday,1.0,10.5,OFF-200053,1/17/2024 18:35,rejected,1/17/2024 18:35,SESS-20959,1/17/2024 16:36,1/17/2024 21:36,1/17/2024 18:36,2025-02-10 02:27:00,2025-02-10 02:31:00,2025-02-10 02:41:00,2025-02-10 02:51:00,,4.85942,114.88967,4.58792,114.20926,3.5,3.51,3.13,15.18,FQ-5150,INV-947070,BND,VEH-504,Yes,Temburong,4,High Demand Zone,9,3/23/2023,Pass
2025-02-03,0:42:13,"""CNR9842517""",Completed,"""CID2039565""",SUV,Jangsak,Tutong Beach,3.1,42.0,1.0,,,23.46,4.0,4.4,Online Banking,15.4,Belait,Tutong,Noraini Kassim,1.66,11.85,March,2024,Thursday,1.0,8.3,OFF-200105,3/28/2024 0:41,accepted,3/28/2024 0:41,SESS-88755,3/27/2024 20:42,3/28/2024 1:42,3/28/2024 0:42,2025-02-03 16:37:00,2025-02-03 16:39:00,2025-02-03 16:41:00,2025-02-03 16:57:00,3/28/2024 0:46,4.51263,114.12542,4.81386,114.63648,3.5,3.92,3.36,13.48,FQ-8012,INV-170247,BND,VEH-967,Yes,Temburong,11,High Demand Zone,13,2/9/2023,Pass
2025-02-11,21:05:39,"""CNR2033265""",Completed,"""CID6253371""",SUV,Mentiri,Bandar Seri Begawan,12.9,12.7,,,,21.56,4.0,4.5,Online Banking,7.13,Tutong,Brunei-Muara,Syafiqah Yusof,1.31,4.43,December,2024,Friday,1.0,9.2,OFF-200003,12/6/2024 21:05,rejected,12/6/2024 21:05,SESS-20137,12/6/2024 18:05,12/6/2024 23:05,12/6/2024 21:05,2025-02-11 03:26:00,2025-02-11 03:29:00,2025-02-11 03:35:00,2025-02-11 04:04:00,,4.75247,114.65845,4.91681,114.91535,3.5,21.68,1.02,34.75,FQ-5423,INV-847066,BND,VEH-214,Yes,Belait,9,High Demand Zone,1,12/7/2023,Pass
2025-02-05,18:36:15,"""CNR1590185""",Completed,"""CID8780721""",Premium,Gadong,Sengkurong,4.4,39.1,,,,15.1,4.8,3.6,Card,33.33,Brunei-Muara,Belait,Ridhwan Bakar,4.02,21.89,January,2024,Wednesday,1.0,10.5,OFF-200053,1/17/2024 18:35,accepted,1/17/2024 18:35,SESS-20959,1/17/2024 16:36,1/17/2024 21:36,1/17/2024 18:36,2025-02-05 21:37:00,2025-02-05 21:41:00,2025-02-05 21:44:00,2025-02-05 22:22:00,,4.85942,114.88967,4.58792,114.20926,3.5,3.51,3.13,15.18,FQ-5150,INV-947070,BND,VEH-504,Yes,Tutong,4,High Demand Zone,9,3/23/2023,Pass
2025-02-04,16:10:39,"""CNR5577217""",Completed,"""CID8907160""",SUV,Serusop,Rimba,12.7,11.8,,,,2.27,4.4,5.0,Card,26.08,Belait,Brunei-Muara,Nurul Izzah,5.42,18.02,January,2024,Sunday,1.0,9.7,OFF-200190,1/7/2024 16:10,accepted,1/7/2024 16:10,SESS-35224,1/7/2024 14:10,1/7/2024 19:10,1/7/2024 16:10,2025-02-04 16:38:00,2025-02-04 16:39:00,2025-02-04 16:49:00,2025-02-04 17:28:00,,4.57503,114.32022,4.93087,114.86864,3.5,21.26,0.94,32.12,FQ-6966,INV-183163,BND,VEH-204,Yes,Tutong,11,High Demand Zone,4,1/14/2023,Pass
2025-02-25,14:20:44,"""CNR8878477""",Cancelled by Driver,"""CID5259729""",SUV,Kuala Belait,Lumut,4.3,10.7,1.0,,,9.17,4.7,4.9,Online Banking,17.77,Belait,Belait,Shahrul Nizam,3.18,12.36,July,2024,Saturday,0.0,8.3,OFF-200145,7/20/2024 14:20,rejected,7/20/2024 14:20,SESS-93507,7/20/2024 12:20,7/20/2024 16:20,7/20/2024 14:20,2025-02-25 23:40:00,2025-02-25 23:45:00,2025-02-25 23:50:00,2025-02-26 00:23:00,7/20/2024 14:29,4.66899,114.2119,4.56758,114.15712,3.5,3.92,0.86,9.28,FQ-7781,INV-502556,BND,VEH-252,Yes,Belait,12,Normal,7,12/7/2023,Pass
2025-02-26,20:43:20,"""CNR4712889""",Completed,"""CID6274332""",Sedan,Bangar,Jerudong,14.3,13.6,,,,27.25,3.8,4.9,Online Banking,11.73,Brunei-Muara,Brunei-Muara,Mohd Hafiz,1.94,7.47,October,2024,Thursday,1.0,11.4,OFF-200043,10/31/2024 20:42,accepted,10/31/2024 20:42,SESS-37455,10/31/2024 16:43,10/31/2024 23:43,10/31/2024 20:43,2025-02-26 19:02:00,2025-02-26 19:06:00,2025-02-26 19:08:00,2025-02-26 19:29:00,,4.95094,114.93896,4.92561,114.94744,3.5,4.42,1.09,11.01,FQ-7673,INV-226844,BND,VEH-678,Yes,Tutong,8,Normal,5,4/8/2023,Pass
2025-02-15,14:48:47,"""CNR8626386""",Completed,"""CID6488104""",SUV,Tutong Beach,Sengkurong,13.2,29.6,,,,10.24,3.7,4.0,Dart Wallet,10.19,Belait,Brunei-Muara,Azizul Hasni,2.11,6.37,October,2024,Sunday,1.0,10.5,OFF-200161,10/27/2024 14:48,accepted,10/27/2024 14:48,SESS-32577,10/27/2024 9:48,10/27/2024 17:48,10/27/2024 14:48,2025-02-15 11:50:00,2025-02-15 11:51:00,2025-02-15 11:59:00,2025-02-15 12:05:00,,4.67317,114.37449,4.94355,114.888,3.5,3.42,2.37,9.29,FQ-9476,INV-887065,BND,VEH-480,Yes,Temburong,9,Normal,7,10/2/2023,Pass
2025-02-02,2:54:41,"""CNR4689937""",Completed,"""CID3896706""",Sedan,Gadong,Bandar Seri Begawan,4.1,44.0,,,,22.09,4.0,3.9,Online Banking,20.56,Brunei-Muara,Belait,Abdul Rahman,2.4,15.05,August,2024,Wednesday,1.0,7.0,OFF-200189,8/28/2024 2:54,accepted,8/28/2024 2:54,SESS-85776,8/27/2024 21:54,8/28/2024 4:54,8/28/2024 2:54,2025-02-02 09:50:00,2025-02-02 09:54:00,2025-02-02 09:58:00,2025-02-02 10:33:00,8/28/2024 2:58,4.91149,114.92542,4.69683,114.35312,3.5,3.92,3.52,14.68,FQ-6394,INV-575507,BND,VEH-428,Yes,Temburong,10,High Demand Zone,13,4/3/2023,Pass
2025-02-02,21:58:45,"""CNR9312414""",Completed,"""CID1962689""",Sedan,Lumut,Bangar,2.4,16.2,,,,18.83,3.6,4.5,Card,16.74,Brunei-Muara,Brunei-Muara,Sufian bin Haji Ali,2.72,11.05,January,2024,Saturday,1.0,4.5,OFF-200013,1/13/2024 21:58,accepted,1/13/2024 21:58,SESS-22883,1/13/2024 16:58,1/13/2024 23:58,1/13/2024 21:58,2025-02-02 07:16:00,2025-02-02 07:17:00,2025-02-02 07:26:00,2025-02-02 08:11:00,,4.96477,114.89641,4.93448,114.90409,3.5,20.52,1.3,36.65,FQ-7660,INV-846445,BND,VEH-473,Yes,Brunei-Muara,6,High Demand Zone,13,9/4/2023,Pass
2025-02-12,6:18:50,"""CNR3626259""",Completed,"""CID1114091""",Sedan,Rimba,Lumut,12.5,41.0,,,,11.36,3.7,4.5,Dart Wallet,26.91,Brunei-Muara,Brunei-Muara,,3.66,16.6,August,2024,Wednesday,,8.4,OFF-200094,8/14/2024 6:18,accepted,8/14/2024 6:18,SESS-16338,8/14/2024 2:18,8/14/2024 9:18,8/14/2024 6:18,2025-02-12 02:18:00,2025-02-12 02:23:00,2025-02-12 02:33:00,2025-02-12 03:12:00,,4.86875,114.89987,4.95623,114.97711,3.5,3.92,3.28,12.7,FQ-9945,INV-209040,BND,VEH-510,Yes,Brunei-Muara,12,Normal,5,1/15/2023,Pass
2025-02-19,10:10:26,"""CNR5962220""",Cancelled,"""CID3747067""",SUV,Bangar,Mentiri,13.8,19.7,,,,2.83,3.6,3.9,Dart Wallet,28.97,Brunei-Muara,Belait,Zulhelmi Ishak,4.89,23.0,March,2024,Wednesday,1.0,11.4,OFF-200047,3/13/2024 10:09,accepted,3/13/2024 10:09,SESS-38008,3/13/2024 5:10,3/13/2024 12:10,3/13/2024 10:10,2025-02-19 23:43:00,2025-02-19 23:44:00,2025-02-19 23:48:00,2025-02-20 00:14:00,3/13/2024 10:18,4.87729,114.86946,4.67722,114.27097,3.5,3.92,1.58,10.0,FQ-7793,INV-450849,BND,VEH-353,Yes,Tutong,14,Normal,7,4/9/2023,Pass
2025-02-07,15:02:29,"""CNR6886384""",Completed,"""CID6455263""",SUV,Tutong Town,Kiulap,13.0,10.2,,,,10.63,4.6,4.8,Online Banking,30.71,Belait,Brunei-Muara,Zulhelmi Ishak,4.77,19.38,November,2024,Tuesday,0.0,5.5,OFF-200014,11/19/2024 15:02,accepted,11/19/2024 15:02,SESS-38008,11/19/2024 10:02,11/19/2024 17:02,11/19/2024 15:02,2025-02-07 01:06:00,2025-02-07 01:10:00,2025-02-07 01:20:00,2025-02-07 01:44:00,,4.57292,114.14499,4.85556,114.96281,3.5,7.24,0.82,19.45,FQ-8698,INV-370782,BND,VEH-353,Yes,Temburong,4,High Demand Zone,6,1/8/2023,Pass
2025-02-13,13:47:33,"""CNR7496424""",Cancelled by Driver,"""CID5064084""",Sedan,Bandar Seri Begawan,Mata-Mata,2.4,32.1,,,,10.32,4.4,4.0,Dart Wallet,20.46,Brunei-Muara,Belait,Nabilah Hassan,4.07,12.69,April,2024,Monday,1.0,9.9,OFF-200199,4/29/2024 13:46,accepted,4/29/2024 13:46,SESS-68128,4/29/2024 9:47,4/29/2024 16:47,4/29/2024 13:47,2025-02-13 09:59:00,2025-02-13 10:02:00,2025-02-13 10:11:00,2025-02-13 10:47:00,4/29/2024 13:51,4.89037,114.89512,4.69342,114.1578,3.5,3.92,2.57,13.48,FQ-6861,INV-690894,BND,VEH-713,Yes,Tutong,7,High Demand Zone,6,4/16/2023,Pass
2025-02-14,2:54:41,"""CNR4689937""",Completed,"""CID3896706""",Premium,Sengkurong,Mata-Mata,4.1,44.0,,,,24.23,4.4,3.7,Cash,14.63,Brunei-Muara,Belait,Abdul Rahman,3.55,11.26,August,2024,Wednesday,1.0,7.0,OFF-200189,8/28/2024 2:54,rejected,8/28/2024 2:54,SESS-85776,8/27/2024 21:54,8/28/2024 4:54,8/28/2024 2:54,2025-02-14 05:33:00,2025-02-14 05:37:00,2025-02-14 05:44:00,2025-02-14 06:17:00,8/28/2024 2:58,4.91149,114.92542,4.69683,114.35312,3.5,3.92,3.52,14.68,FQ-6394,INV-575507,BND,VEH-428,Yes,Brunei-Muara,10,High Demand Zone,13,4/3/2023,Pass
2025-02-26,6:55:24,"""CNR8363670""",Cancelled,"""CID6661007""",Sedan,Sengkurong,Rimba,3.1,39.1,1.0,,,23.13,4.5,4.1,Card,14.9,Tutong,Belait,Ridhwan Bakar,2.67,11.08,June,2024,Sunday,0.0,5.5,OFF-200039,6/23/2024 6:55,accepted,6/23/2024 6:55,SESS-20959,6/23/2024 2:55,6/23/2024 9:55,6/23/2024 6:55,2025-02-26 13:57:00,2025-02-26 13:59:00,2025-02-26 14:02:00,2025-02-26 14:15:00,6/23/2024 7:04,4.83034,114.71564,4.67236,114.24922,3.5,3.92,3.13,12.55,FQ-6190,INV-501755,BND,VEH-504,Yes,Tutong,4,Normal,8,1/29/2023,Pass
2025-02-08,11:43:18,"""CNR5879277""",Cancelled,"""CID9602160""",Premium,Bangar,Jerudong,6.7,23.9,,,,9.28,4.8,3.7,Online Banking,34.88,Brunei-Muara,Brunei-Muara,,6.06,28.92,March,2024,Tuesday,,5.0,OFF-200081,3/26/2024 11:42,accepted,3/26/2024 11:43,SESS-16338,3/26/2024 7:43,3/26/2024 12:43,3/26/2024 11:43,2025-02-08 02:47:00,2025-02-08 02:52:00,2025-02-08 03:01:00,2025-02-08 03:17:00,,4.93083,114.94061,4.97949,114.93079,3.5,3.92,1.91,6.83,FQ-9037,INV-561446,BND,VEH-510,Yes,Temburong,12,Normal,14,2/13/2023,Pass
2025-02-15,16:23:55,"""CNR2775531""",Completed,"""CID3611959""",Premium,Bandar Seri Begawan,Bangar,3.4,34.7,,,,15.75,4.7,3.7,Online Banking,28.4,Brunei-Muara,Brunei-Muara,Siti Aminah,3.7,17.9,September,2024,Tuesday,0.0,5.7,OFF-200110,9/24/2024 16:23,accepted,9/24/2024 16:23,SESS-19622,9/24/2024 12:23,9/24/2024 17:23,9/24/2024 16:23,2025-02-15 05:51:00,2025-02-15 05:54:00,2025-02-15 05:57:00,2025-02-15 06:30:00,,4.97314,114.93464,4.96064,114.90285,3.5,16.15,2.78,20.93,FQ-9653,INV-443473,BND,VEH-614,Yes,Tutong,8,Normal,10,4/26/2023,Pass
2025-02-01,8:02:31,"""CNR9210055""",Cancelled,"""CID2341391""",Premium,Bandar Seri Begawan,Bandar Seri Begawan,9.5,34.1,1.0,,,24.88,4.2,4.5,Dart Wallet,27.61,Brunei-Muara,Brunei-Muara,Fadhil Junaidi,6.79,17.08,March,2024,Friday,0.0,7.6,OFF-200052,3/8/2024 8:02,rejected,3/8/2024 8:02,SESS-29233,3/8/2024 4:02,3/8/2024 9:02,3/8/2024 8:02,2025-02-01 11:24:00,2025-02-01 11:28:00,2025-02-01 11:35:00,2025-02-01 12:16:00,3/8/2024 8:04,4.89535,114.86483,4.86959,114.89999,3.5,3.92,2.73,10.15,FQ-6058,INV-126854,BND,VEH-642,Yes,Belait,13,Normal,8,8/20/2023,Pass
2025-02-22,6:20:31,"""CNR3315619""",Cancelled by Driver,"""CID6044362""",Sedan,Serusop,Mata-Mata,11.7,38.4,,,,5.7,4.3,4.9,Cash,12.73,Belait,Brunei-Muara,Khairul Anuar,1.7,10.61,May,2024,Friday,1.0,5.8,OFF-200023,5/10/2024 6:20,accepted,5/10/2024 6:20,SESS-78148,5/10/2024 4:20,5/10/2024 7:20,5/10/2024 6:20,2025-02-22 16:07:00,2025-02-22 16:12:00,2025-02-22 16:22:00,2025-02-22 16:35:00,,4.5651,114.29867,4.94541,114.94941,3.5,12.37,3.07,28.67,FQ-9621,INV-893919,BND,VEH-476,Yes,Belait,12,High Demand Zone,11,3/13/2023,Pass
2025-02-10,17:46:33,"""CNR2831131""",Cancelled by Driver,"""CID1170263""",Sedan,Kuala Belait,Bangar,12.4,34.3,1.0,,,19.11,3.6,4.9,Card,8.48,Tutong,Brunei-Muara,Aiman Hakim,1.28,7.0,May,2024,Sunday,0.0,10.5,OFF-200153,5/19/2024 17:46,accepted,5/19/2024 17:46,SESS-93521,5/19/2024 13:46,5/19/2024 18:46,5/19/2024 17:46,2025-02-10 02:03:00,2025-02-10 02:06:00,2025-02-10 02:16:00,2025-02-10 02:33:00,5/19/2024 17:51,4.66044,114.7135,4.89094,114.97557,3.5,3.92,2.74,15.2,FQ-9764,INV-621374,BND,VEH-146,Yes,Belait,12,High Demand Zone,6,5/20/2023,Pass
2025-02-28,14:53:05,"""CNR9806462""",Cancelled,"""CID3361602""",Premium,Gadong,Lumut,14.3,42.5,,,,20.86,4.2,3.6,Online Banking,28.75,Brunei-Muara,Belait,Dayangku Siti,3.19,19.39,April,2024,Saturday,0.0,7.0,OFF-200187,4/6/2024 14:52,accepted,4/6/2024 14:52,SESS-38322,4/6/2024 12:53,4/6/2024 17:53,4/6/2024 14:53,2025-02-27 23:57:00,2025-02-27 23:59:00,2025-02-28 00:05:00,2025-02-28 00:12:00,4/6/2024 15:00,4.90633,114.94813,4.66645,114.22783,3.5,3.92,3.4,16.02,FQ-8440,INV-511256,BND,VEH-618,Yes,Temburong,4,High Demand Zone,6,9/25/2023,Pass
2025-02-16,11:54:01,"""CNR5104565""",Cancelled by Driver,"""CID1463708""",SUV,Sengkurong,Rimba,12.3,39.4,,,,14.53,3.9,3.6,Online Banking,13.21,Tutong,Brunei-Muara,Aiman Hakim,1.81,8.81,June,2024,Tuesday,0.0,8.3,OFF-200123,6/18/2024 11:53,accepted,6/18/2024 11:53,SESS-93521,6/18/2024 9:54,6/18/2024 14:54,6/18/2024 11:54,2025-02-16 14:06:00,2025-02-16 14:09:00,2025-02-16 14:13:00,2025-02-16 14:39:00,,4.77393,114.7443,4.9316,114.86791,3.5,6.15,3.15,17.0,FQ-8434,INV-155340,BND,VEH-146,Yes,Tutong,11,High Demand Zone,6,12/8/2023,Pass
2025-02-13,19:04:03,"""CNR4022181""",Cancelled,"""CID2052577""",Compact,Berakas,Lambak,11.3,13.8,,,,3.61,4.4,3.9,Dart Wallet,18.92,Belait,Tutong,Sufian bin Haji Ali,3.19,13.21,December,2024,Wednesday,0.0,9.2,OFF-200040,12/11/2024 19:03,accepted,12/11/2024 19:03,SESS-22883,12/11/2024 15:04,12/11/2024 20:04,12/11/2024 19:04,2025-02-13 19:19:00,2025-02-13 19:22:00,2025-02-13 19:26:00,2025-02-13 19:46:00,,4.58866,114.2821,4.70237,114.65418,3.5,17.92,1.1,33.15,FQ-9435,INV-592900,BND,VEH-473,Yes,Tutong,7,High Demand Zone,14,10/25/2023,Pass
2025-02-02,21:38:19,"""CNR5641229""",Completed,"""CID6884557""",SUV,Jerudong,Mata-Mata,7.9,34.7,,,,12.62,3.6,4.3,Online Banking,14.71,Tutong,Tutong,Zulhelmi Ishak,1.9,10.92,August,2024,Saturday,1.0,9.3,OFF-200156,8/10/2024 21:37,rejected,8/10/2024 21:37,SESS-38008,8/10/2024 17:38,8/11/2024 0:38,8/10/2024 21:38,2025-02-02 01:06:00,2025-02-02 01:09:00,2025-02-02 01:18:00,2025-02-02 01:54:00,,4.75138,114.66938,4.71459,114.78805,3.5,20.18,2.78,44.69,FQ-7952,INV-574905,BND,VEH-353,Yes,Brunei-Muara,12,High Demand Zone,1,3/14/2023,Pass
2025-02-17,15:02:29,"""CNR6886384""",Completed,"""CID6455263""",Compact,Serusop,Jerudong,13.0,10.2,,,,6.77,3.7,3.6,Online Banking,27.16,Belait,Brunei-Muara,Zulhelmi Ishak,4.75,19.75,November,2024,Tuesday,0.0,5.5,OFF-200014,11/19/2024 15:02,accepted,11/19/2024 15:02,SESS-38008,11/19/2024 10:02,11/19/2024 17:02,11/19/2024 15:02,2025-02-17 14:37:00,2025-02-17 14:42:00,2025-02-17 14:48:00,2025-02-17 15:28:00,,4.57292,114.14499,4.85556,114.96281,3.5,7.24,0.82,19.45,FQ-8698,INV-370782,BND,VEH-353,Yes,Brunei-Muara,4,High Demand Zone,6,1/8/2023,Pass
2025-02-11,15:55:20,"""CNR7252097""",Cancelled by Driver,"""CID3908872""",SUV,Mentiri,Mentiri,2.3,12.7,,,,15.71,4.2,4.3,Dart Wallet,22.0,Brunei-Muara,Brunei-Muara,Nabilah Hassan,3.82,16.0,February,2024,Sunday,0.0,4.2,OFF-200044,2/25/2024 15:54,accepted,2/25/2024 15:54,SESS-68128,2/25/2024 11:55,2/25/2024 16:55,2/25/2024 15:55,2025-02-11 15:24:00,2025-02-11 15:29:00,2025-02-11 15:33:00,2025-02-11 16:07:00,,4.89414,114.96289,4.94995,114.9185,3.5,6.7,1.02,15.33,FQ-5263,INV-289555,BND,VEH-713,Yes,Belait,12,High Demand Zone,7,1/9/2024,Pass
2025-02-01,15:00:48,"""CNR5307735""",Completed,"""CID5073889""",Premium,Gadong,Lumut,8.5,34.8,,,,19.24,4.5,3.7,Card,8.46,Belait,Belait,Faisal Hakimi,1.91,6.39,August,2024,Saturday,1.0,11.7,OFF-200064,8/24/2024 15:00,rejected,8/24/2024 15:00,SESS-85181,8/24/2024 12:00,8/24/2024 17:00,8/24/2024 15:00,2025-02-01 11:08:00,2025-02-01 11:13:00,2025-02-01 11:21:00,2025-02-01 11:33:00,,4.66511,114.13113,4.58069,114.2856,3.5,4.2,2.78,11.48,FQ-8743,INV-246818,BND,VEH-126,Yes,Tutong,7,Normal,5,8/20/2023,Pass
2025-02-02,18:49:30,"""CNR6338955""",Completed,"""CID6611339""",SUV,Mentiri,Mata-Mata,4.4,20.5,,,,18.73,4.6,4.6,Dart Wallet,19.06,Brunei-Muara,Brunei-Muara,Noraini Kassim,4.33,13.68,July,2024,Sunday,1.0,8.4,OFF-200088,7/28/2024 18:48,rejected,7/28/2024 18:48,SESS-88755,7/28/2024 16:49,7/28/2024 21:49,7/28/2024 18:49,2025-02-02 18:38:00,2025-02-02 18:39:00,2025-02-02 18:44:00,2025-02-02 18:56:00,,4.90686,114.91577,4.93584,114.94313,3.5,16.12,1.64,36.89,FQ-5557,INV-822221,BND,VEH-967,Yes,Temburong,8,High Demand Zone,12,8/3/2023,Pass
2025-02-17,22:28:34,"""CNR2006666""",Cancelled by Driver,"""CID7686049""",Compact,Mentiri,Lambak,9.4,15.2,,,,26.16,4.2,3.9,Online Banking,24.63,Tutong,Brunei-Muara,Siti Aminah,5.43,18.97,March,2024,Tuesday,1.0,8.8,OFF-200070,3/5/2024 22:27,accepted,3/5/2024 22:27,SESS-19622,3/5/2024 17:28,3/5/2024 23:28,3/5/2024 22:28,2025-02-17 06:21:00,2025-02-17 06:26:00,2025-02-17 06:35:00,2025-02-17 07:00:00,,4.77975,114.77754,4.97927,114.94094,3.5,3.23,1.22,11.95,FQ-5529,INV-351338,BND,VEH-614,Yes,Temburong,4,Normal,4,7/30/2023,Pass
2025-02-08,8:36:52,"""CNR2600511""",Completed,"""CID9938842""",Premium,Berakas,Lumut,7.6,14.3,,,,17.63,4.0,4.1,Dart Wallet,12.21,Belait,Belait,Ibrahim Daud,2.86,8.98,December,2024,Wednesday,0.0,9.1,OFF-200008,12/25/2024 8:36,accepted,12/25/2024 8:36,SESS-97398,12/25/2024 3:36,12/25/2024 10:36,12/25/2024 8:36,2025-02-08 08:27:00,2025-02-08 08:30:00,2025-02-08 08:35:00,2025-02-08 08:59:00,,4.51527,114.27945,4.60612,114.1339,3.5,6.22,1.14,18.29,FQ-9134,INV-912270,BND,VEH-819,Yes,Tutong,4,High Demand Zone,11,11/3/2023,Pass
2025-02-25,13:52:15,"""CNR9646752""",Completed,"""CID5912235""",Compact,Jangsak,Tutong Town,13.9,16.0,,,,21.19,3.9,4.4,Card,32.86,Brunei-Muara,Brunei-Muara,Aiman Hakim,6.32,20.84,June,2024,Monday,0.0,5.5,OFF-200087,6/3/2024 13:51,accepted,6/3/2024 13:51,SESS-93521,6/3/2024 9:52,6/3/2024 16:52,6/3/2024 13:52,2025-02-25 04:11:00,2025-02-25 04:12:00,2025-02-25 04:18:00,2025-02-25 04:25:00,,4.89278,114.88986,4.86314,114.86441,3.5,17.78,1.28,30.2,FQ-7116,INV-166889,BND,VEH-146,Yes,Tutong,9,High Demand Zone,3,12/4/2023,Pass
2025-02-22,17:19:45,"""CNR6672970""",Completed,"""CID7564583""",Compact,Mata-Mata,Mentiri,8.0,31.7,,,,29.36,4.2,4.8,Cash,33.86,Brunei-Muara,Brunei-Muara,Siti Aminah,6.7,21.65,June,2024,Tuesday,1.0,6.1,OFF-200128,6/25/2024 17:19,accepted,6/25/2024 17:19,SESS-19622,6/25/2024 15:19,6/25/2024 18:19,6/25/2024 17:19,2025-02-22 16:08:00,2025-02-22 16:09:00,2025-02-22 16:14:00,2025-02-22 16:59:00,,4.9663,114.86208,4.96658,114.88619,3.5,14.81,2.54,21.85,FQ-7717,INV-467365,BND,VEH-614,Yes,Brunei-Muara,14,Normal,10,2/25/2023,Pass
2025-02-21,17:57:12,"""CNR7253777""",Cancelled,"""CID3783637""",Sedan,Bandar Seri Begawan,Muara,13.6,42.3,,,,2.05,4.6,3.8,Card,32.89,Brunei-Muara,Brunei-Muara,Mustafa Kamal,7.18,26.61,October,2024,Sunday,1.0,10.8,OFF-200135,10/27/2024 17:56,accepted,10/27/2024 17:56,SESS-19846,10/27/2024 12:57,10/27/2024 19:57,10/27/2024 17:57,2025-02-21 06:38:00,2025-02-21 06:41:00,2025-02-21 06:48:00,2025-02-21 07:11:00,10/27/2024 17:59,4.94548,114.95631,4.97401,114.90117,3.5,3.92,3.38,12.8,FQ-7626,INV-342420,BND,VEH-726,Yes,Brunei-Muara,14,Normal,3,7/3/2023,Pass
2025-02-28,22:31:08,"""CNR9701090""",Completed,"""CID5501061""",Compact,Mentiri,Kuala Belait,3.8,12.1,,,,24.46,4.6,4.5,Dart Wallet,11.73,Brunei-Muara,Brunei-Muara,Shahrul Nizam,2.46,8.01,April,2024,Wednesday,0.0,8.5,OFF-200062,4/24/2024 22:30,rejected,4/24/2024 22:30,SESS-93507,4/24/2024 20:31,4/25/2024 1:31,4/24/2024 22:31,2025-02-28 09:51:00,2025-02-28 09:54:00,2025-02-28 09:56:00,2025-02-28 10:03:00,4/24/2024 22:35,4.96124,114.90419,4.95828,114.92584,3.5,3.92,0.97,13.39,FQ-8734,INV-511415,BND,VEH-252,Yes,Brunei-Muara,7,Normal,14,4/7/2023,Pass
2025-02-01,0:13:50,"""CNR6177422""",Cancelled,"""CID3215044""",Premium,Mata-Mata,Tutong Beach,8.0,31.6,,,,5.08,3.9,3.9,Cash,8.91,Tutong,Brunei-Muara,Mohd Hafiz,1.22,6.07,November,2024,Friday,1.0,8.7,OFF-200138,11/22/2024 0:13,accepted,11/22/2024 0:13,SESS-37455,11/21/2024 20:13,11/22/2024 3:13,11/22/2024 0:13,2025-02-01 23:14:00,2025-02-01 23:16:00,2025-02-01 23:21:00,2025-02-01 23:44:00,,4.84087,114.7318,4.89173,114.942,3.5,22.4,2.53,38.04,FQ-8005,INV-476323,BND,VEH-678,Yes,Temburong,4,High Demand Zone,10,3/9/2023,Pass
2025-02-25,7:43:45,"""CNR8952764""",Completed,"""CID4343834""",Sedan,Muara,Kiulap,14.2,33.0,,,,15.57,3.7,4.0,Dart Wallet,15.97,Belait,Brunei-Muara,Hamid Rashid,3.28,13.16,March,2024,Thursday,1.0,5.0,OFF-200080,3/14/2024 7:43,accepted,3/14/2024 7:43,SESS-39154,3/14/2024 3:43,3/14/2024 10:43,3/14/2024 7:43,2025-02-25 08:16:00,2025-02-25 08:19:00,2025-02-25 08:21:00,2025-02-25 08:45:00,3/14/2024 7:50,4.68688,114.38432,4.85825,114.97259,3.5,3.92,2.64,17.09,FQ-8954,INV-357026,BND,VEH-750,Yes,Tutong,4,High Demand Zone,5,3/26/2023,Pass
2025-02-10,17:57:12,"""CNR7253777""",Cancelled by Driver,"""CID3783637""",Premium,Serusop,Jangsak,13.6,42.3,,,,24.26,4.4,4.5,Dart Wallet,27.24,Brunei-Muara,Brunei-Muara,Mustafa Kamal,5.84,21.97,October,2024,Sunday,1.0,10.8,OFF-200135,10/27/2024 17:56,rejected,10/27/2024 17:56,SESS-19846,10/27/2024 12:57,10/27/2024 19:57,10/27/2024 17:57,2025-02-10 11:32:00,2025-02-10 11:34:00,2025-02-10 11:39:00,2025-02-10 11:58:00,10/27/2024 17:59,4.94548,114.95631,4.97401,114.90117,3.5,3.92,3.38,12.8,FQ-7626,INV-342420,BND,VEH-726,Yes,Temburong,14,Normal,3,7/3/2023,Pass
2025-02-26,18:57:42,"""CNR1401168""",Completed,"""CID2578107""",SUV,Jerudong,Kiulap,12.4,24.6,,,,13.81,4.8,4.2,Card,30.34,Brunei-Muara,Brunei-Muara,Haji Ramli,6.3,23.36,May,2024,Saturday,1.0,7.2,OFF-200162,5/25/2024 18:57,accepted,5/25/2024 18:57,SESS-68895,5/25/2024 15:57,5/25/2024 19:57,5/25/2024 18:57,2025-02-26 02:20:00,2025-02-26 02:23:00,2025-02-26 02:33:00,2025-02-26 03:06:00,,4.90637,114.97589,4.91939,114.85413,3.5,9.32,1.97,18.79,FQ-5954,INV-736927,BND,VEH-355,Yes,Brunei-Muara,12,Normal,2,7/29/2023,Pass
2025-02-15,18:57:42,"""CNR1401168""",Completed,"""CID2578107""",Compact,Kiulap,Bangar,12.4,24.6,,,,1.09,4.6,4.1,Online Banking,11.14,Brunei-Muara,Brunei-Muara,Haji Ramli,1.24,7.29,May,2024,Saturday,1.0,7.2,OFF-200162,5/25/2024 18:57,rejected,5/25/2024 18:57,SESS-68895,5/25/2024 15:57,5/25/2024 19:57,5/25/2024 18:57,2025-02-15 01:15:00,2025-02-15 01:19:00,2025-02-15 01:29:00,2025-02-15 01:42:00,,4.90637,114.97589,4.91939,114.85413,3.5,9.32,1.97,18.79,FQ-5954,INV-736927,BND,VEH-355,Yes,Temburong,12,Normal,2,7/29/2023,Pass
2025-02-18,15:25:55,"""CNR7374583""",Completed,"""CID2049576""",SUV,Mata-Mata,Lambak,11.6,11.6,,,,27.6,4.8,4.9,Dart Wallet,17.35,Belait,Brunei-Muara,Roslan Ahmad,1.94,12.05,February,2024,Friday,1.0,5.6,OFF-200032,2/2/2024 15:25,rejected,2/2/2024 15:25,SESS-14930,2/2/2024 10:25,2/2/2024 17:25,2/2/2024 15:25,2025-02-18 01:49:00,2025-02-18 01:50:00,2025-02-18 01:59:00,2025-02-18 02:08:00,,4.63734,114.1876,4.89436,114.89808,3.5,5.36,0.93,14.79,FQ-8563,INV-787245,BND,VEH-675,Yes,Tutong,6,Normal,9,12/12/2023,Pass
2025-02-05,11:06:44,"""CNR8442785""",Completed,"""CID7651154""",SUV,Tutong Beach,Serusop,3.2,43.6,,,,21.85,4.2,3.8,Cash,17.82,Tutong,Brunei-Muara,Ahmad Zaki,2.8,12.58,September,2024,Wednesday,0.0,4.5,OFF-200122,9/4/2024 11:05,accepted,9/4/2024 11:06,SESS-75925,9/4/2024 8:06,9/4/2024 14:06,9/4/2024 11:06,2025-02-05 20:50:00,2025-02-05 20:52:00,2025-02-05 20:55:00,2025-02-05 21:22:00,,4.67843,114.76523,4.9107,114.96154,3.5,13.79,3.49,25.78,FQ-8406,INV-615153,BND,VEH-696,Yes,Temburong,6,Normal,13,6/11/2023,Pass
2025-02-05,9:55:48,"""CNR4076785""",Cancelled by Driver,"""CID4419792""",Sedan,Muara,Berakas,11.7,29.7,,,,20.49,4.2,3.6,Cash,17.29,Brunei-Muara,Belait,Ahmad Zaki,2.36,14.14,December,2024,Tuesday,1.0,7.7,OFF-200004,12/3/2024 9:55,accepted,12/3/2024 9:55,SESS-75925,12/3/2024 4:55,12/3/2024 11:55,12/3/2024 9:55,2025-02-05 08:06:00,2025-02-05 08:10:00,2025-02-05 08:12:00,2025-02-05 08:24:00,,4.89715,114.85574,4.588,114.39263,3.5,5.43,2.38,10.81,FQ-9216,INV-903863,BND,VEH-696,Yes,Brunei-Muara,5,Normal,6,1/15/2024,Pass
2025-02-18,19:04:03,"""CNR4022181""",Completed,"""CID2052577""",Premium,Muara,Mentiri,11.3,13.8,,,,16.12,4.4,4.3,Card,34.54,Belait,Tutong,Sufian bin Haji Ali,4.88,24.3,December,2024,Wednesday,0.0,9.2,OFF-200040,12/11/2024 19:03,accepted,12/11/2024 19:03,SESS-22883,12/11/2024 15:04,12/11/2024 20:04,12/11/2024 19:04,2025-02-18 06:39:00,2025-02-18 06:44:00,2025-02-18 06:48:00,2025-02-18 06:56:00,,4.58866,114.2821,4.70237,114.65418,3.5,17.92,1.1,33.15,FQ-9435,INV-592900,BND,VEH-473,Yes,Tutong,7,High Demand Zone,14,10/25/2023,Pass
2025-02-24,8:12:03,"""CNR8336735""",Cancelled,"""CID2161274""",Premium,Sengkurong,Rimba,3.7,22.4,,,,6.33,4.8,3.8,Dart Wallet,12.6,Brunei-Muara,Brunei-Muara,Siti Aminah,1.72,9.25,October,2024,Friday,0.0,7.9,OFF-200027,10/18/2024 8:11,accepted,10/18/2024 8:11,SESS-19622,10/18/2024 5:12,10/18/2024 11:12,10/18/2024 8:12,2025-02-24 05:26:00,2025-02-24 05:30:00,2025-02-24 05:40:00,2025-02-24 06:12:00,,4.86262,114.96797,4.89841,114.88537,3.5,22.27,1.79,27.56,FQ-5309,INV-505061,BND,VEH-614,Yes,Brunei-Muara,11,Normal,6,4/7/2023,Pass
2025-02-05,22:11:25,"""CNR1993047""",Completed,"""CID2155317""",SUV,Bangar,Tutong Beach,14.8,42.7,,,,19.75,4.6,3.6,Dart Wallet,9.51,Brunei-Muara,Brunei-Muara,Syafiqah Yusof,2.16,7.9,June,2024,Sunday,1.0,10.0,OFF-200134,6/30/2024 22:11,accepted,6/30/2024 22:11,SESS-20137,6/30/2024 17:11,7/1/2024 1:11,6/30/2024 22:11,2025-02-05 14:44:00,2025-02-05 14:48:00,2025-02-05 14:58:00,2025-02-05 15:06:00,,4.91504,114.94118,4.96987,114.87202,3.5,3.22,3.42,15.18,FQ-5376,INV-178320,BND,VEH-214,Yes,Temburong,9,High Demand Zone,8,3/25/2023,Pass
2025-02-07,14:49:19,"""CNR1758100""",Completed,"""CID7007318""",Compact,Bangar,Berakas,10.3,23.4,,,,1.44,5.0,3.7,Card,33.62,Brunei-Muara,Brunei-Muara,Noraini Kassim,8.21,28.05,October,2024,Friday,0.0,6.9,OFF-200071,10/4/2024 14:48,accepted,10/4/2024 14:48,SESS-88755,10/4/2024 10:49,10/4/2024 16:49,10/4/2024 14:49,2025-02-07 01:14:00,2025-02-07 01:15:00,2025-02-07 01:17:00,2025-02-07 01:46:00,,4.85156,114.9388,4.97422,114.92309,3.5,3.7,1.87,13.6,FQ-6719,INV-204938,BND,VEH-967,Yes,Belait,4,High Demand Zone,12,1/17/2024,Pass
2025-02-16,5:42:27,"""CNR9492586""",Cancelled,"""CID7425592""",Premium,Bangar,Mentiri,8.7,44.4,,,,11.43,4.6,4.7,Dart Wallet,12.87,Brunei-Muara,Belait,Nabilah Hassan,2.19,10.56,July,2024,Tuesday,1.0,7.1,OFF-200011,7/16/2024 5:41,accepted,7/16/2024 5:41,SESS-68128,7/16/2024 2:42,7/16/2024 7:42,7/16/2024 5:42,2025-02-16 07:35:00,2025-02-16 07:39:00,2025-02-16 07:44:00,2025-02-16 08:27:00,,4.90991,114.86397,4.57885,114.17193,3.5,13.43,3.55,20.48,FQ-7000,INV-642952,BND,VEH-713,Yes,Belait,11,Normal,9,10/11/2023,Pass
2025-02-25,14:48:47,"""CNR8626386""",Completed,"""CID6488104""",SUV,Kiulap,Muara,13.2,29.6,,,,6.69,4.3,3.9,Cash,12.45,Belait,Brunei-Muara,Azizul Hasni,2.31,8.19,October,2024,Sunday,1.0,10.5,OFF-200161,10/27/2024 14:48,rejected,10/27/2024 14:48,SESS-32577,10/27/2024 9:48,10/27/2024 17:48,10/27/2024 14:48,2025-02-25 10:48:00,2025-02-25 10:51:00,2025-02-25 10:58:00,2025-02-25 11:16:00,,4.67317,114.37449,4.94355,114.888,3.5,3.42,2.37,9.29,FQ-9476,INV-887065,BND,VEH-480,Yes,Temburong,9,Normal,7,10/2/2023,Pass
2025-02-22,15:25:55,"""CNR7374583""",Completed,"""CID2049576""",SUV,Sengkurong,Lambak,11.6,11.6,,,,25.33,3.5,3.6,Dart Wallet,19.77,Belait,Brunei-Muara,Roslan Ahmad,4.4,12.23,February,2024,Friday,1.0,5.6,OFF-200032,2/2/2024 15:25,accepted,2/2/2024 15:25,SESS-14930,2/2/2024 10:25,2/2/2024 17:25,2/2/2024 15:25,2025-02-22 10:03:00,2025-02-22 10:07:00,2025-02-22 10:16:00,2025-02-22 10:52:00,,4.63734,114.1876,4.89436,114.89808,3.5,5.36,0.93,14.79,FQ-8563,INV-787245,BND,VEH-675,Yes,Belait,6,Normal,9,12/12/2023,Pass
2025-02-05,10:10:26,"""CNR5962220""",Cancelled by Driver,"""CID3747067""",Premium,Tutong Beach,Jangsak,13.8,19.7,,,,1.46,4.6,3.5,Cash,24.1,Brunei-Muara,Belait,Zulhelmi Ishak,3.9,17.67,March,2024,Wednesday,1.0,11.4,OFF-200047,3/13/2024 10:09,rejected,3/13/2024 10:09,SESS-38008,3/13/2024 5:10,3/13/2024 12:10,3/13/2024 10:10,2025-02-05 20:09:00,2025-02-05 20:10:00,2025-02-05 20:14:00,2025-02-05 20:23:00,3/13/2024 10:18,4.87729,114.86946,4.67722,114.27097,3.5,3.92,1.58,10.0,FQ-7793,INV-450849,BND,VEH-353,Yes,Belait,14,Normal,7,4/9/2023,Pass
2025-02-18,11:19:06,"""CNR3609994""",Completed,"""CID2703039""",SUV,Jerudong,Tutong Beach,11.0,40.1,,,,8.75,4.3,4.1,Card,29.09,Brunei-Muara,Belait,,4.54,20.34,February,2024,Thursday,,8.5,OFF-200150,2/22/2024 11:18,accepted,2/22/2024 11:18,SESS-16338,2/22/2024 9:19,2/22/2024 12:19,2/22/2024 11:19,2025-02-18 08:51:00,2025-02-18 08:53:00,2025-02-18 09:01:00,2025-02-18 09:38:00,,4.9529,114.92257,4.60565,114.22755,3.5,3.92,3.21,15.94,FQ-6583,INV-561935,BND,VEH-510,Yes,Brunei-Muara,9,High Demand Zone,12,7/18/2023,Pass
2025-02-23,22:34:44,"""CNR2832932""",Completed,"""CID2093358""",Compact,Rimba,Rimba,4.0,33.3,,,,25.51,5.0,5.0,Cash,5.65,Brunei-Muara,Belait,Shahrul Nizam,0.85,4.3,September,2024,Thursday,1.0,9.3,OFF-200061,9/19/2024 22:33,accepted,9/19/2024 22:33,SESS-93507,9/19/2024 17:34,9/20/2024 0:34,9/19/2024 22:34,2025-02-23 07:16:00,2025-02-23 07:17:00,2025-02-23 07:19:00,2025-02-23 07:29:00,,4.97195,114.87802,4.52003,114.28066,3.5,18.22,2.66,35.47,FQ-5020,INV-287413,BND,VEH-252,Yes,Temburong,12,High Demand Zone,9,9/7/2023,Pass
2025-02-17,14:08:13,"""CNR8483311""",Completed,"""CID5335612""",Sedan,Bandar Seri Begawan,Tutong Town,14.7,36.8,1.0,,,18.02,3.6,4.1,Card,33.77,Brunei-Muara,Brunei-Muara,Khairul Anuar,6.99,26.61,March,2024,Thursday,0.0,8.3,OFF-200036,3/7/2024 14:07,accepted,3/7/2024 14:08,SESS-78148,3/7/2024 12:08,3/7/2024 16:08,3/7/2024 14:08,2025-02-17 01:02:00,2025-02-17 01:05:00,2025-02-17 01:14:00,2025-02-17 01:32:00,3/7/2024 14:16,4.87607,114.91628,4.89107,114.95041,3.5,3.92,2.94,16.54,FQ-8173,INV-250204,BND,VEH-476,Yes,Brunei-Muara,12,High Demand Zone,13,10/17/2023,Pass
2025-02-06,14:41:56,"""CNR3422152""",Completed,"""CID9604726""",Sedan,Rimba,Serusop,13.5,42.5,,,,25.32,4.1,4.9,Online Banking,16.99,Tutong,Brunei-Muara,Siti Aminah,3.66,11.64,December,2024,Thursday,0.0,11.0,OFF-200098,12/26/2024 14:41,accepted,12/26/2024 14:41,SESS-19622,12/26/2024 9:41,12/26/2024 17:41,12/26/2024 14:41,2025-02-06 18:02:00,2025-02-06 18:07:00,2025-02-06 18:15:00,2025-02-06 18:56:00,,4.71618,114.76674,4.86274,114.94378,3.5,12.76,3.4,26.57,FQ-7001,INV-280068,BND,VEH-614,Yes,Tutong,11,High Demand Zone,14,1/29/2023,Pass
2025-02-25,14:16:33,"""CNR9623602""",Completed,"""CID9192664""",Compact,Muara,Sengkurong,4.7,23.2,,,,18.94,3.7,3.6,Dart Wallet,5.74,Brunei-Muara,Belait,Awangku Mohd,1.19,4.59,March,2024,Monday,1.0,8.0,OFF-200171,3/11/2024 14:15,rejected,3/11/2024 14:16,SESS-35925,3/11/2024 12:16,3/11/2024 15:16,3/11/2024 14:16,2025-02-25 09:51:00,2025-02-25 09:55:00,2025-02-25 10:01:00,2025-02-25 10:46:00,,4.94485,114.85971,4.54751,114.1511,3.5,5.83,1.86,21.78,FQ-5630,INV-210043,BND,VEH-727,Yes,Temburong,10,High Demand Zone,10,7/26/2023,Pass
2025-02-23,16:02:47,"""CNR7028693""",Completed,"""CID5551104""",Premium,Bandar Seri Begawan,Gadong,12.2,22.2,,,,3.53,3.7,4.3,Dart Wallet,6.27,Brunei-Muara,Brunei-Muara,Ridhwan Bakar,1.15,4.44,September,2024,Monday,1.0,7.0,OFF-200103,9/9/2024 16:01,accepted,9/9/2024 16:01,SESS-20959,9/9/2024 13:02,9/9/2024 17:02,9/9/2024 16:02,2025-02-23 19:59:00,2025-02-23 20:02:00,2025-02-23 20:09:00,2025-02-23 20:38:00,,4.8998,114.92244,4.96698,114.9224,3.5,5.6,1.78,13.82,FQ-7728,INV-412885,BND,VEH-504,Yes,Brunei-Muara,8,High Demand Zone,10,7/23/2023,Pass
2025-02-03,20:46:16,"""CNR5874746""",Cancelled by Driver,"""CID9596834""",Compact,Kuala Belait,Mata-Mata,8.5,33.8,,,,5.92,4.2,4.0,Cash,21.3,Belait,Brunei-Muara,Faisal Hakimi,2.57,14.81,June,2024,Sunday,1.0,9.9,OFF-200034,6/23/2024 20:45,accepted,6/23/2024 20:45,SESS-85181,6/23/2024 15:46,6/23/2024 22:46,6/23/2024 20:46,2025-02-03 11:24:00,2025-02-03 11:28:00,2025-02-03 11:35:00,2025-02-03 11:45:00,6/23/2024 20:54,4.66917,114.28965,4.89813,114.86034,3.5,3.92,2.7,15.12,FQ-8476,INV-245076,BND,VEH-126,Yes,Brunei-Muara,9,Normal,13,12/8/2023,Pass
2025-02-03,19:46:57,"""CNR3170614""",Cancelled,"""CID2321988""",Premium,Bandar Seri Begawan,Sengkurong,12.4,14.2,,,,4.93,4.1,4.8,Card,17.65,Brunei-Muara,Belait,Mustafa Kamal,2.81,10.62,June,2024,Saturday,1.0,9.3,OFF-200192,6/15/2024 19:46,accepted,6/15/2024 19:46,SESS-19846,6/15/2024 15:46,6/15/2024 20:46,6/15/2024 19:46,2025-02-03 05:16:00,2025-02-03 05:19:00,2025-02-03 05:27:00,2025-02-03 05:49:00,6/15/2024 19:54,4.9762,114.88656,4.64603,114.17047,3.5,3.92,1.14,10.7,FQ-6960,INV-653065,BND,VEH-726,Yes,Temburong,4,High Demand Zone,2,8/17/2023,Pass
2025-02-28,10:01:49,"""CNR5994386""",Completed,"""CID5100180""",SUV,Kuala Belait,Mentiri,9.6,17.4,,,,29.09,4.4,4.2,Dart Wallet,33.87,Brunei-Muara,Brunei-Muara,Hamid Rashid,6.92,22.79,June,2024,Wednesday,0.0,6.7,OFF-200100,6/12/2024 10:01,accepted,6/12/2024 10:01,SESS-39154,6/12/2024 6:01,6/12/2024 11:01,6/12/2024 10:01,2025-02-28 10:15:00,2025-02-28 10:20:00,2025-02-28 10:28:00,2025-02-28 10:54:00,,4.85784,114.86004,4.91782,114.92255,3.5,6.97,1.39,10.86,FQ-9392,INV-788877,BND,VEH-750,Yes,Belait,10,Normal,2,1/1/2024,Pass
2025-02-08,2:51:22,"""CNR6778932""",Cancelled,"""CID8872225""",SUV,Berakas,Bangar,14.5,21.9,,,,9.45,4.1,4.7,Cash,17.03,Tutong,Tutong,Nurul Izzah,3.8,13.17,January,2024,Wednesday,1.0,8.4,OFF-200174,1/3/2024 2:50,accepted,1/3/2024 2:50,SESS-35224,1/3/2024 0:51,1/3/2024 3:51,1/3/2024 2:51,2025-02-08 10:13:00,2025-02-08 10:16:00,2025-02-08 10:24:00,2025-02-08 10:46:00,,4.71025,114.76064,4.66094,114.78991,3.5,11.45,1.75,14.2,FQ-7333,INV-418725,BND,VEH-204,Yes,Brunei-Muara,8,Normal,1,3/2/2023,Pass
2025-02-16,9:41:19,"""CNR4332965""",Cancelled by Driver,"""CID2809404""",Sedan,Mata-Mata,Rimba,8.3,11.7,,,,16.5,3.6,4.1,Dart Wallet,21.63,Belait,Brunei-Muara,Roslan Ahmad,4.98,17.97,February,2024,Sunday,1.0,8.9,OFF-200130,2/25/2024 9:40,rejected,2/25/2024 9:40,SESS-14930,2/25/2024 5:41,2/25/2024 12:41,2/25/2024 9:41,2025-02-16 04:32:00,2025-02-16 04:35:00,2025-02-16 04:40:00,2025-02-16 05:04:00,2/25/2024 9:47,4.5047,114.21765,4.93141,114.97093,3.5,3.92,0.94,7.95,FQ-7271,INV-680275,BND,VEH-675,Yes,Belait,5,High Demand Zone,10,3/6/2023,Pass
2025-02-12,16:24:48,"""CNR5785058""",Completed,"""CID7525538""",Sedan,Sengkurong,Lambak,11.6,35.9,1.0,,,3.86,4.5,4.3,Dart Wallet,6.39,Brunei-Muara,Brunei-Muara,Aiman Hakim,1.35,4.19,October,2024,Friday,0.0,5.5,OFF-200000,10/25/2024 16:24,rejected,10/25/2024 16:24,SESS-93521,10/25/2024 13:24,10/25/2024 18:24,10/25/2024 16:24,2025-02-12 22:53:00,2025-02-12 22:54:00,2025-02-12 22:57:00,2025-02-12 23:36:00,10/25/2024 16:30,4.87265,114.86109,4.91072,114.91494,3.5,3.92,2.87,12.86,FQ-5728,INV-132772,BND,VEH-146,Yes,Belait,8,High Demand Zone,6,1/1/2024,Pass
2025-02-08,9:55:48,"""CNR4076785""",Completed,"""CID4419792""",Compact,Sengkurong,Gadong,11.7,29.7,,,,3.49,4.0,4.0,Cash,32.46,Brunei-Muara,Belait,Ahmad Zaki,6.8,26.22,December,2024,Tuesday,1.0,7.7,OFF-200004,12/3/2024 9:55,rejected,12/3/2024 9:55,SESS-75925,12/3/2024 4:55,12/3/2024 11:55,12/3/2024 9:55,2025-02-08 14:09:00,2025-02-08 14:14:00,2025-02-08 14:23:00,2025-02-08 14:53:00,,4.89715,114.85574,4.588,114.39263,3.5,5.43,2.38,10.81,FQ-9216,INV-903863,BND,VEH-696,Yes,Belait,5,Normal,6,1/15/2024,Pass
2025-02-26,13:52:53,"""CNR6076037""",Completed,"""CID7062179""",Premium,Jangsak,Jangsak,11.4,12.8,1.0,,,4.34,3.7,4.5,Cash,28.93,Belait,Tutong,Ibrahim Daud,5.7,23.5,January,2024,Monday,0.0,4.0,OFF-200141,1/15/2024 13:51,accepted,1/15/2024 13:52,SESS-97398,1/15/2024 9:52,1/15/2024 16:52,1/15/2024 13:52,2025-02-26 06:22:00,2025-02-26 06:26:00,2025-02-26 06:33:00,2025-02-26 07:08:00,1/15/2024 13:55,4.66258,114.38961,4.84392,114.7965,3.5,3.92,1.02,15.55,FQ-8235,INV-478504,BND,VEH-819,Yes,Brunei-Muara,8,High Demand Zone,2,2/22/2023,Pass
2025-02-24,18:40:17,"""CNR4802995""",Cancelled,"""CID9514652""",Compact,Bangar,Mata-Mata,12.5,36.3,,,,20.06,4.2,4.8,Card,8.96,Belait,Tutong,Faisal Hakimi,1.89,6.26,May,2024,Thursday,0.0,4.8,OFF-200102,5/16/2024 18:39,accepted,5/16/2024 18:39,SESS-85181,5/16/2024 14:40,5/16/2024 20:40,5/16/2024 18:40,2025-02-24 07:21:00,2025-02-24 07:23:00,2025-02-24 07:33:00,2025-02-24 07:49:00,,4.54355,114.15799,4.71193,114.62513,3.5,19.53,2.9,26.93,FQ-7602,INV-485042,BND,VEH-126,Yes,Tutong,7,Normal,9,1/19/2024,Pass
2025-02-14,15:46:39,"""CNR1091682""",Completed,"""CID1131593""",SUV,Jerudong,Bangar,3.4,14.7,1.0,,,8.61,4.4,4.5,Online Banking,17.64,Belait,Tutong,Abdul Rahman,3.16,14.39,July,2024,Thursday,0.0,11.0,OFF-200026,7/4/2024 15:45,accepted,7/4/2024 15:45,SESS-85776,7/4/2024 12:46,7/4/2024 18:46,7/4/2024 15:46,2025-02-14 11:52:00,2025-02-14 11:55:00,2025-02-14 12:00:00,2025-02-14 12:18:00,7/4/2024 15:55,4.65763,114.19244,4.65554,114.72602,3.5,3.92,1.18,10.75,FQ-9428,INV-959254,BND,VEH-428,Yes,Brunei-Muara,6,High Demand Zone,6,9/11/2023,Pass
2025-02-20,22:24:03,"""CNR9205944""",Completed,"""CID2975665""",Sedan,Lambak,Kuala Belait,10.1,35.5,,,,4.39,4.4,4.1,Card,10.63,Belait,Brunei-Muara,,1.29,7.37,July,2024,Sunday,,7.6,OFF-200136,7/14/2024 22:23,accepted,7/14/2024 22:23,SESS-16338,7/14/2024 17:24,7/15/2024 1:24,7/14/2024 22:24,2025-02-20 12:27:00,2025-02-20 12:30:00,2025-02-20 12:37:00,2025-02-20 12:49:00,,4.65695,114.26303,4.96827,114.92521,3.5,3.92,2.84,10.26,FQ-7907,INV-658083,BND,VEH-510,Yes,Temburong,10,Normal,14,9/8/2023,Pass
2025-02-19,15:02:29,"""CNR6886384""",Completed,"""CID6455263""",Compact,Bangar,Lambak,13.0,10.2,,,,14.08,3.7,3.5,Online Banking,13.07,Belait,Brunei-Muara,Zulhelmi Ishak,2.01,8.02,November,2024,Tuesday,0.0,5.5,OFF-200014,11/19/2024 15:02,accepted,11/19/2024 15:02,SESS-38008,11/19/2024 10:02,11/19/2024 17:02,11/19/2024 15:02,2025-02-19 12:13:00,2025-02-19 12:18:00,2025-02-19 12:27:00,2025-02-19 12:43:00,,4.57292,114.14499,4.85556,114.96281,3.5,7.24,0.82,19.45,FQ-8698,INV-370782,BND,VEH-353,Yes,Belait,4,High Demand Zone,6,1/8/2023,Pass
2025-02-27,16:37:19,"""CNR7492796""",Completed,"""CID7866026""",Compact,Mata-Mata,Jangsak,2.3,31.7,,,,7.4,4.7,3.9,Card,28.47,Belait,Brunei-Muara,,3.81,17.31,March,2024,Wednesday,,6.0,OFF-200089,3/13/2024 16:36,accepted,3/13/2024 16:36,SESS-16338,3/13/2024 13:37,3/13/2024 18:37,3/13/2024 16:37,2025-02-27 12:22:00,2025-02-27 12:26:00,2025-02-27 12:35:00,2025-02-27 13:12:00,,4.6872,114.36158,4.8765,114.87703,3.5,3.92,2.54,14.94,FQ-6417,INV-489304,BND,VEH-510,Yes,Temburong,12,High Demand Zone,13,7/31/2023,Pass
2025-03-19,18:22:20,"""CNR7385162""",Cancelled,"""CID4223292""",Premium,Jerudong,Tutong Town,12.9,29.0,,,,3.97,5.0,3.9,Cash,34.67,Belait,Brunei-Muara,,7.37,28.0,July,2024,Sunday,,5.2,OFF-200041,7/14/2024 18:21,accepted,7/14/2024 18:21,SESS-16338,7/14/2024 14:22,7/14/2024 21:22,7/14/2024 18:22,2025-03-19 23:34:00,2025-03-19 23:39:00,2025-03-19 23:49:00,2025-03-20 00:25:00,,4.57838,114.37354,4.96925,114.91966,3.5,3.92,2.32,10.74,FQ-6215,INV-299624,BND,VEH-510,Yes,Brunei-Muara,4,Normal,4,9/17/2023,Pass
2025-03-15,11:54:01,"""CNR5104565""",Cancelled by Driver,"""CID1463708""",Compact,Berakas,Sengkurong,12.3,39.4,,,,24.59,4.4,4.3,Card,28.12,Tutong,Brunei-Muara,Aiman Hakim,5.22,22.53,June,2024,Tuesday,0.0,8.3,OFF-200123,6/18/2024 11:53,accepted,6/18/2024 11:53,SESS-93521,6/18/2024 9:54,6/18/2024 14:54,6/18/2024 11:54,2025-03-15 08:12:00,2025-03-15 08:13:00,2025-03-15 08:22:00,2025-03-15 08:32:00,,4.77393,114.7443,4.9316,114.86791,3.5,6.15,3.15,17.0,FQ-8434,INV-155340,BND,VEH-146,Yes,Belait,11,High Demand Zone,6,12/8/2023,Pass
2025-03-06,14:11:18,"""CNR7599370""",Completed,"""CID2185983""",SUV,Tutong Beach,Jerudong,11.3,32.9,,,,4.68,4.7,4.6,Dart Wallet,30.75,Brunei-Muara,Brunei-Muara,Ibrahim Daud,4.23,25.11,May,2024,Friday,1.0,11.2,OFF-200178,5/17/2024 14:10,accepted,5/17/2024 14:10,SESS-97398,5/17/2024 10:11,5/17/2024 16:11,5/17/2024 14:11,2025-03-06 10:34:00,2025-03-06 10:39:00,2025-03-06 10:45:00,2025-03-06 11:08:00,5/17/2024 14:13,4.8752,114.94021,4.90569,114.86229,3.5,3.92,2.63,10.05,FQ-5244,INV-752074,BND,VEH-819,Yes,Tutong,10,Normal,6,2/12/2023,Pass
2025-03-25,22:31:08,"""CNR9701090""",Completed,"""CID5501061""",Compact,Mata-Mata,Rimba,3.8,12.1,,,,9.07,4.0,4.9,Cash,19.5,Brunei-Muara,Brunei-Muara,Shahrul Nizam,3.03,16.26,April,2024,Wednesday,0.0,8.5,OFF-200062,4/24/2024 22:30,rejected,4/24/2024 22:30,SESS-93507,4/24/2024 20:31,4/25/2024 1:31,4/24/2024 22:31,2025-03-25 21:16:00,2025-03-25 21:21:00,2025-03-25 21:25:00,2025-03-25 22:01:00,4/24/2024 22:35,4.96124,114.90419,4.95828,114.92584,3.5,3.92,0.97,13.39,FQ-8734,INV-511415,BND,VEH-252,Yes,Tutong,7,Normal,14,4/7/2023,Pass
2025-03-01,18:13:05,"""CNR8068577""",Completed,"""CID2385957""",SUV,Berakas,Mata-Mata,6.2,12.8,,,,10.79,4.0,4.2,Dart Wallet,29.51,Brunei-Muara,Brunei-Muara,Ahmad Zaki,5.46,21.97,May,2024,Wednesday,1.0,8.7,OFF-200095,5/22/2024 18:12,accepted,5/22/2024 18:12,SESS-75925,5/22/2024 13:13,5/22/2024 19:13,5/22/2024 18:13,2025-03-01 22:57:00,2025-03-01 22:58:00,2025-03-01 23:05:00,2025-03-01 23:39:00,,4.94939,114.8792,4.89032,114.95803,3.5,3.61,1.02,8.66,FQ-8741,INV-864083,BND,VEH-696,Yes,Temburong,8,High Demand Zone,5,4/25/2023,Pass
2025-03-22,12:28:08,"""CNR8559128""",Cancelled,"""CID1831657""",Compact,Lambak,Jangsak,4.4,42.0,,,,27.37,4.8,4.8,Cash,34.86,Brunei-Muara,Tutong,Mustafa Kamal,5.06,28.6,October,2024,Monday,0.0,6.2,OFF-200051,10/14/2024 12:27,accepted,10/14/2024 12:27,SESS-19846,10/14/2024 8:28,10/14/2024 13:28,10/14/2024 12:28,2025-03-22 00:52:00,2025-03-22 00:53:00,2025-03-22 01:02:00,2025-03-22 01:13:00,,4.91015,114.9056,4.7977,114.71322,3.5,12.08,3.36,33.41,FQ-9715,INV-567503,BND,VEH-726,Yes,Brunei-Muara,7,High Demand Zone,12,3/3/2023,Pass
2025-03-03,18:13:05,"""CNR8068577""",Cancelled,"""CID2385957""",Premium,Kiulap,Rimba,6.2,12.8,,,,1.03,4.5,3.8,Card,25.52,Brunei-Muara,Brunei-Muara,Ahmad Zaki,3.06,18.35,May,2024,Wednesday,1.0,8.7,OFF-200095,5/22/2024 18:12,accepted,5/22/2024 18:12,SESS-75925,5/22/2024 13:13,5/22/2024 19:13,5/22/2024 18:13,2025-03-03 20:17:00,2025-03-03 20:20:00,2025-03-03 20:23:00,2025-03-03 20:44:00,,4.94939,114.8792,4.89032,114.95803,3.5,3.61,1.02,8.66,FQ-8741,INV-864083,BND,VEH-696,Yes,Belait,8,High Demand Zone,5,4/25/2023,Pass
2025-03-01,7:00:48,"""CNR4534216""",Completed,"""CID4657162""",SUV,Lumut,Bandar Seri Begawan,8.8,26.9,,1.0,Customer Demand,11.66,4.8,4.7,Dart Wallet,6.3,Brunei-Muara,Brunei-Muara,Farhana Yusof,0.99,4.25,September,2024,Monday,1.0,5.2,OFF-200131,9/30/2024 7:00,accepted,9/30/2024 7:00,SESS-31967,9/30/2024 5:00,9/30/2024 8:00,9/30/2024 7:00,2025-03-01 00:37:00,2025-03-01 00:41:00,2025-03-01 00:44:00,2025-03-01 01:10:00,,4.95842,114.96845,4.97889,114.8587,3.5,1.35,2.15,8.75,FQ-5227,INV-291739,BND,VEH-674,Yes,Belait,8,High Demand Zone,12,2/4/2023,Pass
2025-03-21,11:19:06,"""CNR3609994""",Completed,"""CID2703039""",Premium,Lambak,Jangsak,11.0,40.1,,,,13.83,3.7,3.7,Card,22.71,Brunei-Muara,Belait,,5.33,14.86,February,2024,Thursday,,8.5,OFF-200150,2/22/2024 11:18,rejected,2/22/2024 11:18,SESS-16338,2/22/2024 9:19,2/22/2024 12:19,2/22/2024 11:19,2025-03-21 20:54:00,2025-03-21 20:59:00,2025-03-21 21:09:00,2025-03-21 21:18:00,,4.9529,114.92257,4.60565,114.22755,3.5,3.92,3.21,15.94,FQ-6583,INV-561935,BND,VEH-510,Yes,Brunei-Muara,9,High Demand Zone,12,7/18/2023,Pass
2025-03-24,16:17:08,"""CNR3966448""",Completed,"""CID4889324""",SUV,Tutong Town,Bandar Seri Begawan,7.3,26.5,,,,18.6,4.7,4.5,Online Banking,9.57,Belait,Belait,Faisal Hakimi,1.52,6.19,February,2024,Friday,1.0,9.2,OFF-200142,2/23/2024 16:16,accepted,2/23/2024 16:16,SESS-85181,2/23/2024 11:17,2/23/2024 18:17,2/23/2024 16:17,2025-03-24 12:13:00,2025-03-24 12:15:00,2025-03-24 12:22:00,2025-03-24 12:54:00,,4.63084,114.22862,4.53255,114.18426,3.5,17.03,2.12,24.65,FQ-6771,INV-391024,BND,VEH-126,Yes,Belait,9,Normal,11,11/30/2023,Pass
2025-03-26,18:51:11,"""CNR5215080""",Completed,"""CID8772824""",Sedan,Bandar Seri Begawan,Tutong Beach,3.8,43.0,,,,25.33,4.2,3.8,Online Banking,15.38,Brunei-Muara,Belait,Nurul Izzah,2.8,10.85,March,2024,Friday,0.0,9.6,OFF-200170,3/29/2024 18:50,accepted,3/29/2024 18:51,SESS-35224,3/29/2024 16:51,3/29/2024 19:51,3/29/2024 18:51,2025-03-26 07:26:00,2025-03-26 07:28:00,2025-03-26 07:31:00,2025-03-26 08:00:00,3/29/2024 18:57,4.87112,114.94696,4.60348,114.26603,3.5,3.92,3.44,18.29,FQ-9633,INV-387567,BND,VEH-204,Yes,Temburong,6,High Demand Zone,6,2/2/2024,Pass
2025-03-25,18:45:44,"""CNR8732810""",Cancelled by Driver,"""CID7655227""",Sedan,Berakas,Kiulap,2.9,15.8,,,,15.53,4.3,3.6,Dart Wallet,23.11,Belait,Belait,Awangku Mohd,4.74,16.27,December,2024,Saturday,1.0,7.6,OFF-200028,12/14/2024 18:45,accepted,12/14/2024 18:45,SESS-35925,12/14/2024 13:45,12/14/2024 21:45,12/14/2024 18:45,2025-03-25 01:57:00,2025-03-25 01:58:00,2025-03-25 02:01:00,2025-03-25 02:43:00,,4.68325,114.27029,4.57895,114.31538,3.5,20.26,1.26,37.53,FQ-7757,INV-663724,BND,VEH-727,Yes,Tutong,11,High Demand Zone,5,5/3/2023,Pass
2025-03-20,12:29:52,"""CNR6025689""",Cancelled by Driver,"""CID8921108""",Premium,Serusop,Bangar,4.7,10.3,,,,13.69,4.9,3.9,Dart Wallet,12.93,Brunei-Muara,Tutong,,1.76,10.84,January,2024,Wednesday,,4.1,OFF-200035,1/10/2024 12:29,accepted,1/10/2024 12:29,SESS-16338,1/10/2024 7:29,1/10/2024 13:29,1/10/2024 12:29,2025-03-20 04:10:00,2025-03-20 04:11:00,2025-03-20 04:17:00,2025-03-20 04:27:00,,4.88513,114.87098,4.72785,114.79049,3.5,3.92,0.82,10.74,FQ-7079,INV-366816,BND,VEH-510,Yes,Belait,12,Normal,1,5/27/2023,Pass
2025-03-04,16:14:46,"""CNR8215682""",Completed,"""CID4968980""",SUV,Jerudong,Gadong,14.6,11.8,,,,16.17,3.7,3.8,Cash,33.5,Brunei-Muara,Tutong,Awangku Mohd,6.97,26.66,February,2024,Saturday,0.0,6.9,OFF-200012,2/10/2024 16:14,rejected,2/10/2024 16:14,SESS-35925,2/10/2024 11:14,2/10/2024 17:14,2/10/2024 16:14,2025-03-04 14:34:00,2025-03-04 14:37:00,2025-03-04 14:39:00,2025-03-04 15:22:00,,4.93645,114.91644,4.81403,114.7482,3.5,10.1,0.94,14.54,FQ-9491,INV-310926,BND,VEH-727,Yes,Belait,12,Normal,11,2/3/2023,Pass
2025-03-25,13:13:54,"""CNR3596717""",Cancelled by Driver,"""CID8580939""",Sedan,Tutong Town,Tutong Beach,13.7,25.9,,,,15.81,3.7,3.8,Online Banking,18.88,Brunei-Muara,Tutong,Mustafa Kamal,4.32,11.59,February,2024,Sunday,1.0,11.8,OFF-200159,2/4/2024 13:13,accepted,2/4/2024 13:13,SESS-19846,2/4/2024 9:13,2/4/2024 16:13,2/4/2024 13:13,2025-03-25 08:41:00,2025-03-25 08:44:00,2025-03-25 08:46:00,2025-03-25 08:58:00,2/4/2024 13:21,4.8933,114.97365,4.83844,114.76267,3.5,3.92,2.07,9.49,FQ-7476,INV-342528,BND,VEH-726,Yes,Temburong,12,Normal,2,7/29/2023,Pass
2025-03-25,22:28:34,"""CNR2006666""",Cancelled,"""CID7686049""",SUV,Kiulap,Gadong,9.4,15.2,,,,5.35,4.9,4.3,Cash,15.26,Tutong,Brunei-Muara,Siti Aminah,3.49,12.71,March,2024,Tuesday,1.0,8.8,OFF-200070,3/5/2024 22:27,accepted,3/5/2024 22:27,SESS-19622,3/5/2024 17:28,3/5/2024 23:28,3/5/2024 22:28,2025-03-25 03:52:00,2025-03-25 03:54:00,2025-03-25 03:57:00,2025-03-25 04:38:00,,4.77975,114.77754,4.97927,114.94094,3.5,3.23,1.22,11.95,FQ-5529,INV-351338,BND,VEH-614,Yes,Brunei-Muara,4,Normal,4,7/30/2023,Pass
2025-03-24,9:12:30,"""CNR2094763""",Completed,"""CID8322650""",Sedan,Mentiri,Tutong Town,14.0,16.5,,,,24.33,4.2,3.6,Online Banking,8.74,Brunei-Muara,Brunei-Muara,Abdul Rahman,2.12,7.39,July,2024,Tuesday,0.0,8.3,OFF-200186,7/2/2024 9:11,accepted,7/2/2024 9:11,SESS-85776,7/2/2024 4:12,7/2/2024 10:12,7/2/2024 9:12,2025-03-24 20:17:00,2025-03-24 20:19:00,2025-03-24 20:26:00,2025-03-24 20:45:00,,4.90088,114.88958,4.92678,114.91289,3.5,1.64,1.32,10.07,FQ-9280,INV-856112,BND,VEH-428,Yes,Temburong,7,High Demand Zone,11,12/10/2023,Pass
2025-03-10,10:41:11,"""CNR1282098""",Cancelled by Driver,"""CID4893475""",Premium,Sengkurong,Berakas,11.5,13.3,,,,18.16,4.9,3.8,Online Banking,17.85,Brunei-Muara,Tutong,Noraini Kassim,3.85,12.91,December,2024,Monday,1.0,10.8,OFF-200085,12/16/2024 10:40,accepted,12/16/2024 10:40,SESS-88755,12/16/2024 8:41,12/16/2024 13:41,12/16/2024 10:41,2025-03-10 09:06:00,2025-03-10 09:10:00,2025-03-10 09:20:00,2025-03-10 09:30:00,,4.85943,114.89897,4.79064,114.74205,3.5,17.09,1.06,22.65,FQ-8604,INV-541408,BND,VEH-967,Yes,Brunei-Muara,8,Normal,9,4/8/2023,Pass
2025-03-25,8:12:03,"""CNR8336735""",Completed,"""CID2161274""",Sedan,Bangar,Sengkurong,3.7,22.4,,,,22.09,4.2,3.9,Online Banking,30.17,Brunei-Muara,Brunei-Muara,Siti Aminah,5.41,18.89,October,2024,Friday,0.0,7.9,OFF-200027,10/18/2024 8:11,rejected,10/18/2024 8:11,SESS-19622,10/18/2024 5:12,10/18/2024 11:12,10/18/2024 8:12,2025-03-25 07:00:00,2025-03-25 07:01:00,2025-03-25 07:09:00,2025-03-25 07:14:00,,4.86262,114.96797,4.89841,114.88537,3.5,22.27,1.79,27.56,FQ-5309,INV-505061,BND,VEH-614,Yes,Belait,11,Normal,6,4/7/2023,Pass
2025-03-02,14:53:44,"""CNR4380250""",Completed,"""CID3152566""",Premium,Tutong Beach,Mata-Mata,11.2,35.0,,,,19.48,4.5,3.6,Dart Wallet,19.17,Brunei-Muara,Tutong,Faisal Hakimi,3.62,13.39,December,2024,Saturday,1.0,10.4,OFF-200065,12/14/2024 14:52,accepted,12/14/2024 14:52,SESS-85181,12/14/2024 10:53,12/14/2024 16:53,12/14/2024 14:53,2025-03-02 04:41:00,2025-03-02 04:42:00,2025-03-02 04:45:00,2025-03-02 05:07:00,12/14/2024 15:01,4.86127,114.96102,4.74484,114.69489,3.5,3.92,2.8,19.33,FQ-5396,INV-883055,BND,VEH-126,Yes,Belait,4,High Demand Zone,8,1/31/2024,Pass
2025-03-05,17:14:49,"""CNR1552056""",Completed,"""CID6419575""",Premium,Mentiri,Jangsak,5.3,43.3,1.0,,,23.33,4.0,4.2,Card,7.36,Belait,Brunei-Muara,Ahmad Zaki,0.85,4.62,January,2024,Monday,0.0,11.1,OFF-200169,1/29/2024 17:14,accepted,1/29/2024 17:14,SESS-75925,1/29/2024 13:14,1/29/2024 19:14,1/29/2024 17:14,2025-03-05 07:07:00,2025-03-05 07:11:00,2025-03-05 07:18:00,2025-03-05 07:39:00,1/29/2024 17:16,4.51246,114.39622,4.87596,114.88295,3.5,3.92,3.46,14.6,FQ-8820,INV-663993,BND,VEH-696,Yes,Tutong,11,High Demand Zone,6,7/20/2023,Pass
2025-03-04,15:55:20,"""CNR7252097""",Completed,"""CID3908872""",Sedan,Tutong Town,Jerudong,2.3,12.7,,,,25.84,4.1,5.0,Card,9.88,Brunei-Muara,Brunei-Muara,Nabilah Hassan,2.04,6.29,February,2024,Sunday,0.0,4.2,OFF-200044,2/25/2024 15:54,accepted,2/25/2024 15:54,SESS-68128,2/25/2024 11:55,2/25/2024 16:55,2/25/2024 15:55,2025-03-04 17:10:00,2025-03-04 17:13:00,2025-03-04 17:22:00,2025-03-04 17:40:00,,4.89414,114.96289,4.94995,114.9185,3.5,6.7,1.02,15.33,FQ-5263,INV-289555,BND,VEH-713,Yes,Temburong,12,High Demand Zone,7,1/9/2024,Pass
2025-03-02,22:34:44,"""CNR2832932""",Cancelled,"""CID2093358""",SUV,Jangsak,Bangar,4.0,33.3,,,,5.05,3.7,5.0,Cash,28.72,Brunei-Muara,Belait,Shahrul Nizam,6.45,17.32,September,2024,Thursday,1.0,9.3,OFF-200061,9/19/2024 22:33,accepted,9/19/2024 22:33,SESS-93507,9/19/2024 17:34,9/20/2024 0:34,9/19/2024 22:34,2025-03-02 21:14:00,2025-03-02 21:15:00,2025-03-02 21:19:00,2025-03-02 21:40:00,,4.97195,114.87802,4.52003,114.28066,3.5,18.22,2.66,35.47,FQ-5020,INV-287413,BND,VEH-252,Yes,Temburong,12,High Demand Zone,9,9/7/2023,Pass
2025-03-27,7:57:52,"""CNR2678197""",Cancelled,"""CID7334919""",Sedan,Bandar Seri Begawan,Gadong,9.5,32.7,,,,25.57,3.6,4.9,Card,5.94,Brunei-Muara,Brunei-Muara,Nurul Izzah,0.7,4.77,September,2024,Wednesday,0.0,4.0,OFF-200184,9/25/2024 7:57,accepted,9/25/2024 7:57,SESS-35224,9/25/2024 2:57,9/25/2024 8:57,9/25/2024 7:57,2025-03-27 12:15:00,2025-03-27 12:20:00,2025-03-27 12:23:00,2025-03-27 13:08:00,,4.85129,114.86578,4.9116,114.86929,3.5,1.26,2.62,14.22,FQ-7563,INV-931902,BND,VEH-204,Yes,Tutong,9,High Demand Zone,14,8/26/2023,Pass
2025-03-30,7:20:29,"""CNR4672986""",Completed,"""CID8960852""",Premium,Mata-Mata,Lambak,13.7,10.3,,,,26.62,3.9,3.9,Card,11.96,Belait,Brunei-Muara,Ibrahim Daud,2.31,7.28,July,2024,Wednesday,1.0,7.1,OFF-200133,7/31/2024 7:19,accepted,7/31/2024 7:19,SESS-97398,7/31/2024 4:20,7/31/2024 10:20,7/31/2024 7:20,2025-03-30 18:17:00,2025-03-30 18:18:00,2025-03-30 18:27:00,2025-03-30 18:57:00,7/31/2024 7:29,4.58686,114.31698,4.88236,114.96428,3.5,3.92,0.82,8.24,FQ-7037,INV-974938,BND,VEH-819,Yes,Temburong,7,Normal,14,3/7/2023,Pass
2025-03-14,8:12:03,"""CNR8336735""",Cancelled by Driver,"""CID2161274""",SUV,Serusop,Mata-Mata,3.7,22.4,,,,23.68,4.9,4.2,Card,34.66,Brunei-Muara,Brunei-Muara,Siti Aminah,6.3,23.91,October,2024,Friday,0.0,7.9,OFF-200027,10/18/2024 8:11,accepted,10/18/2024 8:11,SESS-19622,10/18/2024 5:12,10/18/2024 11:12,10/18/2024 8:12,2025-03-14 17:24:00,2025-03-14 17:27:00,2025-03-14 17:30:00,2025-03-14 17:38:00,,4.86262,114.96797,4.89841,114.88537,3.5,22.27,1.79,27.56,FQ-5309,INV-505061,BND,VEH-614,Yes,Temburong,11,Normal,6,4/7/2023,Pass
2025-03-17,8:12:03,"""CNR8336735""",Cancelled,"""CID2161274""",Premium,Muara,Gadong,3.7,22.4,,,,29.99,3.9,4.5,Cash,27.54,Brunei-Muara,Brunei-Muara,Siti Aminah,3.17,23.23,October,2024,Friday,0.0,7.9,OFF-200027,10/18/2024 8:11,accepted,10/18/2024 8:11,SESS-19622,10/18/2024 5:12,10/18/2024 11:12,10/18/2024 8:12,2025-03-17 10:19:00,2025-03-17 10:20:00,2025-03-17 10:24:00,2025-03-17 10:46:00,,4.86262,114.96797,4.89841,114.88537,3.5,22.27,1.79,27.56,FQ-5309,INV-505061,BND,VEH-614,Yes,Tutong,11,Normal,6,4/7/2023,Pass
2025-03-27,10:49:18,"""CNR3535477""",Cancelled by Driver,"""CID7165580""",Premium,Lambak,Muara,14.2,34.8,,,,11.2,4.8,4.9,Online Banking,25.51,Brunei-Muara,Belait,Awangku Mohd,3.09,18.93,October,2024,Friday,1.0,6.1,OFF-200107,10/25/2024 10:48,accepted,10/25/2024 10:48,SESS-35925,10/25/2024 6:49,10/25/2024 11:49,10/25/2024 10:49,2025-03-27 22:52:00,2025-03-27 22:55:00,2025-03-27 23:03:00,2025-03-27 23:22:00,10/25/2024 10:55,4.9016,114.93996,4.65616,114.3252,3.5,3.92,2.78,15.2,FQ-6907,INV-558468,BND,VEH-727,Yes,Belait,4,Normal,11,2/22/2023,Pass
2025-03-26,20:43:20,"""CNR4712889""",Completed,"""CID6274332""",SUV,Bandar Seri Begawan,Kiulap,14.3,13.6,,,,27.62,4.9,4.6,Card,3.02,Brunei-Muara,Brunei-Muara,Mohd Hafiz,0.36,1.96,October,2024,Thursday,1.0,11.4,OFF-200043,10/31/2024 20:42,rejected,10/31/2024 20:42,SESS-37455,10/31/2024 16:43,10/31/2024 23:43,10/31/2024 20:43,2025-03-26 15:26:00,2025-03-26 15:30:00,2025-03-26 15:34:00,2025-03-26 15:58:00,,4.95094,114.93896,4.92561,114.94744,3.5,4.42,1.09,11.01,FQ-7673,INV-226844,BND,VEH-678,Yes,Brunei-Muara,8,Normal,5,4/8/2023,Pass
2025-03-28,14:59:17,"""CNR6784305""",Completed,"""CID9250370""",Premium,Jerudong,Tutong Beach,11.5,36.6,,,,10.76,4.2,4.6,Cash,21.75,Brunei-Muara,Brunei-Muara,Sufian bin Haji Ali,5.36,14.8,July,2024,Saturday,0.0,11.8,OFF-200083,7/6/2024 14:58,rejected,7/6/2024 14:58,SESS-22883,7/6/2024 9:59,7/6/2024 16:59,7/6/2024 14:59,2025-03-28 09:54:00,2025-03-28 09:59:00,2025-03-28 10:03:00,2025-03-28 10:09:00,,4.894,114.93164,4.95329,114.94433,3.5,7.14,2.93,20.36,FQ-9351,INV-505010,BND,VEH-473,Yes,Belait,13,High Demand Zone,1,1/12/2024,Pass
2025-03-21,17:26:43,"""CNR5058425""",Completed,"""CID8939404""",Compact,Muara,Lambak,2.4,35.3,,,,1.05,4.7,4.8,Online Banking,8.69,Brunei-Muara,Belait,Ridhwan Bakar,1.62,6.74,July,2024,Saturday,0.0,4.9,OFF-200029,7/6/2024 17:26,accepted,7/6/2024 17:26,SESS-20959,7/6/2024 13:26,7/6/2024 18:26,7/6/2024 17:26,2025-03-21 15:32:00,2025-03-21 15:37:00,2025-03-21 15:41:00,2025-03-21 16:06:00,,4.96512,114.89779,4.62049,114.24781,3.5,3.67,2.82,17.48,FQ-8863,INV-156526,BND,VEH-504,Yes,Tutong,9,High Demand Zone,4,1/1/2023,Pass
2025-03-19,2:54:41,"""CNR4689937""",Completed,"""CID3896706""",SUV,Jerudong,Lumut,4.1,44.0,,,,10.27,4.5,4.7,Online Banking,14.1,Brunei-Muara,Belait,Abdul Rahman,3.45,10.7,August,2024,Wednesday,1.0,7.0,OFF-200189,8/28/2024 2:54,accepted,8/28/2024 2:54,SESS-85776,8/27/2024 21:54,8/28/2024 4:54,8/28/2024 2:54,2025-03-19 00:59:00,2025-03-19 01:04:00,2025-03-19 01:11:00,2025-03-19 01:54:00,8/28/2024 2:58,4.91149,114.92542,4.69683,114.35312,3.5,3.92,3.52,14.68,FQ-6394,INV-575507,BND,VEH-428,Yes,Belait,10,High Demand Zone,13,4/3/2023,Pass
2025-03-24,18:04:38,"""CNR7294023""",Completed,"""CID4171544""",Premium,Bandar Seri Begawan,Sengkurong,10.8,42.3,,1.0,Customer Demand,22.24,4.1,4.2,Cash,15.35,Tutong,Brunei-Muara,Ibrahim Daud,3.57,12.93,February,2024,Saturday,1.0,7.9,OFF-200074,2/24/2024 18:03,accepted,2/24/2024 18:03,SESS-97398,2/24/2024 14:04,2/24/2024 21:04,2/24/2024 18:04,2025-03-24 10:20:00,2025-03-24 10:22:00,2025-03-24 10:28:00,2025-03-24 10:33:00,,4.80558,114.7372,4.90277,114.88197,3.5,4.92,3.38,11.8,FQ-7097,INV-940986,BND,VEH-819,Yes,Belait,8,Normal,3,10/12/2023,Pass
2025-03-18,14:27:41,"""CNR7498137""",Completed,"""CID9299897""",Premium,Bandar Seri Begawan,Kiulap,12.3,38.7,,,,3.15,4.3,4.6,Cash,33.45,Brunei-Muara,Brunei-Muara,Faisal Hakimi,5.23,21.49,January,2024,Friday,1.0,8.5,OFF-200127,1/12/2024 14:26,accepted,1/12/2024 14:26,SESS-85181,1/12/2024 11:27,1/12/2024 16:27,1/12/2024 14:27,2025-03-18 11:59:00,2025-03-18 12:01:00,2025-03-18 12:06:00,2025-03-18 12:41:00,,4.89756,114.89802,4.93703,114.92727,3.5,1.57,3.1,8.71,FQ-7692,INV-195013,BND,VEH-126,Yes,Temburong,13,High Demand Zone,10,6/16/2023,Pass
2025-03-29,16:51:11,"""CNR2860348""",Completed,"""CID5578022""",SUV,Lambak,Mata-Mata,10.2,34.2,,,,6.51,3.9,4.6,Cash,9.58,Brunei-Muara,Brunei-Muara,Aiman Hakim,2.0,7.42,October,2024,Monday,0.0,10.2,OFF-200091,10/7/2024 16:50,accepted,10/7/2024 16:50,SESS-93521,10/7/2024 12:51,10/7/2024 19:51,10/7/2024 16:51,2025-03-29 02:11:00,2025-03-29 02:12:00,2025-03-29 02:21:00,2025-03-29 03:04:00,10/7/2024 16:57,4.85757,114.92409,4.9292,114.97063,3.5,3.92,2.74,9.66,FQ-5293,INV-275833,BND,VEH-146,Yes,Temburong,8,Normal,11,1/23/2023,Pass
2025-03-10,2:54:41,"""CNR4689937""",Cancelled,"""CID3896706""",Premium,Serusop,Kiulap,4.1,44.0,,,,20.2,3.8,3.5,Cash,12.43,Brunei-Muara,Belait,Abdul Rahman,1.62,9.32,August,2024,Wednesday,1.0,7.0,OFF-200189,8/28/2024 2:54,accepted,8/28/2024 2:54,SESS-85776,8/27/2024 21:54,8/28/2024 4:54,8/28/2024 2:54,2025-03-10 09:09:00,2025-03-10 09:13:00,2025-03-10 09:15:00,2025-03-10 09:26:00,8/28/2024 2:58,4.91149,114.92542,4.69683,114.35312,3.5,3.92,3.52,14.68,FQ-6394,INV-575507,BND,VEH-428,Yes,Temburong,10,High Demand Zone,13,4/3/2023,Pass
2025-03-10,17:19:45,"""CNR6672970""",Completed,"""CID7564583""",Sedan,Lumut,Tutong Town,8.0,31.7,,,,11.71,3.8,4.2,Dart Wallet,31.34,Brunei-Muara,Brunei-Muara,Siti Aminah,4.37,22.3,June,2024,Tuesday,1.0,6.1,OFF-200128,6/25/2024 17:19,accepted,6/25/2024 17:19,SESS-19622,6/25/2024 15:19,6/25/2024 18:19,6/25/2024 17:19,2025-03-10 02:20:00,2025-03-10 02:24:00,2025-03-10 02:30:00,2025-03-10 02:42:00,,4.9663,114.86208,4.96658,114.88619,3.5,14.81,2.54,21.85,FQ-7717,INV-467365,BND,VEH-614,Yes,Temburong,14,Normal,10,2/25/2023,Pass
2025-03-09,2:30:38,"""CNR3123150""",Cancelled,"""CID3092867""",SUV,Bangar,Mata-Mata,5.1,35.0,,,,20.92,3.9,3.9,Cash,33.9,Brunei-Muara,Belait,Nurul Izzah,6.3,28.28,November,2024,Monday,0.0,6.3,OFF-200120,11/25/2024 2:30,rejected,11/25/2024 2:30,SESS-35224,11/24/2024 23:30,11/25/2024 5:30,11/25/2024 2:30,2025-03-09 17:59:00,2025-03-09 18:00:00,2025-03-09 18:03:00,2025-03-09 18:17:00,,4.91373,114.87683,4.51276,114.14034,3.5,18.52,2.8,24.82,FQ-9653,INV-561176,BND,VEH-204,Yes,Tutong,10,Normal,4,1/20/2023,Pass
2025-03-13,15:46:39,"""CNR1091682""",Completed,"""CID1131593""",SUV,Jerudong,Jangsak,3.4,14.7,1.0,,,13.28,4.4,5.0,Card,7.04,Belait,Tutong,Abdul Rahman,1.16,5.96,July,2024,Thursday,0.0,11.0,OFF-200026,7/4/2024 15:45,accepted,7/4/2024 15:45,SESS-85776,7/4/2024 12:46,7/4/2024 18:46,7/4/2024 15:46,2025-03-13 21:47:00,2025-03-13 21:52:00,2025-03-13 22:02:00,2025-03-13 22:39:00,7/4/2024 15:55,4.65763,114.19244,4.65554,114.72602,3.5,3.92,1.18,10.75,FQ-9428,INV-959254,BND,VEH-428,Yes,Belait,6,High Demand Zone,6,9/11/2023,Pass
2025-03-27,2:54:41,"""CNR4689937""",Cancelled by Driver,"""CID3896706""",Premium,Bangar,Rimba,4.1,44.0,,,,1.36,3.7,4.7,Online Banking,32.35,Brunei-Muara,Belait,Abdul Rahman,6.09,25.07,August,2024,Wednesday,1.0,7.0,OFF-200189,8/28/2024 2:54,rejected,8/28/2024 2:54,SESS-85776,8/27/2024 21:54,8/28/2024 4:54,8/28/2024 2:54,2025-03-27 19:12:00,2025-03-27 19:13:00,2025-03-27 19:16:00,2025-03-27 19:41:00,8/28/2024 2:58,4.91149,114.92542,4.69683,114.35312,3.5,3.92,3.52,14.68,FQ-6394,INV-575507,BND,VEH-428,Yes,Temburong,10,High Demand Zone,13,4/3/2023,Pass
2025-03-05,2:30:38,"""CNR3123150""",Completed,"""CID3092867""",Premium,Kuala Belait,Bangar,5.1,35.0,,,,17.59,4.4,4.1,Dart Wallet,23.95,Brunei-Muara,Belait,Nurul Izzah,3.01,17.2,November,2024,Monday,0.0,6.3,OFF-200120,11/25/2024 2:30,rejected,11/25/2024 2:30,SESS-35224,11/24/2024 23:30,11/25/2024 5:30,11/25/2024 2:30,2025-03-05 04:32:00,2025-03-05 04:33:00,2025-03-05 04:36:00,2025-03-05 05:18:00,,4.91373,114.87683,4.51276,114.14034,3.5,18.52,2.8,24.82,FQ-9653,INV-561176,BND,VEH-204,Yes,Brunei-Muara,10,Normal,4,1/20/2023,Pass
2025-03-22,11:37:57,"""CNR5547305""",Completed,"""CID8378248""",Premium,Kiulap,Lumut,4.0,41.7,1.0,,,9.79,3.6,4.5,Online Banking,29.16,Brunei-Muara,Tutong,Abdul Rahman,5.07,19.54,May,2024,Tuesday,1.0,6.4,OFF-200115,5/14/2024 11:37,accepted,5/14/2024 11:37,SESS-85776,5/14/2024 6:37,5/14/2024 12:37,5/14/2024 11:37,2025-03-22 22:14:00,2025-03-22 22:17:00,2025-03-22 22:25:00,2025-03-22 22:32:00,5/14/2024 11:39,4.96478,114.90201,4.66991,114.71213,3.5,3.92,3.34,11.76,FQ-9082,INV-124354,BND,VEH-428,Yes,Belait,5,Normal,5,6/6/2023,Pass
2025-03-28,15:35:47,"""CNR1351335""",Completed,"""CID9426219""",SUV,Mata-Mata,Bandar Seri Begawan,13.0,15.6,,,,23.03,3.7,4.3,Dart Wallet,26.71,Belait,Brunei-Muara,Aiman Hakim,5.96,21.82,December,2024,Saturday,0.0,5.7,OFF-200002,12/7/2024 15:34,rejected,12/7/2024 15:34,SESS-93521,12/7/2024 12:35,12/7/2024 18:35,12/7/2024 15:35,2025-03-28 06:56:00,2025-03-28 06:59:00,2025-03-28 07:08:00,2025-03-28 07:32:00,,4.55591,114.29617,4.86575,114.85667,3.5,4.31,1.25,18.59,FQ-6466,INV-289151,BND,VEH-146,Yes,Tutong,6,High Demand Zone,7,7/9/2023,Pass
2025-03-10,18:40:17,"""CNR4802995""",Completed,"""CID9514652""",SUV,Lambak,Berakas,12.5,36.3,,,,27.62,4.3,4.7,Cash,17.61,Belait,Tutong,Faisal Hakimi,2.48,13.67,May,2024,Thursday,0.0,4.8,OFF-200102,5/16/2024 18:39,accepted,5/16/2024 18:39,SESS-85181,5/16/2024 14:40,5/16/2024 20:40,5/16/2024 18:40,2025-03-10 22:23:00,2025-03-10 22:28:00,2025-03-10 22:32:00,2025-03-10 23:02:00,,4.54355,114.15799,4.71193,114.62513,3.5,19.53,2.9,26.93,FQ-7602,INV-485042,BND,VEH-126,Yes,Brunei-Muara,7,Normal,9,1/19/2024,Pass
2025-03-21,11:58:09,"""CNR8141819""",Completed,"""CID5476229""",Compact,Jangsak,Lambak,5.3,11.5,,,,8.5,3.6,3.5,Online Banking,29.8,Brunei-Muara,Belait,Syafiqah Yusof,3.38,24.07,July,2024,Tuesday,0.0,8.4,OFF-200197,7/16/2024 11:57,accepted,7/16/2024 11:57,SESS-20137,7/16/2024 9:58,7/16/2024 12:58,7/16/2024 11:58,2025-03-21 03:35:00,2025-03-21 03:38:00,2025-03-21 03:43:00,2025-03-21 03:49:00,,4.87897,114.87332,4.54191,114.17947,3.5,17.37,0.92,37.68,FQ-9475,INV-646401,BND,VEH-214,Yes,Temburong,12,High Demand Zone,3,6/10/2023,Pass
2025-03-28,13:47:33,"""CNR7496424""",Cancelled,"""CID5064084""",Sedan,Tutong Town,Mata-Mata,2.4,32.1,,,,18.43,4.0,4.7,Cash,23.72,Brunei-Muara,Belait,Nabilah Hassan,3.27,14.28,April,2024,Monday,1.0,9.9,OFF-200199,4/29/2024 13:46,accepted,4/29/2024 13:46,SESS-68128,4/29/2024 9:47,4/29/2024 16:47,4/29/2024 13:47,2025-03-28 18:42:00,2025-03-28 18:44:00,2025-03-28 18:49:00,2025-03-28 19:07:00,4/29/2024 13:51,4.89037,114.89512,4.69342,114.1578,3.5,3.92,2.57,13.48,FQ-6861,INV-690894,BND,VEH-713,Yes,Belait,7,High Demand Zone,6,4/16/2023,Pass
2025-03-31,13:14:23,"""CNR9959930""",Completed,"""CID5337972""",SUV,Jangsak,Tutong Town,6.8,42.9,,,,1.21,4.3,4.8,Dart Wallet,21.7,Belait,Brunei-Muara,Haji Ramli,5.32,18.44,October,2024,Wednesday,1.0,8.5,OFF-200154,10/16/2024 13:13,rejected,10/16/2024 13:13,SESS-68895,10/16/2024 10:14,10/16/2024 15:14,10/16/2024 13:14,2025-03-31 22:29:00,2025-03-31 22:33:00,2025-03-31 22:41:00,2025-03-31 23:03:00,,4.61501,114.20753,4.8934,114.94653,3.5,2.69,3.43,11.52,FQ-9929,INV-905997,BND,VEH-355,Yes,Tutong,8,High Demand Zone,3,4/17/2023,Pass
2025-03-20,22:24:03,"""CNR9205944""",Completed,"""CID2975665""",Premium,Mentiri,Tutong Town,10.1,35.5,,,,16.0,4.7,4.8,Online Banking,9.03,Belait,Brunei-Muara,,0.98,5.96,July,2024,Sunday,,7.6,OFF-200136,7/14/2024 22:23,accepted,7/14/2024 22:23,SESS-16338,7/14/2024 17:24,7/15/2024 1:24,7/14/2024 22:24,2025-03-20 19:11:00,2025-03-20 19:15:00,2025-03-20 19:18:00,2025-03-20 19:42:00,,4.65695,114.26303,4.96827,114.92521,3.5,3.92,2.84,10.26,FQ-7907,INV-658083,BND,VEH-510,Yes,Brunei-Muara,10,Normal,14,9/8/2023,Pass
2025-03-13,22:34:44,"""CNR2832932""",Completed,"""CID2093358""",Compact,Tutong Town,Mata-Mata,4.0,33.3,,,,21.69,4.9,4.2,Dart Wallet,13.98,Brunei-Muara,Belait,Shahrul Nizam,2.74,10.79,September,2024,Thursday,1.0,9.3,OFF-200061,9/19/2024 22:33,accepted,9/19/2024 22:33,SESS-93507,9/19/2024 17:34,9/20/2024 0:34,9/19/2024 22:34,2025-03-13 21:14:00,2025-03-13 21:18:00,2025-03-13 21:20:00,2025-03-13 21:33:00,,4.97195,114.87802,4.52003,114.28066,3.5,18.22,2.66,35.47,FQ-5020,INV-287413,BND,VEH-252,Yes,Tutong,12,High Demand Zone,9,9/7/2023,Pass
2025-03-12,14:00:27,"""CNR3467080""",Cancelled by Driver,"""CID3327954""",SUV,Jerudong,Lumut,4.5,33.4,,,,27.09,4.8,3.8,Online Banking,33.3,Brunei-Muara,Tutong,Nabilah Hassan,4.44,25.43,April,2024,Friday,1.0,9.4,OFF-200164,4/5/2024 13:59,accepted,4/5/2024 13:59,SESS-68128,4/5/2024 9:00,4/5/2024 16:00,4/5/2024 14:00,2025-03-12 16:07:00,2025-03-12 16:09:00,2025-03-12 16:19:00,2025-03-12 16:34:00,,4.89059,114.94448,4.74366,114.75213,3.5,8.89,2.67,15.06,FQ-9454,INV-776049,BND,VEH-713,Yes,Tutong,14,Normal,9,6/18/2023,Pass
2025-03-14,21:04:47,"""CNR5230005""",Completed,"""CID3694020""",Sedan,Lumut,Kiulap,11.3,38.2,,,,12.07,3.7,4.8,Dart Wallet,30.76,Brunei-Muara,Belait,Aiman Hakim,3.33,20.75,September,2024,Tuesday,1.0,4.1,OFF-200050,9/24/2024 21:04,accepted,9/24/2024 21:04,SESS-93521,9/24/2024 16:04,9/25/2024 0:04,9/24/2024 21:04,2025-03-14 10:13:00,2025-03-14 10:17:00,2025-03-14 10:23:00,2025-03-14 10:44:00,9/24/2024 21:11,4.95622,114.9567,4.59644,114.25753,3.5,3.92,3.06,12.98,FQ-9164,INV-660763,BND,VEH-146,Yes,Brunei-Muara,14,Normal,12,9/10/2023,Pass
2025-03-07,14:16:33,"""CNR9623602""",Completed,"""CID9192664""",Compact,Lambak,Bandar Seri Begawan,4.7,23.2,,,,1.14,4.6,3.8,Online Banking,23.3,Brunei-Muara,Belait,Awangku Mohd,4.99,15.57,March,2024,Monday,1.0,8.0,OFF-200171,3/11/2024 14:15,accepted,3/11/2024 14:16,SESS-35925,3/11/2024 12:16,3/11/2024 15:16,3/11/2024 14:16,2025-03-07 10:15:00,2025-03-07 10:17:00,2025-03-07 10:26:00,2025-03-07 11:07:00,,4.94485,114.85971,4.54751,114.1511,3.5,5.83,1.86,21.78,FQ-5630,INV-210043,BND,VEH-727,Yes,Tutong,10,High Demand Zone,10,7/26/2023,Pass
2025-03-16,10:05:53,"""CNR8467869""",Completed,"""CID3130096""",Compact,Mata-Mata,Lumut,3.2,14.4,,,,28.55,3.5,4.3,Cash,26.38,Belait,Belait,,5.63,21.71,June,2024,Thursday,,6.2,OFF-200151,6/20/2024 10:05,accepted,6/20/2024 10:05,SESS-16338,6/20/2024 8:05,6/20/2024 12:05,6/20/2024 10:05,2025-03-16 01:56:00,2025-03-16 02:00:00,2025-03-16 02:08:00,2025-03-16 02:52:00,,4.58805,114.24636,4.67083,114.25141,3.5,3.92,1.15,13.57,FQ-8742,INV-105149,BND,VEH-510,Yes,Temburong,5,Normal,8,7/25/2023,Pass
2025-03-01,12:36:25,"""CNR1592055""",Completed,"""CID7228523""",Compact,Serusop,Jerudong,13.6,27.4,1.0,,,9.65,4.0,4.4,Online Banking,29.36,Tutong,Tutong,Farhana Yusof,6.14,19.75,March,2024,Saturday,0.0,6.9,OFF-200058,3/30/2024 12:35,accepted,3/30/2024 12:35,SESS-31967,3/30/2024 9:36,3/30/2024 13:36,3/30/2024 12:36,2025-03-01 20:38:00,2025-03-01 20:41:00,2025-03-01 20:46:00,2025-03-01 21:06:00,3/30/2024 12:43,4.66384,114.69476,4.65,114.74439,3.5,3.92,2.19,16.42,FQ-6317,INV-142125,BND,VEH-674,Yes,Tutong,8,High Demand Zone,1,5/9/2023,Pass
2025-03-29,12:20:32,"""CNR5687699""",Completed,"""CID6778217""",Sedan,Lambak,Rimba,9.0,33.6,,,,1.64,4.7,4.6,Card,9.76,Belait,Tutong,,1.16,7.09,January,2024,Friday,,9.9,OFF-200117,1/26/2024 12:20,accepted,1/26/2024 12:20,SESS-16338,1/26/2024 9:20,1/26/2024 15:20,1/26/2024 12:20,2025-03-29 20:56:00,2025-03-29 20:59:00,2025-03-29 21:08:00,2025-03-29 21:34:00,,4.55386,114.17976,4.66007,114.60336,3.5,3.92,2.69,11.11,FQ-6513,INV-209562,BND,VEH-510,Yes,Belait,5,Normal,5,1/5/2024,Pass
2025-03-13,13:13:54,"""CNR3596717""",Cancelled,"""CID8580939""",Sedan,Jerudong,Gadong,13.7,25.9,,,,16.87,4.4,4.5,Cash,15.17,Brunei-Muara,Tutong,Mustafa Kamal,1.87,10.9,February,2024,Sunday,1.0,11.8,OFF-200159,2/4/2024 13:13,rejected,2/4/2024 13:13,SESS-19846,2/4/2024 9:13,2/4/2024 16:13,2/4/2024 13:13,2025-03-13 20:09:00,2025-03-13 20:14:00,2025-03-13 20:16:00,2025-03-13 20:55:00,2/4/2024 13:21,4.8933,114.97365,4.83844,114.76267,3.5,3.92,2.07,9.49,FQ-7476,INV-342528,BND,VEH-726,Yes,Brunei-Muara,12,Normal,2,7/29/2023,Pass
2025-03-10,18:13:05,"""CNR8068577""",Completed,"""CID2385957""",Sedan,Mata-Mata,Jerudong,6.2,12.8,,,,18.66,4.0,5.0,Online Banking,18.93,Brunei-Muara,Brunei-Muara,Ahmad Zaki,4.25,15.04,May,2024,Wednesday,1.0,8.7,OFF-200095,5/22/2024 18:12,accepted,5/22/2024 18:12,SESS-75925,5/22/2024 13:13,5/22/2024 19:13,5/22/2024 18:13,2025-03-10 13:29:00,2025-03-10 13:32:00,2025-03-10 13:42:00,2025-03-10 13:53:00,,4.94939,114.8792,4.89032,114.95803,3.5,3.61,1.02,8.66,FQ-8741,INV-864083,BND,VEH-696,Yes,Belait,8,High Demand Zone,5,4/25/2023,Pass
2025-03-14,18:52:21,"""CNR5527486""",Completed,"""CID1522967""",SUV,Lumut,Mentiri,3.1,10.9,,,,25.22,4.3,3.6,Cash,32.02,Brunei-Muara,Tutong,Ridhwan Bakar,3.92,24.57,November,2024,Tuesday,1.0,11.1,OFF-200179,11/12/2024 18:51,accepted,11/12/2024 18:51,SESS-20959,11/12/2024 15:52,11/12/2024 20:52,11/12/2024 18:52,2025-03-14 08:56:00,2025-03-14 09:00:00,2025-03-14 09:10:00,2025-03-14 09:17:00,,4.91079,114.87978,4.68273,114.73974,3.5,2.04,0.87,10.62,FQ-7306,INV-318395,BND,VEH-504,Yes,Belait,12,High Demand Zone,9,6/20/2023,Pass
2025-03-24,20:04:40,"""CNR3050672""",Completed,"""CID7072566""",Sedan,Tutong Town,Jangsak,13.7,44.0,,,,11.45,4.8,3.7,Cash,30.27,Belait,Brunei-Muara,Mustafa Kamal,4.96,23.28,April,2024,Saturday,1.0,9.2,OFF-200112,4/6/2024 20:04,accepted,4/6/2024 20:04,SESS-19846,4/6/2024 15:04,4/6/2024 22:04,4/6/2024 20:04,2025-03-24 22:57:00,2025-03-24 23:01:00,2025-03-24 23:06:00,2025-03-24 23:27:00,4/6/2024 20:11,4.52321,114.23055,4.88918,114.91799,3.5,3.92,3.52,18.91,FQ-5816,INV-979031,BND,VEH-726,Yes,Tutong,9,High Demand Zone,3,5/20/2023,Pass
2025-03-29,22:34:44,"""CNR2832932""",Completed,"""CID2093358""",Sedan,Jangsak,Tutong Town,4.0,33.3,,,,12.61,4.2,4.5,Online Banking,6.64,Brunei-Muara,Belait,Shahrul Nizam,1.5,4.74,September,2024,Thursday,1.0,9.3,OFF-200061,9/19/2024 22:33,accepted,9/19/2024 22:33,SESS-93507,9/19/2024 17:34,9/20/2024 0:34,9/19/2024 22:34,2025-03-29 00:53:00,2025-03-29 00:56:00,2025-03-29 01:00:00,2025-03-29 01:13:00,,4.97195,114.87802,4.52003,114.28066,3.5,18.22,2.66,35.47,FQ-5020,INV-287413,BND,VEH-252,Yes,Tutong,12,High Demand Zone,9,9/7/2023,Pass
2025-03-14,5:04:40,"""CNR7372127""",Cancelled by Driver,"""CID2108992""",Compact,Lambak,Jerudong,12.9,14.9,,,,12.01,4.8,4.5,Dart Wallet,8.8,Tutong,Belait,Awangku Mohd,0.92,6.07,December,2024,Wednesday,0.0,8.2,OFF-200185,12/25/2024 5:04,rejected,12/25/2024 5:04,SESS-35925,12/25/2024 2:04,12/25/2024 7:04,12/25/2024 5:04,2025-03-14 20:51:00,2025-03-14 20:53:00,2025-03-14 20:56:00,2025-03-14 21:11:00,12/25/2024 5:08,4.71344,114.77428,4.61808,114.2021,3.5,3.92,1.19,7.11,FQ-5965,INV-272196,BND,VEH-727,Yes,Brunei-Muara,6,Normal,11,6/8/2023,Pass
2025-03-29,12:28:08,"""CNR8559128""",Completed,"""CID1831657""",Premium,Kiulap,Bandar Seri Begawan,4.4,42.0,,,,20.43,3.6,4.6,Online Banking,34.29,Brunei-Muara,Tutong,Mustafa Kamal,6.12,23.47,October,2024,Monday,0.0,6.2,OFF-200051,10/14/2024 12:27,accepted,10/14/2024 12:27,SESS-19846,10/14/2024 8:28,10/14/2024 13:28,10/14/2024 12:28,2025-03-29 04:23:00,2025-03-29 04:27:00,2025-03-29 04:30:00,2025-03-29 05:06:00,,4.91015,114.9056,4.7977,114.71322,3.5,12.08,3.36,33.41,FQ-9715,INV-567503,BND,VEH-726,Yes,Temburong,7,High Demand Zone,12,3/3/2023,Pass
2025-03-22,5:42:27,"""CNR9492586""",Cancelled by Driver,"""CID7425592""",Sedan,Bangar,Kiulap,8.7,44.4,,,,26.21,5.0,3.9,Card,30.26,Brunei-Muara,Belait,Nabilah Hassan,5.26,18.72,July,2024,Tuesday,1.0,7.1,OFF-200011,7/16/2024 5:41,rejected,7/16/2024 5:41,SESS-68128,7/16/2024 2:42,7/16/2024 7:42,7/16/2024 5:42,2025-03-22 23:04:00,2025-03-22 23:08:00,2025-03-22 23:15:00,2025-03-22 23:50:00,,4.90991,114.86397,4.57885,114.17193,3.5,13.43,3.55,20.48,FQ-7000,INV-642952,BND,VEH-713,Yes,Belait,11,Normal,9,10/11/2023,Pass
2025-03-02,23:33:25,"""CNR6408706""",Completed,"""CID1966936""",Compact,Bandar Seri Begawan,Jangsak,13.9,28.7,,,,4.44,4.1,3.7,Dart Wallet,17.31,Belait,Tutong,Haji Ramli,3.43,12.54,January,2024,Sunday,1.0,4.3,OFF-200038,1/7/2024 23:32,rejected,1/7/2024 23:32,SESS-68895,1/7/2024 20:33,1/8/2024 0:33,1/7/2024 23:33,2025-03-02 16:02:00,2025-03-02 16:06:00,2025-03-02 16:14:00,2025-03-02 16:54:00,,4.52471,114.10833,4.71093,114.747,3.5,10.45,2.3,22.31,FQ-9577,INV-981907,BND,VEH-355,Yes,Belait,6,High Demand Zone,3,4/15/2023,Pass
2025-03-18,13:43:11,"""CNR9249380""",Completed,"""CID5685213""",Premium,Jangsak,Mentiri,7.0,31.9,,,,23.26,4.2,4.0,Cash,13.62,Belait,Brunei-Muara,Nurul Izzah,2.83,10.21,September,2024,Thursday,1.0,11.1,OFF-200129,9/12/2024 13:42,rejected,9/12/2024 13:42,SESS-35224,9/12/2024 11:43,9/12/2024 16:43,9/12/2024 13:43,2025-03-18 16:49:00,2025-03-18 16:54:00,2025-03-18 17:00:00,2025-03-18 17:10:00,,4.60794,114.25377,4.90001,114.92623,3.5,13.05,2.55,29.65,FQ-5272,INV-376808,BND,VEH-204,Yes,Belait,13,High Demand Zone,1,7/10/2023,Pass
2025-03-04,9:41:19,"""CNR4332965""",Completed,"""CID2809404""",Premium,Bangar,Tutong Beach,8.3,11.7,,,,24.83,3.8,3.9,Cash,18.76,Belait,Brunei-Muara,Roslan Ahmad,3.03,14.74,February,2024,Sunday,1.0,8.9,OFF-200130,2/25/2024 9:40,accepted,2/25/2024 9:40,SESS-14930,2/25/2024 5:41,2/25/2024 12:41,2/25/2024 9:41,2025-03-04 21:04:00,2025-03-04 21:07:00,2025-03-04 21:14:00,2025-03-04 21:19:00,2/25/2024 9:47,4.5047,114.21765,4.93141,114.97093,3.5,3.92,0.94,7.95,FQ-7271,INV-680275,BND,VEH-675,Yes,Tutong,5,High Demand Zone,10,3/6/2023,Pass
2025-03-04,20:04:40,"""CNR3050672""",Cancelled,"""CID7072566""",Sedan,Mata-Mata,Kiulap,13.7,44.0,,,,1.13,4.4,4.1,Dart Wallet,33.84,Belait,Brunei-Muara,Mustafa Kamal,6.19,26.53,April,2024,Saturday,1.0,9.2,OFF-200112,4/6/2024 20:04,accepted,4/6/2024 20:04,SESS-19846,4/6/2024 15:04,4/6/2024 22:04,4/6/2024 20:04,2025-03-04 12:05:00,2025-03-04 12:08:00,2025-03-04 12:13:00,2025-03-04 12:47:00,4/6/2024 20:11,4.52321,114.23055,4.88918,114.91799,3.5,3.92,3.52,18.91,FQ-5816,INV-979031,BND,VEH-726,Yes,Brunei-Muara,9,High Demand Zone,3,5/20/2023,Pass
2025-03-30,10:01:49,"""CNR5994386""",Cancelled by Driver,"""CID5100180""",Compact,Rimba,Mentiri,9.6,17.4,,,,28.94,4.1,3.7,Dart Wallet,11.76,Brunei-Muara,Brunei-Muara,Hamid Rashid,1.97,9.91,June,2024,Wednesday,0.0,6.7,OFF-200100,6/12/2024 10:01,accepted,6/12/2024 10:01,SESS-39154,6/12/2024 6:01,6/12/2024 11:01,6/12/2024 10:01,2025-03-30 16:43:00,2025-03-30 16:45:00,2025-03-30 16:49:00,2025-03-30 17:05:00,,4.85784,114.86004,4.91782,114.92255,3.5,6.97,1.39,10.86,FQ-9392,INV-788877,BND,VEH-750,Yes,Brunei-Muara,10,Normal,2,1/1/2024,Pass
2025-03-23,20:04:40,"""CNR3050672""",Completed,"""CID7072566""",Premium,Berakas,Berakas,13.7,44.0,,,,21.14,4.2,4.0,Online Banking,19.12,Belait,Brunei-Muara,Mustafa Kamal,2.24,13.01,April,2024,Saturday,1.0,9.2,OFF-200112,4/6/2024 20:04,accepted,4/6/2024 20:04,SESS-19846,4/6/2024 15:04,4/6/2024 22:04,4/6/2024 20:04,2025-03-23 23:19:00,2025-03-23 23:22:00,2025-03-23 23:32:00,2025-03-23 23:56:00,4/6/2024 20:11,4.52321,114.23055,4.88918,114.91799,3.5,3.92,3.52,18.91,FQ-5816,INV-979031,BND,VEH-726,Yes,Belait,9,High Demand Zone,3,5/20/2023,Pass
2025-03-19,23:05:33,"""CNR2833289""",Cancelled,"""CID3076034""",Sedan,Gadong,Tutong Beach,8.7,20.6,1.0,,,2.64,4.5,5.0,Cash,4.7,Brunei-Muara,Tutong,Farhana Yusof,1.02,3.13,January,2024,Thursday,0.0,5.3,OFF-200183,1/4/2024 23:04,accepted,1/4/2024 23:04,SESS-31967,1/4/2024 19:05,1/5/2024 0:05,1/4/2024 23:05,2025-03-19 21:32:00,2025-03-19 21:35:00,2025-03-19 21:45:00,2025-03-19 22:16:00,1/4/2024 23:08,4.90347,114.93113,4.65918,114.70569,3.5,3.92,1.65,18.6,FQ-9241,INV-115386,BND,VEH-674,Yes,Temburong,4,High Demand Zone,14,2/1/2024,Pass
2025-03-05,7:43:45,"""CNR8952764""",Cancelled by Driver,"""CID4343834""",Sedan,Sengkurong,Jangsak,14.2,33.0,,,,23.74,4.9,4.5,Card,10.6,Belait,Brunei-Muara,Hamid Rashid,1.52,8.48,March,2024,Thursday,1.0,5.0,OFF-200080,3/14/2024 7:43,rejected,3/14/2024 7:43,SESS-39154,3/14/2024 3:43,3/14/2024 10:43,3/14/2024 7:43,2025-03-05 01:34:00,2025-03-05 01:39:00,2025-03-05 01:44:00,2025-03-05 02:07:00,3/14/2024 7:50,4.68688,114.38432,4.85825,114.97259,3.5,3.92,2.64,17.09,FQ-8954,INV-357026,BND,VEH-750,Yes,Brunei-Muara,4,High Demand Zone,5,3/26/2023,Pass
2025-03-13,9:12:30,"""CNR2094763""",Completed,"""CID8322650""",Compact,Tutong Town,Berakas,14.0,16.5,,,,28.96,3.8,4.5,Card,27.84,Brunei-Muara,Brunei-Muara,Abdul Rahman,3.52,18.75,July,2024,Tuesday,0.0,8.3,OFF-200186,7/2/2024 9:11,accepted,7/2/2024 9:11,SESS-85776,7/2/2024 4:12,7/2/2024 10:12,7/2/2024 9:12,2025-03-13 13:39:00,2025-03-13 13:40:00,2025-03-13 13:50:00,2025-03-13 14:15:00,,4.90088,114.88958,4.92678,114.91289,3.5,1.64,1.32,10.07,FQ-9280,INV-856112,BND,VEH-428,Yes,Brunei-Muara,7,High Demand Zone,11,12/10/2023,Pass
2025-03-06,20:04:40,"""CNR3050672""",Completed,"""CID7072566""",Premium,Tutong Town,Bangar,13.7,44.0,,,,14.52,4.4,4.9,Card,3.18,Belait,Brunei-Muara,Mustafa Kamal,0.34,2.65,April,2024,Saturday,1.0,9.2,OFF-200112,4/6/2024 20:04,accepted,4/6/2024 20:04,SESS-19846,4/6/2024 15:04,4/6/2024 22:04,4/6/2024 20:04,2025-03-06 23:23:00,2025-03-06 23:24:00,2025-03-06 23:32:00,2025-03-06 23:44:00,4/6/2024 20:11,4.52321,114.23055,4.88918,114.91799,3.5,3.92,3.52,18.91,FQ-5816,INV-979031,BND,VEH-726,Yes,Temburong,9,High Demand Zone,3,5/20/2023,Pass
2025-03-25,6:15:38,"""CNR5259986""",Cancelled by Driver,"""CID9828317""",SUV,Bandar Seri Begawan,Mentiri,3.4,23.1,,,,5.62,4.8,4.0,Card,28.16,Brunei-Muara,Brunei-Muara,Syafiqah Yusof,4.52,20.72,October,2024,Thursday,1.0,5.5,OFF-200001,10/3/2024 6:14,accepted,10/3/2024 6:14,SESS-20137,10/3/2024 3:15,10/3/2024 7:15,10/3/2024 6:15,2025-03-25 20:25:00,2025-03-25 20:30:00,2025-03-25 20:39:00,2025-03-25 21:03:00,,4.97911,114.89109,4.96292,114.96792,3.5,21.23,1.85,26.58,FQ-6035,INV-931251,BND,VEH-214,Yes,Tutong,12,Normal,12,9/21/2023,Pass
2025-03-22,13:43:11,"""CNR9249380""",Cancelled,"""CID5685213""",Sedan,Bangar,Gadong,7.0,31.9,,,,18.8,4.0,4.5,Online Banking,31.94,Belait,Brunei-Muara,Nurul Izzah,7.79,24.12,September,2024,Thursday,1.0,11.1,OFF-200129,9/12/2024 13:42,accepted,9/12/2024 13:42,SESS-35224,9/12/2024 11:43,9/12/2024 16:43,9/12/2024 13:43,2025-03-22 10:13:00,2025-03-22 10:15:00,2025-03-22 10:21:00,2025-03-22 10:49:00,,4.60794,114.25377,4.90001,114.92623,3.5,13.05,2.55,29.65,FQ-5272,INV-376808,BND,VEH-204,Yes,Temburong,13,High Demand Zone,1,7/10/2023,Pass
2025-03-30,18:36:15,"""CNR1590185""",Completed,"""CID8780721""",Compact,Tutong Beach,Sengkurong,4.4,39.1,,,,6.58,4.9,3.8,Dart Wallet,31.75,Brunei-Muara,Belait,Ridhwan Bakar,7.69,23.13,January,2024,Wednesday,1.0,10.5,OFF-200053,1/17/2024 18:35,accepted,1/17/2024 18:35,SESS-20959,1/17/2024 16:36,1/17/2024 21:36,1/17/2024 18:36,2025-03-30 03:11:00,2025-03-30 03:14:00,2025-03-30 03:24:00,2025-03-30 03:45:00,,4.85942,114.88967,4.58792,114.20926,3.5,3.51,3.13,15.18,FQ-5150,INV-947070,BND,VEH-504,Yes,Brunei-Muara,4,High Demand Zone,9,3/23/2023,Pass
2025-03-18,13:05:13,"""CNR8411272""",Completed,"""CID7605166""",SUV,Mata-Mata,Jerudong,5.5,15.4,,,,21.79,3.9,3.8,Dart Wallet,3.76,Brunei-Muara,Belait,Hamid Rashid,0.42,2.29,May,2024,Friday,1.0,9.7,OFF-200086,5/17/2024 13:04,accepted,5/17/2024 13:04,SESS-39154,5/17/2024 8:05,5/17/2024 16:05,5/17/2024 13:05,2025-03-18 16:55:00,2025-03-18 16:57:00,2025-03-18 17:00:00,2025-03-18 17:45:00,5/17/2024 13:12,4.94637,114.86449,4.5206,114.16849,3.5,3.92,1.23,9.65,FQ-8842,INV-805030,BND,VEH-750,Yes,Belait,14,Normal,11,2/9/2023,Pass
2025-03-03,17:19:45,"""CNR6672970""",Completed,"""CID7564583""",Compact,Jangsak,Rimba,8.0,31.7,,,,16.51,4.4,4.6,Online Banking,24.55,Brunei-Muara,Brunei-Muara,Siti Aminah,4.73,18.67,June,2024,Tuesday,1.0,6.1,OFF-200128,6/25/2024 17:19,rejected,6/25/2024 17:19,SESS-19622,6/25/2024 15:19,6/25/2024 18:19,6/25/2024 17:19,2025-03-03 18:42:00,2025-03-03 18:46:00,2025-03-03 18:52:00,2025-03-03 19:11:00,,4.9663,114.86208,4.96658,114.88619,3.5,14.81,2.54,21.85,FQ-7717,INV-467365,BND,VEH-614,Yes,Temburong,14,Normal,10,2/25/2023,Pass
2025-03-23,13:58:55,"""CNR4363142""",Cancelled,"""CID4559451""",Compact,Bandar Seri Begawan,Kuala Belait,6.9,14.2,,1.0,Vehicle Breakdown,16.47,4.3,4.7,Dart Wallet,18.17,Brunei-Muara,Brunei-Muara,Aiman Hakim,2.88,11.52,February,2024,Sunday,1.0,11.9,OFF-200146,2/18/2024 13:58,accepted,2/18/2024 13:58,SESS-93521,2/18/2024 10:58,2/18/2024 14:58,2/18/2024 13:58,2025-03-23 02:16:00,2025-03-23 02:19:00,2025-03-23 02:22:00,2025-03-23 02:59:00,,4.95034,114.9427,4.92638,114.97539,3.5,8.78,1.14,18.42,FQ-5217,INV-534343,BND,VEH-146,Yes,Tutong,6,Normal,11,6/17/2023,Pass
2025-03-31,19:14:34,"""CNR2674741""",Cancelled by Driver,"""CID7007482""",Sedan,Jerudong,Kiulap,6.8,31.6,,,,22.7,4.5,4.1,Dart Wallet,12.75,Tutong,Brunei-Muara,,1.93,10.53,August,2024,Monday,,5.1,OFF-200125,8/5/2024 19:13,accepted,8/5/2024 19:13,SESS-16338,8/5/2024 15:14,8/5/2024 22:14,8/5/2024 19:14,2025-03-31 20:01:00,2025-03-31 20:02:00,2025-03-31 20:09:00,2025-03-31 20:33:00,,4.71669,114.70873,4.88169,114.90428,3.5,3.92,2.53,17.42,FQ-5760,INV-534541,BND,VEH-510,Yes,Belait,9,High Demand Zone,4,8/20/2023,Pass
2025-04-17,13:43:11,"""CNR9249380""",Cancelled by Driver,"""CID5685213""",SUV,Berakas,Jerudong,7.0,31.9,,,,3.12,4.4,3.8,Cash,23.63,Belait,Brunei-Muara,Nurul Izzah,3.25,18.15,September,2024,Thursday,1.0,11.1,OFF-200129,9/12/2024 13:42,rejected,9/12/2024 13:42,SESS-35224,9/12/2024 11:43,9/12/2024 16:43,9/12/2024 13:43,2025-04-17 04:00:00,2025-04-17 04:05:00,2025-04-17 04:10:00,2025-04-17 04:26:00,,4.60794,114.25377,4.90001,114.92623,3.5,13.05,2.55,29.65,FQ-5272,INV-376808,BND,VEH-204,Yes,Tutong,13,High Demand Zone,1,7/10/2023,Pass
2025-04-11,8:02:31,"""CNR9210055""",Completed,"""CID2341391""",Compact,Berakas,Mentiri,9.5,34.1,1.0,,,5.42,3.8,4.9,Dart Wallet,25.19,Brunei-Muara,Brunei-Muara,Fadhil Junaidi,5.57,18.68,March,2024,Friday,0.0,7.6,OFF-200052,3/8/2024 8:02,accepted,3/8/2024 8:02,SESS-29233,3/8/2024 4:02,3/8/2024 9:02,3/8/2024 8:02,2025-04-11 11:02:00,2025-04-11 11:05:00,2025-04-11 11:08:00,2025-04-11 11:28:00,3/8/2024 8:04,4.89535,114.86483,4.86959,114.89999,3.5,3.92,2.73,10.15,FQ-6058,INV-126854,BND,VEH-642,Yes,Brunei-Muara,13,Normal,8,8/20/2023,Pass
2025-04-11,14:16:33,"""CNR9623602""",Cancelled,"""CID9192664""",Compact,Serusop,Mentiri,4.7,23.2,,,,15.12,3.9,3.6,Dart Wallet,27.79,Brunei-Muara,Belait,Awangku Mohd,5.47,17.43,March,2024,Monday,1.0,8.0,OFF-200171,3/11/2024 14:15,accepted,3/11/2024 14:16,SESS-35925,3/11/2024 12:16,3/11/2024 15:16,3/11/2024 14:16,2025-04-11 07:39:00,2025-04-11 07:42:00,2025-04-11 07:50:00,2025-04-11 08:09:00,,4.94485,114.85971,4.54751,114.1511,3.5,5.83,1.86,21.78,FQ-5630,INV-210043,BND,VEH-727,Yes,Tutong,10,High Demand Zone,10,7/26/2023,Pass
2025-04-27,13:13:54,"""CNR3596717""",Cancelled by Driver,"""CID8580939""",Sedan,Bandar Seri Begawan,Gadong,13.7,25.9,,,,17.0,4.7,4.2,Dart Wallet,32.0,Brunei-Muara,Tutong,Mustafa Kamal,7.99,23.55,February,2024,Sunday,1.0,11.8,OFF-200159,2/4/2024 13:13,accepted,2/4/2024 13:13,SESS-19846,2/4/2024 9:13,2/4/2024 16:13,2/4/2024 13:13,2025-04-27 04:49:00,2025-04-27 04:52:00,2025-04-27 04:57:00,2025-04-27 05:36:00,2/4/2024 13:21,4.8933,114.97365,4.83844,114.76267,3.5,3.92,2.07,9.49,FQ-7476,INV-342528,BND,VEH-726,Yes,Brunei-Muara,12,Normal,2,7/29/2023,Pass
2025-04-12,11:58:09,"""CNR8141819""",Completed,"""CID5476229""",Sedan,Tutong Beach,Tutong Beach,5.3,11.5,,,,25.59,4.3,3.7,Dart Wallet,24.21,Brunei-Muara,Belait,Syafiqah Yusof,4.65,19.41,July,2024,Tuesday,0.0,8.4,OFF-200197,7/16/2024 11:57,accepted,7/16/2024 11:57,SESS-20137,7/16/2024 9:58,7/16/2024 12:58,7/16/2024 11:58,2025-04-12 12:06:00,2025-04-12 12:08:00,2025-04-12 12:14:00,2025-04-12 12:56:00,,4.87897,114.87332,4.54191,114.17947,3.5,17.37,0.92,37.68,FQ-9475,INV-646401,BND,VEH-214,Yes,Temburong,12,High Demand Zone,3,6/10/2023,Pass
2025-04-15,13:13:54,"""CNR3596717""",Completed,"""CID8580939""",Compact,Kiulap,Muara,13.7,25.9,,,,2.24,4.2,4.0,Card,14.82,Brunei-Muara,Tutong,Mustafa Kamal,3.5,9.66,February,2024,Sunday,1.0,11.8,OFF-200159,2/4/2024 13:13,accepted,2/4/2024 13:13,SESS-19846,2/4/2024 9:13,2/4/2024 16:13,2/4/2024 13:13,2025-04-15 05:03:00,2025-04-15 05:07:00,2025-04-15 05:11:00,2025-04-15 05:52:00,2/4/2024 13:21,4.8933,114.97365,4.83844,114.76267,3.5,3.92,2.07,9.49,FQ-7476,INV-342528,BND,VEH-726,Yes,Tutong,12,Normal,2,7/29/2023,Pass
2025-04-15,23:59:40,"""CNR2541239""",Cancelled,"""CID1296280""",SUV,Tutong Town,Bangar,2.0,35.6,,,,27.05,3.8,5.0,Dart Wallet,21.81,Tutong,Tutong,Awangku Mohd,3.0,13.51,June,2024,Sunday,1.0,8.9,OFF-200067,6/30/2024 23:59,accepted,6/30/2024 23:59,SESS-35925,6/30/2024 20:59,7/1/2024 1:59,6/30/2024 23:59,2025-04-15 00:54:00,2025-04-15 00:59:00,2025-04-15 01:02:00,2025-04-15 01:27:00,,4.78707,114.63706,4.69384,114.7241,3.5,8.83,2.85,19.98,FQ-5894,INV-866735,BND,VEH-727,Yes,Tutong,7,High Demand Zone,9,8/28/2023,Pass
2025-04-13,8:57:26,"""CNR5472109""",Completed,"""CID5048206""",Compact,Tutong Beach,Serusop,12.9,30.6,,,,9.14,4.7,4.4,Card,19.47,Brunei-Muara,Brunei-Muara,Fadhil Junaidi,2.41,12.41,August,2024,Monday,1.0,6.7,OFF-200182,8/12/2024 8:57,accepted,8/12/2024 8:57,SESS-29233,8/12/2024 6:57,8/12/2024 9:57,8/12/2024 8:57,2025-04-13 11:39:00,2025-04-13 11:43:00,2025-04-13 11:52:00,2025-04-13 12:19:00,,4.91086,114.85067,4.89067,114.95317,3.5,7.64,2.45,16.09,FQ-6003,INV-661710,BND,VEH-642,Yes,Brunei-Muara,13,Normal,12,11/17/2023,Pass
2025-04-22,23:05:33,"""CNR2833289""",Completed,"""CID3076034""",SUV,Lumut,Berakas,8.7,20.6,1.0,,,17.63,4.4,3.6,Dart Wallet,4.38,Brunei-Muara,Tutong,Farhana Yusof,0.85,2.8,January,2024,Thursday,0.0,5.3,OFF-200183,1/4/2024 23:04,accepted,1/4/2024 23:04,SESS-31967,1/4/2024 19:05,1/5/2024 0:05,1/4/2024 23:05,2025-04-22 07:19:00,2025-04-22 07:23:00,2025-04-22 07:26:00,2025-04-22 07:52:00,1/4/2024 23:08,4.90347,114.93113,4.65918,114.70569,3.5,3.92,1.65,18.6,FQ-9241,INV-115386,BND,VEH-674,Yes,Temburong,4,High Demand Zone,14,2/1/2024,Pass
2025-04-02,11:06:44,"""CNR8442785""",Cancelled by Driver,"""CID7651154""",SUV,Kuala Belait,Bandar Seri Begawan,3.2,43.6,,,,5.95,4.7,4.7,Dart Wallet,30.75,Tutong,Brunei-Muara,Ahmad Zaki,5.85,24.83,September,2024,Wednesday,0.0,4.5,OFF-200122,9/4/2024 11:05,rejected,9/4/2024 11:06,SESS-75925,9/4/2024 8:06,9/4/2024 14:06,9/4/2024 11:06,2025-04-02 05:02:00,2025-04-02 05:06:00,2025-04-02 05:16:00,2025-04-02 05:32:00,,4.67843,114.76523,4.9107,114.96154,3.5,13.79,3.49,25.78,FQ-8406,INV-615153,BND,VEH-696,Yes,Brunei-Muara,6,Normal,13,6/11/2023,Pass
2025-04-06,18:03:59,"""CNR6443443""",Cancelled,"""CID1686959""",SUV,Jangsak,Bandar Seri Begawan,7.6,16.6,,,,6.87,3.7,4.1,Dart Wallet,6.47,Brunei-Muara,Brunei-Muara,Hamid Rashid,1.14,5.27,December,2024,Tuesday,1.0,4.3,OFF-200144,12/10/2024 18:03,accepted,12/10/2024 18:03,SESS-39154,12/10/2024 15:03,12/10/2024 21:03,12/10/2024 18:03,2025-04-06 19:34:00,2025-04-06 19:36:00,2025-04-06 19:42:00,2025-04-06 20:19:00,12/10/2024 18:08,4.88354,114.93049,4.97936,114.95369,3.5,3.92,1.33,17.12,FQ-6220,INV-852305,BND,VEH-750,Yes,Tutong,11,High Demand Zone,10,2/3/2023,Pass
2025-04-04,21:26:16,"""CNR9924856""",Cancelled,"""CID5443075""",SUV,Bandar Seri Begawan,Lumut,9.0,23.4,,,,2.26,4.7,4.7,Cash,14.85,Belait,Belait,Mohd Hafiz,2.0,10.88,January,2024,Monday,0.0,4.3,OFF-200037,1/15/2024 21:25,rejected,1/15/2024 21:25,SESS-37455,1/15/2024 17:26,1/15/2024 23:26,1/15/2024 21:26,2025-04-04 05:23:00,2025-04-04 05:28:00,2025-04-04 05:30:00,2025-04-04 06:14:00,,4.5176,114.18781,4.60447,114.17037,3.5,2.81,1.87,6.68,FQ-6944,INV-424842,BND,VEH-678,Yes,Brunei-Muara,13,Normal,4,11/27/2023,Pass
2025-04-13,6:20:31,"""CNR3315619""",Completed,"""CID6044362""",SUV,Tutong Town,Lumut,11.7,38.4,,,,1.16,4.3,4.3,Cash,11.25,Belait,Brunei-Muara,Khairul Anuar,1.14,8.84,May,2024,Friday,1.0,5.8,OFF-200023,5/10/2024 6:20,rejected,5/10/2024 6:20,SESS-78148,5/10/2024 4:20,5/10/2024 7:20,5/10/2024 6:20,2025-04-13 11:30:00,2025-04-13 11:34:00,2025-04-13 11:37:00,2025-04-13 12:18:00,,4.5651,114.29867,4.94541,114.94941,3.5,12.37,3.07,28.67,FQ-9621,INV-893919,BND,VEH-476,Yes,Belait,12,High Demand Zone,11,3/13/2023,Pass
2025-04-13,11:54:21,"""CNR2312430""",Cancelled by Driver,"""CID9761509""",Premium,Serusop,Mata-Mata,10.0,39.5,,,,18.74,4.3,3.8,Online Banking,21.07,Brunei-Muara,Tutong,Shahrul Nizam,3.36,17.87,August,2024,Monday,0.0,8.1,OFF-200068,8/26/2024 11:53,rejected,8/26/2024 11:53,SESS-93507,8/26/2024 9:54,8/26/2024 12:54,8/26/2024 11:54,2025-04-13 20:02:00,2025-04-13 20:05:00,2025-04-13 20:13:00,2025-04-13 20:38:00,,4.93963,114.89716,4.80297,114.68201,3.5,7.54,3.16,16.2,FQ-6291,INV-968820,BND,VEH-252,Yes,Brunei-Muara,11,Normal,8,11/13/2023,Pass
2025-04-18,11:37:57,"""CNR5547305""",Completed,"""CID8378248""",Premium,Tutong Town,Kuala Belait,4.0,41.7,1.0,,,13.95,4.1,3.8,Dart Wallet,26.93,Brunei-Muara,Tutong,Abdul Rahman,3.35,20.87,May,2024,Tuesday,1.0,6.4,OFF-200115,5/14/2024 11:37,accepted,5/14/2024 11:37,SESS-85776,5/14/2024 6:37,5/14/2024 12:37,5/14/2024 11:37,2025-04-18 14:56:00,2025-04-18 15:01:00,2025-04-18 15:11:00,2025-04-18 15:39:00,5/14/2024 11:39,4.96478,114.90201,4.66991,114.71213,3.5,3.92,3.34,11.76,FQ-9082,INV-124354,BND,VEH-428,Yes,Temburong,5,Normal,5,6/6/2023,Pass
2025-04-11,19:52:59,"""CNR7386689""",Completed,"""CID2377603""",Compact,Bandar Seri Begawan,Serusop,13.2,36.1,,,,11.75,4.1,4.9,Dart Wallet,11.42,Brunei-Muara,Brunei-Muara,Mustafa Kamal,2.38,8.59,September,2024,Saturday,0.0,6.1,OFF-200097,9/21/2024 19:52,accepted,9/21/2024 19:52,SESS-19846,9/21/2024 14:52,9/21/2024 21:52,9/21/2024 19:52,2025-04-11 17:31:00,2025-04-11 17:35:00,2025-04-11 17:39:00,2025-04-11 17:47:00,,4.90288,114.85225,4.93783,114.93135,3.5,7.77,2.89,18.7,FQ-7660,INV-127899,BND,VEH-726,Yes,Brunei-Muara,9,High Demand Zone,14,7/18/2023,Pass
2025-04-21,11:58:09,"""CNR8141819""",Completed,"""CID5476229""",SUV,Jangsak,Gadong,5.3,11.5,,,,15.81,4.0,4.5,Online Banking,28.09,Brunei-Muara,Belait,Syafiqah Yusof,5.4,21.76,July,2024,Tuesday,0.0,8.4,OFF-200197,7/16/2024 11:57,accepted,7/16/2024 11:57,SESS-20137,7/16/2024 9:58,7/16/2024 12:58,7/16/2024 11:58,2025-04-21 16:14:00,2025-04-21 16:16:00,2025-04-21 16:18:00,2025-04-21 17:01:00,,4.87897,114.87332,4.54191,114.17947,3.5,17.37,0.92,37.68,FQ-9475,INV-646401,BND,VEH-214,Yes,Temburong,12,High Demand Zone,3,6/10/2023,Pass
2025-04-21,0:13:50,"""CNR6177422""",Completed,"""CID3215044""",SUV,Rimba,Rimba,8.0,31.6,,,,22.06,4.7,4.0,Cash,20.59,Tutong,Brunei-Muara,Mohd Hafiz,3.86,15.23,November,2024,Friday,1.0,8.7,OFF-200138,11/22/2024 0:13,accepted,11/22/2024 0:13,SESS-37455,11/21/2024 20:13,11/22/2024 3:13,11/22/2024 0:13,2025-04-21 00:00:00,2025-04-21 00:04:00,2025-04-21 00:10:00,2025-04-21 00:20:00,,4.84087,114.7318,4.89173,114.942,3.5,22.4,2.53,38.04,FQ-8005,INV-476323,BND,VEH-678,Yes,Tutong,4,High Demand Zone,10,3/9/2023,Pass
2025-04-08,13:57:22,"""CNR8878134""",Cancelled by Driver,"""CID7848826""",Compact,Tutong Town,Lambak,14.1,10.4,,,,10.86,4.3,3.9,Cash,19.1,Belait,Brunei-Muara,Sufian bin Haji Ali,3.38,12.02,May,2024,Saturday,1.0,4.9,OFF-200143,5/18/2024 13:56,accepted,5/18/2024 13:56,SESS-22883,5/18/2024 9:57,5/18/2024 16:57,5/18/2024 13:57,2025-04-08 18:59:00,2025-04-08 19:04:00,2025-04-08 19:12:00,2025-04-08 19:46:00,5/18/2024 14:03,4.58179,114.11543,4.8958,114.95953,3.5,3.92,0.83,10.25,FQ-9245,INV-966726,BND,VEH-473,Yes,Brunei-Muara,12,Normal,2,5/17/2023,Pass
2025-04-26,18:33:20,"""CNR4666491""",Cancelled by Driver,"""CID2057868""",Compact,Muara,Mentiri,4.1,33.6,,,,8.48,4.6,3.8,Dart Wallet,18.42,Belait,Brunei-Muara,Fadhil Junaidi,4.02,12.81,January,2024,Wednesday,1.0,7.4,OFF-200096,1/10/2024 18:33,accepted,1/10/2024 18:33,SESS-29233,1/10/2024 15:33,1/10/2024 19:33,1/10/2024 18:33,2025-04-26 18:03:00,2025-04-26 18:08:00,2025-04-26 18:16:00,2025-04-26 18:49:00,,4.63604,114.29406,4.90912,114.9514,3.5,15.11,2.69,26.3,FQ-8044,INV-642008,BND,VEH-642,Yes,Temburong,14,Normal,10,6/4/2023,Pass
2025-04-26,11:54:01,"""CNR5104565""",Cancelled,"""CID1463708""",Premium,Tutong Town,Muara,12.3,39.4,,,,28.01,3.9,4.8,Cash,5.43,Tutong,Brunei-Muara,Aiman Hakim,0.83,3.9,June,2024,Tuesday,0.0,8.3,OFF-200123,6/18/2024 11:53,accepted,6/18/2024 11:53,SESS-93521,6/18/2024 9:54,6/18/2024 14:54,6/18/2024 11:54,2025-04-26 10:11:00,2025-04-26 10:16:00,2025-04-26 10:26:00,2025-04-26 10:53:00,,4.77393,114.7443,4.9316,114.86791,3.5,6.15,3.15,17.0,FQ-8434,INV-155340,BND,VEH-146,Yes,Brunei-Muara,11,High Demand Zone,6,12/8/2023,Pass
2025-04-24,9:12:30,"""CNR2094763""",Completed,"""CID8322650""",SUV,Muara,Tutong Town,14.0,16.5,,,,11.32,4.9,3.6,Card,29.76,Brunei-Muara,Brunei-Muara,Abdul Rahman,3.51,23.65,July,2024,Tuesday,0.0,8.3,OFF-200186,7/2/2024 9:11,accepted,7/2/2024 9:11,SESS-85776,7/2/2024 4:12,7/2/2024 10:12,7/2/2024 9:12,2025-04-24 21:48:00,2025-04-24 21:50:00,2025-04-24 21:59:00,2025-04-24 22:16:00,,4.90088,114.88958,4.92678,114.91289,3.5,1.64,1.32,10.07,FQ-9280,INV-856112,BND,VEH-428,Yes,Belait,7,High Demand Zone,11,12/10/2023,Pass
2025-04-16,14:10:46,"""CNR2103354""",Completed,"""CID6530202""",Premium,Mentiri,Lumut,12.6,26.5,,,,22.75,4.9,4.1,Dart Wallet,15.73,Belait,Brunei-Muara,Haji Ramli,2.81,9.94,May,2024,Saturday,1.0,4.0,OFF-200069,5/18/2024 14:09,accepted,5/18/2024 14:09,SESS-68895,5/18/2024 12:10,5/18/2024 16:10,5/18/2024 14:10,2025-04-16 18:54:00,2025-04-16 18:58:00,2025-04-16 19:00:00,2025-04-16 19:39:00,,4.51288,114.20722,4.95763,114.92478,3.5,19.42,2.12,25.04,FQ-9309,INV-240062,BND,VEH-355,Yes,Tutong,4,Normal,8,8/9/2023,Pass
2025-04-02,11:35:20,"""CNR3950515""",Completed,"""CID9062603""",Premium,Tutong Beach,Jangsak,8.2,14.2,1.0,,,3.92,3.9,3.8,Cash,15.14,Brunei-Muara,Belait,Abdul Rahman,3.47,10.45,December,2024,Thursday,1.0,8.1,OFF-200092,12/26/2024 11:34,accepted,12/26/2024 11:34,SESS-85776,12/26/2024 6:35,12/26/2024 12:35,12/26/2024 11:35,2025-04-02 16:14:00,2025-04-02 16:18:00,2025-04-02 16:22:00,2025-04-02 16:52:00,12/26/2024 11:44,4.90952,114.9285,4.53955,114.11603,3.5,3.92,1.14,15.7,FQ-9328,INV-348133,BND,VEH-428,Yes,Brunei-Muara,11,High Demand Zone,3,1/1/2023,Pass
2025-04-09,15:35:47,"""CNR1351335""",Completed,"""CID9426219""",Compact,Mata-Mata,Berakas,13.0,15.6,,,,6.22,3.6,3.8,Online Banking,11.95,Belait,Brunei-Muara,Aiman Hakim,2.23,7.56,December,2024,Saturday,0.0,5.7,OFF-200002,12/7/2024 15:34,rejected,12/7/2024 15:34,SESS-93521,12/7/2024 12:35,12/7/2024 18:35,12/7/2024 15:35,2025-04-09 15:30:00,2025-04-09 15:32:00,2025-04-09 15:39:00,2025-04-09 16:05:00,,4.55591,114.29617,4.86575,114.85667,3.5,4.31,1.25,18.59,FQ-6466,INV-289151,BND,VEH-146,Yes,Temburong,6,High Demand Zone,7,7/9/2023,Pass
2025-04-09,11:25:41,"""CNR2765681""",Cancelled,"""CID2228162""",Sedan,Serusop,Lumut,3.8,44.0,1.0,,,26.9,4.2,4.0,Card,7.3,Brunei-Muara,Brunei-Muara,Awangku Mohd,1.31,5.53,July,2024,Wednesday,0.0,5.4,OFF-200147,7/24/2024 11:25,rejected,7/24/2024 11:25,SESS-35925,7/24/2024 9:25,7/24/2024 12:25,7/24/2024 11:25,2025-04-09 07:25:00,2025-04-09 07:27:00,2025-04-09 07:35:00,2025-04-09 08:07:00,7/24/2024 11:27,4.91518,114.87124,4.91739,114.93728,3.5,3.92,3.52,10.94,FQ-5767,INV-212483,BND,VEH-727,Yes,Belait,6,Normal,4,12/10/2023,Pass
2025-04-09,9:12:30,"""CNR2094763""",Cancelled,"""CID8322650""",SUV,Lambak,Kiulap,14.0,16.5,,,,10.71,3.9,4.9,Online Banking,17.4,Brunei-Muara,Brunei-Muara,Abdul Rahman,3.2,12.01,July,2024,Tuesday,0.0,8.3,OFF-200186,7/2/2024 9:11,accepted,7/2/2024 9:11,SESS-85776,7/2/2024 4:12,7/2/2024 10:12,7/2/2024 9:12,2025-04-09 17:48:00,2025-04-09 17:52:00,2025-04-09 17:54:00,2025-04-09 18:35:00,,4.90088,114.88958,4.92678,114.91289,3.5,1.64,1.32,10.07,FQ-9280,INV-856112,BND,VEH-428,Yes,Brunei-Muara,7,High Demand Zone,11,12/10/2023,Pass
2025-04-01,4:39:18,"""CNR8910332""",Cancelled,"""CID1229941""",Premium,Kuala Belait,Sengkurong,4.5,11.0,,,,9.31,4.7,3.8,Dart Wallet,15.19,Brunei-Muara,Brunei-Muara,,1.85,11.51,November,2024,Tuesday,,4.3,OFF-200163,11/19/2024 4:39,accepted,11/19/2024 4:39,SESS-16338,11/19/2024 1:39,11/19/2024 6:39,11/19/2024 4:39,2025-04-01 12:57:00,2025-04-01 13:02:00,2025-04-01 13:07:00,2025-04-01 13:34:00,,4.88914,114.88394,4.95473,114.87104,3.5,3.92,0.88,17.45,FQ-7055,INV-883339,BND,VEH-510,Yes,Belait,8,High Demand Zone,10,8/21/2023,Pass
2025-04-11,13:58:55,"""CNR4363142""",Completed,"""CID4559451""",SUV,Lambak,Mentiri,6.9,14.2,,1.0,Vehicle Breakdown,18.56,4.9,4.7,Online Banking,25.73,Brunei-Muara,Brunei-Muara,Aiman Hakim,6.0,17.98,February,2024,Sunday,1.0,11.9,OFF-200146,2/18/2024 13:58,accepted,2/18/2024 13:58,SESS-93521,2/18/2024 10:58,2/18/2024 14:58,2/18/2024 13:58,2025-04-11 13:31:00,2025-04-11 13:32:00,2025-04-11 13:40:00,2025-04-11 14:24:00,,4.95034,114.9427,4.92638,114.97539,3.5,8.78,1.14,18.42,FQ-5217,INV-534343,BND,VEH-146,Yes,Brunei-Muara,6,Normal,11,6/17/2023,Pass
2025-04-24,16:37:19,"""CNR7492796""",Completed,"""CID7866026""",SUV,Gadong,Serusop,2.3,31.7,,,,3.99,3.5,4.3,Online Banking,8.34,Belait,Brunei-Muara,,1.93,5.14,March,2024,Wednesday,,6.0,OFF-200089,3/13/2024 16:36,accepted,3/13/2024 16:36,SESS-16338,3/13/2024 13:37,3/13/2024 18:37,3/13/2024 16:37,2025-04-24 18:23:00,2025-04-24 18:25:00,2025-04-24 18:33:00,2025-04-24 19:06:00,,4.6872,114.36158,4.8765,114.87703,3.5,3.92,2.54,14.94,FQ-6417,INV-489304,BND,VEH-510,Yes,Belait,12,High Demand Zone,13,7/31/2023,Pass
2025-04-13,17:23:58,"""CNR3230933""",Completed,"""CID4183914""",Premium,Bandar Seri Begawan,Rimba,10.1,24.1,,,,4.67,4.0,3.6,Card,17.18,Belait,Belait,Aiman Hakim,2.16,12.57,October,2024,Tuesday,1.0,11.4,OFF-200194,10/8/2024 17:23,accepted,10/8/2024 17:23,SESS-93521,10/8/2024 14:23,10/8/2024 18:23,10/8/2024 17:23,2025-04-13 16:42:00,2025-04-13 16:45:00,2025-04-13 16:48:00,2025-04-13 16:58:00,,4.5814,114.13564,4.66622,114.18027,3.5,17.27,1.93,28.38,FQ-6764,INV-759040,BND,VEH-146,Yes,Belait,7,High Demand Zone,3,6/18/2023,Pass
2025-04-30,13:58:55,"""CNR4363142""",Cancelled by Driver,"""CID4559451""",SUV,Bangar,Jangsak,6.9,14.2,,1.0,Vehicle Breakdown,19.44,4.0,4.5,Card,23.19,Brunei-Muara,Brunei-Muara,Aiman Hakim,4.14,17.18,February,2024,Sunday,1.0,11.9,OFF-200146,2/18/2024 13:58,rejected,2/18/2024 13:58,SESS-93521,2/18/2024 10:58,2/18/2024 14:58,2/18/2024 13:58,2025-04-30 10:41:00,2025-04-30 10:46:00,2025-04-30 10:55:00,2025-04-30 11:30:00,,4.95034,114.9427,4.92638,114.97539,3.5,8.78,1.14,18.42,FQ-5217,INV-534343,BND,VEH-146,Yes,Tutong,6,Normal,11,6/17/2023,Pass
2025-04-12,11:25:41,"""CNR2765681""",Completed,"""CID2228162""",Premium,Sengkurong,Mata-Mata,3.8,44.0,1.0,,,24.65,3.5,4.2,Card,3.0,Brunei-Muara,Brunei-Muara,Awangku Mohd,0.45,2.44,July,2024,Wednesday,0.0,5.4,OFF-200147,7/24/2024 11:25,accepted,7/24/2024 11:25,SESS-35925,7/24/2024 9:25,7/24/2024 12:25,7/24/2024 11:25,2025-04-12 15:27:00,2025-04-12 15:31:00,2025-04-12 15:34:00,2025-04-12 15:53:00,7/24/2024 11:27,4.91518,114.87124,4.91739,114.93728,3.5,3.92,3.52,10.94,FQ-5767,INV-212483,BND,VEH-727,Yes,Tutong,6,Normal,4,12/10/2023,Pass
2025-04-30,18:13:05,"""CNR8068577""",Completed,"""CID2385957""",Sedan,Kuala Belait,Muara,6.2,12.8,,,,13.68,4.7,4.5,Online Banking,31.23,Brunei-Muara,Brunei-Muara,Ahmad Zaki,6.47,20.69,May,2024,Wednesday,1.0,8.7,OFF-200095,5/22/2024 18:12,rejected,5/22/2024 18:12,SESS-75925,5/22/2024 13:13,5/22/2024 19:13,5/22/2024 18:13,2025-04-30 15:41:00,2025-04-30 15:42:00,2025-04-30 15:48:00,2025-04-30 16:23:00,,4.94939,114.8792,4.89032,114.95803,3.5,3.61,1.02,8.66,FQ-8741,INV-864083,BND,VEH-696,Yes,Temburong,8,High Demand Zone,5,4/25/2023,Pass
2025-04-08,0:26:09,"""CNR5317954""",Completed,"""CID7826673""",Premium,Kuala Belait,Bangar,5.5,33.0,,,,9.4,4.4,3.9,Dart Wallet,8.84,Brunei-Muara,Brunei-Muara,Fadhil Junaidi,1.7,6.71,February,2024,Friday,0.0,11.1,OFF-200198,2/9/2024 0:25,accepted,2/9/2024 0:25,SESS-29233,2/8/2024 22:26,2/9/2024 3:26,2/9/2024 0:26,2025-04-08 07:55:00,2025-04-08 08:00:00,2025-04-08 08:05:00,2025-04-08 08:37:00,,4.89355,114.90455,4.87904,114.87111,3.5,15.26,2.64,32.1,FQ-6804,INV-550724,BND,VEH-642,Yes,Tutong,12,High Demand Zone,14,11/12/2023,Pass
2025-04-07,12:28:08,"""CNR8559128""",Completed,"""CID1831657""",Premium,Lambak,Jerudong,4.4,42.0,,,,7.75,4.0,4.0,Online Banking,26.27,Brunei-Muara,Tutong,Mustafa Kamal,4.57,16.75,October,2024,Monday,0.0,6.2,OFF-200051,10/14/2024 12:27,rejected,10/14/2024 12:27,SESS-19846,10/14/2024 8:28,10/14/2024 13:28,10/14/2024 12:28,2025-04-07 09:54:00,2025-04-07 09:59:00,2025-04-07 10:01:00,2025-04-07 10:15:00,,4.91015,114.9056,4.7977,114.71322,3.5,12.08,3.36,33.41,FQ-9715,INV-567503,BND,VEH-726,Yes,Brunei-Muara,7,High Demand Zone,12,3/3/2023,Pass
2025-04-26,20:28:37,"""CNR5239998""",Completed,"""CID1535942""",Premium,Serusop,Kiulap,8.7,30.6,,,,26.98,5.0,3.5,Dart Wallet,8.81,Belait,Brunei-Muara,Ahmad Zaki,1.39,5.84,April,2024,Wednesday,1.0,7.2,OFF-200160,4/24/2024 20:27,rejected,4/24/2024 20:27,SESS-75925,4/24/2024 15:28,4/24/2024 21:28,4/24/2024 20:28,2025-04-26 15:18:00,2025-04-26 15:21:00,2025-04-26 15:23:00,2025-04-26 15:57:00,,4.51696,114.13943,4.8616,114.86799,3.5,16.78,2.45,23.73,FQ-6399,INV-765728,BND,VEH-696,Yes,Brunei-Muara,8,Normal,13,7/17/2023,Pass
2025-04-23,5:07:15,"""CNR2934263""",Cancelled,"""CID3123182""",SUV,Jangsak,Jerudong,9.5,22.1,,,,5.6,3.7,4.3,Dart Wallet,32.96,Belait,Brunei-Muara,Khairul Anuar,6.98,25.78,March,2024,Monday,0.0,11.4,OFF-200167,3/25/2024 5:06,accepted,3/25/2024 5:06,SESS-78148,3/25/2024 2:07,3/25/2024 7:07,3/25/2024 5:07,2025-04-23 07:18:00,2025-04-23 07:19:00,2025-04-23 07:24:00,2025-04-23 07:57:00,,4.62353,114.31096,4.95954,114.93956,3.5,13.26,1.77,23.53,FQ-8646,INV-555702,BND,VEH-476,Yes,Belait,14,Normal,2,6/14/2023,Pass
2025-04-16,14:27:41,"""CNR7498137""",Completed,"""CID9299897""",Compact,Jerudong,Muara,12.3,38.7,,,,17.96,4.4,5.0,Online Banking,28.42,Brunei-Muara,Brunei-Muara,Faisal Hakimi,3.88,19.86,January,2024,Friday,1.0,8.5,OFF-200127,1/12/2024 14:26,accepted,1/12/2024 14:26,SESS-85181,1/12/2024 11:27,1/12/2024 16:27,1/12/2024 14:27,2025-04-16 20:11:00,2025-04-16 20:12:00,2025-04-16 20:19:00,2025-04-16 20:36:00,,4.89756,114.89802,4.93703,114.92727,3.5,1.57,3.1,8.71,FQ-7692,INV-195013,BND,VEH-126,Yes,Belait,13,High Demand Zone,10,6/16/2023,Pass
2025-04-23,23:33:25,"""CNR6408706""",Cancelled by Driver,"""CID1966936""",Compact,Muara,Lambak,13.9,28.7,,,,29.91,4.6,4.5,Cash,32.79,Belait,Tutong,Haji Ramli,3.57,24.8,January,2024,Sunday,1.0,4.3,OFF-200038,1/7/2024 23:32,accepted,1/7/2024 23:32,SESS-68895,1/7/2024 20:33,1/8/2024 0:33,1/7/2024 23:33,2025-04-23 15:37:00,2025-04-23 15:40:00,2025-04-23 15:44:00,2025-04-23 16:27:00,,4.52471,114.10833,4.71093,114.747,3.5,10.45,2.3,22.31,FQ-9577,INV-981907,BND,VEH-355,Yes,Brunei-Muara,6,High Demand Zone,3,4/15/2023,Pass
2025-04-26,11:43:18,"""CNR5879277""",Completed,"""CID9602160""",Sedan,Jangsak,Berakas,6.7,23.9,,,,2.15,4.2,4.3,Dart Wallet,11.02,Brunei-Muara,Brunei-Muara,,2.03,8.56,March,2024,Tuesday,,5.0,OFF-200081,3/26/2024 11:42,accepted,3/26/2024 11:43,SESS-16338,3/26/2024 7:43,3/26/2024 12:43,3/26/2024 11:43,2025-04-26 03:00:00,2025-04-26 03:03:00,2025-04-26 03:08:00,2025-04-26 03:44:00,,4.93083,114.94061,4.97949,114.93079,3.5,3.92,1.91,6.83,FQ-9037,INV-561446,BND,VEH-510,Yes,Tutong,12,Normal,14,2/13/2023,Pass
2025-04-19,16:02:47,"""CNR7028693""",Cancelled,"""CID5551104""",Sedan,Bangar,Lambak,12.2,22.2,,,,16.71,4.6,4.3,Card,29.22,Brunei-Muara,Brunei-Muara,Ridhwan Bakar,6.32,20.85,September,2024,Monday,1.0,7.0,OFF-200103,9/9/2024 16:01,accepted,9/9/2024 16:01,SESS-20959,9/9/2024 13:02,9/9/2024 17:02,9/9/2024 16:02,2025-04-19 05:23:00,2025-04-19 05:27:00,2025-04-19 05:34:00,2025-04-19 06:01:00,,4.8998,114.92244,4.96698,114.9224,3.5,5.6,1.78,13.82,FQ-7728,INV-412885,BND,VEH-504,Yes,Tutong,8,High Demand Zone,10,7/23/2023,Pass
2025-04-29,17:19:45,"""CNR6672970""",Cancelled by Driver,"""CID7564583""",SUV,Bangar,Rimba,8.0,31.7,,,,10.36,3.6,4.3,Dart Wallet,22.62,Brunei-Muara,Brunei-Muara,Siti Aminah,2.64,17.2,June,2024,Tuesday,1.0,6.1,OFF-200128,6/25/2024 17:19,accepted,6/25/2024 17:19,SESS-19622,6/25/2024 15:19,6/25/2024 18:19,6/25/2024 17:19,2025-04-29 00:31:00,2025-04-29 00:34:00,2025-04-29 00:39:00,2025-04-29 01:07:00,,4.9663,114.86208,4.96658,114.88619,3.5,14.81,2.54,21.85,FQ-7717,INV-467365,BND,VEH-614,Yes,Brunei-Muara,14,Normal,10,2/25/2023,Pass
2025-04-27,10:40:22,"""CNR1652765""",Cancelled,"""CID8558813""",Sedan,Berakas,Jerudong,6.5,34.4,,1.0,Vehicle Breakdown,7.4,4.5,4.9,Dart Wallet,4.57,Tutong,Belait,Zulhelmi Ishak,0.47,3.56,December,2024,Sunday,1.0,4.5,OFF-200010,12/1/2024 10:40,accepted,12/1/2024 10:40,SESS-38008,12/1/2024 7:40,12/1/2024 11:40,12/1/2024 10:40,2025-04-27 04:05:00,2025-04-27 04:06:00,2025-04-27 04:11:00,2025-04-27 04:18:00,,4.747,114.67638,4.5337,114.22291,3.5,2.13,2.75,15.47,FQ-6248,INV-952956,BND,VEH-353,Yes,Temburong,9,High Demand Zone,11,1/29/2024,Pass
2025-04-30,7:57:52,"""CNR2678197""",Completed,"""CID7334919""",Premium,Sengkurong,Kiulap,9.5,32.7,,,,7.26,4.1,3.8,Cash,5.49,Brunei-Muara,Brunei-Muara,Nurul Izzah,0.63,4.01,September,2024,Wednesday,0.0,4.0,OFF-200184,9/25/2024 7:57,accepted,9/25/2024 7:57,SESS-35224,9/25/2024 2:57,9/25/2024 8:57,9/25/2024 7:57,2025-04-30 02:24:00,2025-04-30 02:27:00,2025-04-30 02:29:00,2025-04-30 03:14:00,,4.85129,114.86578,4.9116,114.86929,3.5,1.26,2.62,14.22,FQ-7563,INV-931902,BND,VEH-204,Yes,Temburong,9,High Demand Zone,14,8/26/2023,Pass
2025-04-07,20:31:41,"""CNR6760475""",Completed,"""CID2785792""",Compact,Jerudong,Sengkurong,11.8,39.2,,,,16.95,4.4,4.3,Dart Wallet,28.36,Belait,Tutong,,5.63,20.59,December,2024,Friday,,5.8,OFF-200177,12/27/2024 20:30,accepted,12/27/2024 20:31,SESS-16338,12/27/2024 18:31,12/27/2024 22:31,12/27/2024 20:31,2025-04-07 16:33:00,2025-04-07 16:38:00,2025-04-07 16:42:00,2025-04-07 17:02:00,,4.64322,114.34329,4.70581,114.68612,3.5,3.92,3.14,15.56,FQ-9122,INV-765025,BND,VEH-510,Yes,Temburong,13,Normal,8,9/12/2023,Pass
2025-04-30,11:19:06,"""CNR3609994""",Cancelled by Driver,"""CID2703039""",Premium,Mata-Mata,Mata-Mata,11.0,40.1,,,,16.96,4.9,4.2,Card,15.0,Brunei-Muara,Belait,,2.31,11.79,February,2024,Thursday,,8.5,OFF-200150,2/22/2024 11:18,accepted,2/22/2024 11:18,SESS-16338,2/22/2024 9:19,2/22/2024 12:19,2/22/2024 11:19,2025-04-30 11:44:00,2025-04-30 11:47:00,2025-04-30 11:57:00,2025-04-30 12:22:00,,4.9529,114.92257,4.60565,114.22755,3.5,3.92,3.21,15.94,FQ-6583,INV-561935,BND,VEH-510,Yes,Tutong,9,High Demand Zone,12,7/18/2023,Pass
2025-04-01,19:14:18,"""CNR7208423""",Completed,"""CID8572144""",Premium,Kuala Belait,Gadong,2.1,34.9,,,,24.84,4.3,4.3,Card,3.69,Belait,Belait,Sufian bin Haji Ali,0.52,2.85,May,2024,Saturday,1.0,5.8,OFF-200158,5/25/2024 19:13,accepted,5/25/2024 19:14,SESS-22883,5/25/2024 14:14,5/25/2024 20:14,5/25/2024 19:14,2025-04-01 22:55:00,2025-04-01 23:00:00,2025-04-01 23:02:00,2025-04-01 23:25:00,,4.5353,114.32541,4.58885,114.25079,3.5,14.58,2.79,26.09,FQ-6919,INV-902186,BND,VEH-473,Yes,Belait,12,High Demand Zone,4,4/20/2023,Pass
2025-04-30,18:22:20,"""CNR7385162""",Cancelled by Driver,"""CID4223292""",Premium,Serusop,Serusop,12.9,29.0,,,,24.52,4.6,4.9,Online Banking,10.46,Belait,Brunei-Muara,,1.67,6.52,July,2024,Sunday,,5.2,OFF-200041,7/14/2024 18:21,accepted,7/14/2024 18:21,SESS-16338,7/14/2024 14:22,7/14/2024 21:22,7/14/2024 18:22,2025-04-30 18:03:00,2025-04-30 18:07:00,2025-04-30 18:09:00,2025-04-30 18:20:00,,4.57838,114.37354,4.96925,114.91966,3.5,3.92,2.32,10.74,FQ-6215,INV-299624,BND,VEH-510,Yes,Tutong,4,Normal,4,9/17/2023,Pass
2025-04-24,14:41:56,"""CNR3422152""",Completed,"""CID9604726""",Compact,Kuala Belait,Kiulap,13.5,42.5,,,,24.7,3.8,4.8,Cash,14.13,Tutong,Brunei-Muara,Siti Aminah,3.25,9.95,December,2024,Thursday,0.0,11.0,OFF-200098,12/26/2024 14:41,accepted,12/26/2024 14:41,SESS-19622,12/26/2024 9:41,12/26/2024 17:41,12/26/2024 14:41,2025-04-24 10:42:00,2025-04-24 10:46:00,2025-04-24 10:50:00,2025-04-24 11:25:00,,4.71618,114.76674,4.86274,114.94378,3.5,12.76,3.4,26.57,FQ-7001,INV-280068,BND,VEH-614,Yes,Brunei-Muara,11,High Demand Zone,14,1/29/2023,Pass
2025-04-21,13:05:11,"""CNR4338511""",Completed,"""CID5489012""",Premium,Tutong Beach,Kiulap,5.6,21.0,,,,20.54,4.4,4.6,Card,7.9,Brunei-Muara,Tutong,,1.94,6.71,December,2024,Friday,,9.0,OFF-200006,12/27/2024 13:04,accepted,12/27/2024 13:04,SESS-16338,12/27/2024 8:05,12/27/2024 15:05,12/27/2024 13:05,2025-04-21 19:50:00,2025-04-21 19:51:00,2025-04-21 19:59:00,2025-04-21 20:04:00,,4.95854,114.86804,4.7445,114.70676,3.5,3.92,1.68,16.38,FQ-7848,INV-611636,BND,VEH-510,Yes,Tutong,11,High Demand Zone,7,11/23/2023,Pass
2025-04-03,13:57:22,"""CNR8878134""",Cancelled by Driver,"""CID7848826""",Compact,Mentiri,Bandar Seri Begawan,14.1,10.4,,,,12.56,4.2,4.6,Cash,11.4,Belait,Brunei-Muara,Sufian bin Haji Ali,2.33,8.08,May,2024,Saturday,1.0,4.9,OFF-200143,5/18/2024 13:56,rejected,5/18/2024 13:56,SESS-22883,5/18/2024 9:57,5/18/2024 16:57,5/18/2024 13:57,2025-04-03 07:17:00,2025-04-03 07:19:00,2025-04-03 07:27:00,2025-04-03 07:50:00,5/18/2024 14:03,4.58179,114.11543,4.8958,114.95953,3.5,3.92,0.83,10.25,FQ-9245,INV-966726,BND,VEH-473,Yes,Belait,12,Normal,2,5/17/2023,Pass
2025-04-07,16:37:19,"""CNR7492796""",Completed,"""CID7866026""",Premium,Muara,Bandar Seri Begawan,2.3,31.7,,,,12.99,4.5,4.0,Dart Wallet,6.6,Belait,Brunei-Muara,,0.85,4.56,March,2024,Wednesday,,6.0,OFF-200089,3/13/2024 16:36,accepted,3/13/2024 16:36,SESS-16338,3/13/2024 13:37,3/13/2024 18:37,3/13/2024 16:37,2025-04-07 15:15:00,2025-04-07 15:20:00,2025-04-07 15:25:00,2025-04-07 16:06:00,,4.6872,114.36158,4.8765,114.87703,3.5,3.92,2.54,14.94,FQ-6417,INV-489304,BND,VEH-510,Yes,Belait,12,High Demand Zone,13,7/31/2023,Pass
2025-04-25,21:00:23,"""CNR5065800""",Completed,"""CID8927033""",SUV,Jangsak,Kiulap,12.4,41.2,,,,25.73,4.9,4.9,Card,27.25,Brunei-Muara,Brunei-Muara,Roslan Ahmad,2.95,17.12,December,2024,Monday,1.0,7.0,OFF-200111,12/23/2024 20:59,accepted,12/23/2024 20:59,SESS-14930,12/23/2024 16:00,12/23/2024 23:00,12/23/2024 21:00,2025-04-25 08:56:00,2025-04-25 09:01:00,2025-04-25 09:10:00,2025-04-25 09:37:00,12/23/2024 21:04,4.90875,114.85801,4.93801,114.93077,3.5,3.92,3.3,12.72,FQ-6863,INV-640532,BND,VEH-675,Yes,Belait,8,Normal,6,6/19/2023,Pass
2025-04-28,13:56:24,"""CNR5195905""",Cancelled by Driver,"""CID6060819""",Premium,Lumut,Gadong,6.0,37.1,1.0,,,16.17,3.7,4.6,Card,9.52,Belait,Tutong,Nabilah Hassan,1.64,6.33,June,2024,Monday,0.0,9.6,OFF-200059,6/10/2024 13:55,accepted,6/10/2024 13:55,SESS-68128,6/10/2024 10:56,6/10/2024 14:56,6/10/2024 13:56,2025-04-28 08:54:00,2025-04-28 08:57:00,2025-04-28 09:00:00,2025-04-28 09:26:00,6/10/2024 14:02,4.67708,114.20374,4.71426,114.64436,3.5,3.92,2.97,14.39,FQ-5551,INV-725131,BND,VEH-713,Yes,Temburong,12,Normal,14,10/24/2023,Pass
2025-04-23,20:04:40,"""CNR3050672""",Cancelled by Driver,"""CID7072566""",Premium,Lambak,Kiulap,13.7,44.0,,,,19.99,4.8,3.9,Card,4.7,Belait,Brunei-Muara,Mustafa Kamal,0.74,2.83,April,2024,Saturday,1.0,9.2,OFF-200112,4/6/2024 20:04,accepted,4/6/2024 20:04,SESS-19846,4/6/2024 15:04,4/6/2024 22:04,4/6/2024 20:04,2025-04-23 20:50:00,2025-04-23 20:51:00,2025-04-23 21:01:00,2025-04-23 21:30:00,4/6/2024 20:11,4.52321,114.23055,4.88918,114.91799,3.5,3.92,3.52,18.91,FQ-5816,INV-979031,BND,VEH-726,Yes,Tutong,9,High Demand Zone,3,5/20/2023,Pass
2025-04-22,6:15:38,"""CNR5259986""",Cancelled,"""CID9828317""",Sedan,Muara,Rimba,3.4,23.1,,,,15.52,3.9,3.5,Online Banking,8.97,Brunei-Muara,Brunei-Muara,Syafiqah Yusof,2.14,6.41,October,2024,Thursday,1.0,5.5,OFF-200001,10/3/2024 6:14,accepted,10/3/2024 6:14,SESS-20137,10/3/2024 3:15,10/3/2024 7:15,10/3/2024 6:15,2025-04-22 11:50:00,2025-04-22 11:53:00,2025-04-22 11:55:00,2025-04-22 12:06:00,,4.97911,114.89109,4.96292,114.96792,3.5,21.23,1.85,26.58,FQ-6035,INV-931251,BND,VEH-214,Yes,Temburong,12,Normal,12,9/21/2023,Pass
2025-04-17,17:19:45,"""CNR6672970""",Completed,"""CID7564583""",Premium,Sengkurong,Sengkurong,8.0,31.7,,,,19.15,3.5,4.7,Online Banking,28.98,Brunei-Muara,Brunei-Muara,Siti Aminah,6.77,23.75,June,2024,Tuesday,1.0,6.1,OFF-200128,6/25/2024 17:19,accepted,6/25/2024 17:19,SESS-19622,6/25/2024 15:19,6/25/2024 18:19,6/25/2024 17:19,2025-04-17 09:11:00,2025-04-17 09:13:00,2025-04-17 09:21:00,2025-04-17 09:57:00,,4.9663,114.86208,4.96658,114.88619,3.5,14.81,2.54,21.85,FQ-7717,INV-467365,BND,VEH-614,Yes,Brunei-Muara,14,Normal,10,2/25/2023,Pass
2025-04-18,10:10:26,"""CNR5962220""",Completed,"""CID3747067""",SUV,Bandar Seri Begawan,Rimba,13.8,19.7,,,,10.06,4.5,3.7,Dart Wallet,16.65,Brunei-Muara,Belait,Zulhelmi Ishak,2.79,12.51,March,2024,Wednesday,1.0,11.4,OFF-200047,3/13/2024 10:09,accepted,3/13/2024 10:09,SESS-38008,3/13/2024 5:10,3/13/2024 12:10,3/13/2024 10:10,2025-04-18 08:03:00,2025-04-18 08:07:00,2025-04-18 08:14:00,2025-04-18 08:28:00,3/13/2024 10:18,4.87729,114.86946,4.67722,114.27097,3.5,3.92,1.58,10.0,FQ-7793,INV-450849,BND,VEH-353,Yes,Belait,14,Normal,7,4/9/2023,Pass
2025-04-19,10:56:12,"""CNR2608448""",Completed,"""CID5169769""",SUV,Mata-Mata,Serusop,6.1,40.5,,,,25.35,5.0,4.0,Online Banking,8.89,Brunei-Muara,Tutong,Abdul Rahman,0.93,5.66,February,2024,Thursday,1.0,9.0,OFF-200139,2/8/2024 10:55,accepted,2/8/2024 10:55,SESS-85776,2/8/2024 7:56,2/8/2024 12:56,2/8/2024 10:56,2025-04-19 17:36:00,2025-04-19 17:39:00,2025-04-19 17:43:00,2025-04-19 18:00:00,,4.91423,114.9531,4.68149,114.62119,3.5,9.56,3.24,14.8,FQ-7105,INV-933646,BND,VEH-428,Yes,Belait,9,Normal,7,4/8/2023,Pass
2025-04-14,15:47:22,"""CNR4140742""",Cancelled by Driver,"""CID4274650""",SUV,Jerudong,Serusop,11.1,35.5,,,,18.76,3.6,3.5,Cash,22.38,Brunei-Muara,Brunei-Muara,Hamid Rashid,3.01,16.76,January,2024,Monday,1.0,8.6,OFF-200196,1/8/2024 15:46,accepted,1/8/2024 15:46,SESS-39154,1/8/2024 13:47,1/8/2024 17:47,1/8/2024 15:47,2025-04-14 09:20:00,2025-04-14 09:22:00,2025-04-14 09:28:00,2025-04-14 10:13:00,,4.89082,114.88352,4.90863,114.87058,3.5,18.49,2.84,37.24,FQ-6073,INV-930203,BND,VEH-750,Yes,Belait,7,High Demand Zone,13,4/17/2023,Pass
2025-04-25,14:08:13,"""CNR8483311""",Completed,"""CID5335612""",Compact,Rimba,Lumut,14.7,36.8,1.0,,,12.85,3.8,4.9,Card,10.24,Brunei-Muara,Brunei-Muara,Khairul Anuar,2.45,8.62,March,2024,Thursday,0.0,8.3,OFF-200036,3/7/2024 14:07,accepted,3/7/2024 14:08,SESS-78148,3/7/2024 12:08,3/7/2024 16:08,3/7/2024 14:08,2025-04-25 14:56:00,2025-04-25 14:59:00,2025-04-25 15:08:00,2025-04-25 15:45:00,3/7/2024 14:16,4.87607,114.91628,4.89107,114.95041,3.5,3.92,2.94,16.54,FQ-8173,INV-250204,BND,VEH-476,Yes,Belait,12,High Demand Zone,13,10/17/2023,Pass
2025-04-22,13:13:54,"""CNR3596717""",Cancelled,"""CID8580939""",Compact,Lumut,Mentiri,13.7,25.9,,,,18.63,4.9,4.1,Card,27.84,Brunei-Muara,Tutong,Mustafa Kamal,5.79,22.44,February,2024,Sunday,1.0,11.8,OFF-200159,2/4/2024 13:13,rejected,2/4/2024 13:13,SESS-19846,2/4/2024 9:13,2/4/2024 16:13,2/4/2024 13:13,2025-04-22 06:43:00,2025-04-22 06:45:00,2025-04-22 06:48:00,2025-04-22 07:06:00,2/4/2024 13:21,4.8933,114.97365,4.83844,114.76267,3.5,3.92,2.07,9.49,FQ-7476,INV-342528,BND,VEH-726,Yes,Temburong,12,Normal,2,7/29/2023,Pass
2025-04-19,8:36:52,"""CNR2600511""",Cancelled by Driver,"""CID9938842""",Sedan,Jangsak,Jangsak,7.6,14.3,,,,2.14,3.8,4.9,Card,34.48,Belait,Belait,Ibrahim Daud,7.41,24.03,December,2024,Wednesday,0.0,9.1,OFF-200008,12/25/2024 8:36,rejected,12/25/2024 8:36,SESS-97398,12/25/2024 3:36,12/25/2024 10:36,12/25/2024 8:36,2025-04-19 19:27:00,2025-04-19 19:32:00,2025-04-19 19:34:00,2025-04-19 20:12:00,,4.51527,114.27945,4.60612,114.1339,3.5,6.22,1.14,18.29,FQ-9134,INV-912270,BND,VEH-819,Yes,Brunei-Muara,4,High Demand Zone,11,11/3/2023,Pass
2025-04-15,14:41:56,"""CNR3422152""",Cancelled,"""CID9604726""",Sedan,Mata-Mata,Kuala Belait,13.5,42.5,,,,15.52,4.3,4.8,Card,5.89,Tutong,Brunei-Muara,Siti Aminah,1.11,3.8,December,2024,Thursday,0.0,11.0,OFF-200098,12/26/2024 14:41,rejected,12/26/2024 14:41,SESS-19622,12/26/2024 9:41,12/26/2024 17:41,12/26/2024 14:41,2025-04-15 12:46:00,2025-04-15 12:50:00,2025-04-15 12:56:00,2025-04-15 13:20:00,,4.71618,114.76674,4.86274,114.94378,3.5,12.76,3.4,26.57,FQ-7001,INV-280068,BND,VEH-614,Yes,Belait,11,High Demand Zone,14,1/29/2023,Pass
2025-04-13,13:58:55,"""CNR4363142""",Completed,"""CID4559451""",Sedan,Berakas,Jangsak,6.9,14.2,,1.0,Vehicle Breakdown,4.58,4.3,4.0,Online Banking,25.99,Brunei-Muara,Brunei-Muara,Aiman Hakim,4.35,16.34,February,2024,Sunday,1.0,11.9,OFF-200146,2/18/2024 13:58,accepted,2/18/2024 13:58,SESS-93521,2/18/2024 10:58,2/18/2024 14:58,2/18/2024 13:58,2025-04-13 13:16:00,2025-04-13 13:18:00,2025-04-13 13:20:00,2025-04-13 13:53:00,,4.95034,114.9427,4.92638,114.97539,3.5,8.78,1.14,18.42,FQ-5217,INV-534343,BND,VEH-146,Yes,Temburong,6,Normal,11,6/17/2023,Pass
2025-04-13,10:10:26,"""CNR5962220""",Completed,"""CID3747067""",Premium,Kiulap,Lambak,13.8,19.7,,,,21.65,4.2,4.7,Card,8.72,Brunei-Muara,Belait,Zulhelmi Ishak,1.28,6.15,March,2024,Wednesday,1.0,11.4,OFF-200047,3/13/2024 10:09,accepted,3/13/2024 10:09,SESS-38008,3/13/2024 5:10,3/13/2024 12:10,3/13/2024 10:10,2025-04-13 23:42:00,2025-04-13 23:46:00,2025-04-13 23:50:00,2025-04-14 00:27:00,3/13/2024 10:18,4.87729,114.86946,4.67722,114.27097,3.5,3.92,1.58,10.0,FQ-7793,INV-450849,BND,VEH-353,Yes,Temburong,14,Normal,7,4/9/2023,Pass
2025-04-21,9:41:19,"""CNR4332965""",Cancelled by Driver,"""CID2809404""",Compact,Gadong,Jangsak,8.3,11.7,,,,15.31,4.2,4.2,Dart Wallet,22.46,Belait,Brunei-Muara,Roslan Ahmad,4.47,14.69,February,2024,Sunday,1.0,8.9,OFF-200130,2/25/2024 9:40,accepted,2/25/2024 9:40,SESS-14930,2/25/2024 5:41,2/25/2024 12:41,2/25/2024 9:41,2025-04-21 05:01:00,2025-04-21 05:02:00,2025-04-21 05:07:00,2025-04-21 05:20:00,2/25/2024 9:47,4.5047,114.21765,4.93141,114.97093,3.5,3.92,0.94,7.95,FQ-7271,INV-680275,BND,VEH-675,Yes,Tutong,5,High Demand Zone,10,3/6/2023,Pass
2025-04-20,11:25:41,"""CNR2765681""",Completed,"""CID2228162""",SUV,Kiulap,Lambak,3.8,44.0,1.0,,,1.94,3.6,4.0,Cash,7.65,Brunei-Muara,Brunei-Muara,Awangku Mohd,1.46,5.7,July,2024,Wednesday,0.0,5.4,OFF-200147,7/24/2024 11:25,accepted,7/24/2024 11:25,SESS-35925,7/24/2024 9:25,7/24/2024 12:25,7/24/2024 11:25,2025-04-20 18:47:00,2025-04-20 18:50:00,2025-04-20 19:00:00,2025-04-20 19:20:00,7/24/2024 11:27,4.91518,114.87124,4.91739,114.93728,3.5,3.92,3.52,10.94,FQ-5767,INV-212483,BND,VEH-727,Yes,Belait,6,Normal,4,12/10/2023,Pass
2025-04-04,10:05:53,"""CNR8467869""",Completed,"""CID3130096""",Sedan,Jangsak,Sengkurong,3.2,14.4,,,,11.99,3.9,4.3,Cash,14.79,Belait,Belait,,2.43,9.12,June,2024,Thursday,,6.2,OFF-200151,6/20/2024 10:05,accepted,6/20/2024 10:05,SESS-16338,6/20/2024 8:05,6/20/2024 12:05,6/20/2024 10:05,2025-04-04 13:00:00,2025-04-04 13:05:00,2025-04-04 13:11:00,2025-04-04 13:26:00,,4.58805,114.24636,4.67083,114.25141,3.5,3.92,1.15,13.57,FQ-8742,INV-105149,BND,VEH-510,Yes,Belait,5,Normal,8,7/25/2023,Pass
2025-04-05,18:36:15,"""CNR1590185""",Completed,"""CID8780721""",SUV,Tutong Beach,Berakas,4.4,39.1,,,,20.97,4.4,3.9,Cash,18.48,Brunei-Muara,Belait,Ridhwan Bakar,4.58,15.4,January,2024,Wednesday,1.0,10.5,OFF-200053,1/17/2024 18:35,accepted,1/17/2024 18:35,SESS-20959,1/17/2024 16:36,1/17/2024 21:36,1/17/2024 18:36,2025-04-05 03:32:00,2025-04-05 03:37:00,2025-04-05 03:44:00,2025-04-05 04:06:00,,4.85942,114.88967,4.58792,114.20926,3.5,3.51,3.13,15.18,FQ-5150,INV-947070,BND,VEH-504,Yes,Temburong,4,High Demand Zone,9,3/23/2023,Pass
2025-04-11,15:20:46,"""CNR4215294""",Cancelled by Driver,"""CID4665477""",Compact,Tutong Beach,Lumut,4.8,13.5,,,,29.4,3.7,4.4,Card,25.67,Belait,Brunei-Muara,Faisal Hakimi,2.66,15.41,January,2024,Wednesday,0.0,5.7,OFF-200119,1/10/2024 15:20,accepted,1/10/2024 15:20,SESS-85181,1/10/2024 11:20,1/10/2024 16:20,1/10/2024 15:20,2025-04-11 08:24:00,2025-04-11 08:26:00,2025-04-11 08:33:00,2025-04-11 09:14:00,,4.53101,114.19478,4.91683,114.93668,3.5,6.58,1.08,11.16,FQ-5787,INV-530245,BND,VEH-126,Yes,Temburong,7,Normal,6,5/5/2023,Pass
2025-04-28,20:28:37,"""CNR5239998""",Completed,"""CID1535942""",SUV,Mentiri,Sengkurong,8.7,30.6,,,,2.97,3.7,4.7,Cash,11.14,Belait,Brunei-Muara,Ahmad Zaki,2.03,7.52,April,2024,Wednesday,1.0,7.2,OFF-200160,4/24/2024 20:27,accepted,4/24/2024 20:27,SESS-75925,4/24/2024 15:28,4/24/2024 21:28,4/24/2024 20:28,2025-04-28 06:39:00,2025-04-28 06:43:00,2025-04-28 06:51:00,2025-04-28 07:35:00,,4.51696,114.13943,4.8616,114.86799,3.5,16.78,2.45,23.73,FQ-6399,INV-765728,BND,VEH-696,Yes,Brunei-Muara,8,Normal,13,7/17/2023,Pass
2025-04-11,10:05:53,"""CNR8467869""",Completed,"""CID3130096""",Compact,Mentiri,Mentiri,3.2,14.4,,,,19.19,4.7,4.0,Dart Wallet,18.41,Belait,Belait,,3.32,15.15,June,2024,Thursday,,6.2,OFF-200151,6/20/2024 10:05,accepted,6/20/2024 10:05,SESS-16338,6/20/2024 8:05,6/20/2024 12:05,6/20/2024 10:05,2025-04-11 10:21:00,2025-04-11 10:23:00,2025-04-11 10:25:00,2025-04-11 11:06:00,,4.58805,114.24636,4.67083,114.25141,3.5,3.92,1.15,13.57,FQ-8742,INV-105149,BND,VEH-510,Yes,Belait,5,Normal,8,7/25/2023,Pass
2025-04-14,11:37:57,"""CNR5547305""",Cancelled by Driver,"""CID8378248""",Sedan,Bangar,Bangar,4.0,41.7,1.0,,,26.75,3.5,3.9,Card,28.59,Brunei-Muara,Tutong,Abdul Rahman,7.02,19.68,May,2024,Tuesday,1.0,6.4,OFF-200115,5/14/2024 11:37,accepted,5/14/2024 11:37,SESS-85776,5/14/2024 6:37,5/14/2024 12:37,5/14/2024 11:37,2025-04-14 22:52:00,2025-04-14 22:57:00,2025-04-14 23:03:00,2025-04-14 23:41:00,5/14/2024 11:39,4.96478,114.90201,4.66991,114.71213,3.5,3.92,3.34,11.76,FQ-9082,INV-124354,BND,VEH-428,Yes,Tutong,5,Normal,5,6/6/2023,Pass
2025-04-13,18:04:38,"""CNR7294023""",Cancelled,"""CID4171544""",Sedan,Kuala Belait,Mentiri,10.8,42.3,,1.0,Customer Demand,7.89,4.0,3.8,Online Banking,18.91,Tutong,Brunei-Muara,Ibrahim Daud,4.59,13.48,February,2024,Saturday,1.0,7.9,OFF-200074,2/24/2024 18:03,accepted,2/24/2024 18:03,SESS-97398,2/24/2024 14:04,2/24/2024 21:04,2/24/2024 18:04,2025-04-13 20:24:00,2025-04-13 20:26:00,2025-04-13 20:34:00,2025-04-13 20:49:00,,4.80558,114.7372,4.90277,114.88197,3.5,4.92,3.38,11.8,FQ-7097,INV-940986,BND,VEH-819,Yes,Brunei-Muara,8,Normal,3,10/12/2023,Pass
2025-04-04,20:04:40,"""CNR3050672""",Completed,"""CID7072566""",Compact,Tutong Beach,Gadong,13.7,44.0,,,,22.24,4.8,3.7,Card,32.56,Belait,Brunei-Muara,Mustafa Kamal,7.04,23.8,April,2024,Saturday,1.0,9.2,OFF-200112,4/6/2024 20:04,accepted,4/6/2024 20:04,SESS-19846,4/6/2024 15:04,4/6/2024 22:04,4/6/2024 20:04,2025-04-04 11:44:00,2025-04-04 11:45:00,2025-04-04 11:50:00,2025-04-04 11:57:00,4/6/2024 20:11,4.52321,114.23055,4.88918,114.91799,3.5,3.92,3.52,18.91,FQ-5816,INV-979031,BND,VEH-726,Yes,Temburong,9,High Demand Zone,3,5/20/2023,Pass
2025-04-27,13:47:33,"""CNR7496424""",Completed,"""CID5064084""",Sedan,Rimba,Tutong Beach,2.4,32.1,,,,18.23,4.3,3.6,Cash,24.99,Brunei-Muara,Belait,Nabilah Hassan,4.25,15.54,April,2024,Monday,1.0,9.9,OFF-200199,4/29/2024 13:46,accepted,4/29/2024 13:46,SESS-68128,4/29/2024 9:47,4/29/2024 16:47,4/29/2024 13:47,2025-04-27 16:37:00,2025-04-27 16:38:00,2025-04-27 16:43:00,2025-04-27 16:56:00,4/29/2024 13:51,4.89037,114.89512,4.69342,114.1578,3.5,3.92,2.57,13.48,FQ-6861,INV-690894,BND,VEH-713,Yes,Temburong,7,High Demand Zone,6,4/16/2023,Pass
2025-04-22,4:39:18,"""CNR8910332""",Cancelled by Driver,"""CID1229941""",Premium,Berakas,Berakas,4.5,11.0,,,,20.46,4.9,3.7,Online Banking,27.73,Brunei-Muara,Brunei-Muara,,3.43,18.53,November,2024,Tuesday,,4.3,OFF-200163,11/19/2024 4:39,accepted,11/19/2024 4:39,SESS-16338,11/19/2024 1:39,11/19/2024 6:39,11/19/2024 4:39,2025-04-22 23:11:00,2025-04-22 23:13:00,2025-04-22 23:19:00,2025-04-22 23:25:00,,4.88914,114.88394,4.95473,114.87104,3.5,3.92,0.88,17.45,FQ-7055,INV-883339,BND,VEH-510,Yes,Tutong,8,High Demand Zone,10,8/21/2023,Pass
2025-04-18,21:24:21,"""CNR4588860""",Completed,"""CID6823367""",Premium,Tutong Town,Serusop,13.4,17.2,,,,26.88,4.9,3.5,Card,12.96,Belait,Brunei-Muara,Zulhelmi Ishak,1.39,9.53,November,2024,Monday,0.0,7.3,OFF-200165,11/4/2024 21:23,accepted,11/4/2024 21:23,SESS-38008,11/4/2024 18:24,11/5/2024 0:24,11/4/2024 21:24,2025-04-18 15:53:00,2025-04-18 15:56:00,2025-04-18 16:06:00,2025-04-18 16:24:00,,4.52914,114.21041,4.8514,114.97435,3.5,5.56,1.38,14.05,FQ-9700,INV-394972,BND,VEH-353,Yes,Tutong,12,High Demand Zone,6,9/9/2023,Pass
2025-04-02,16:02:47,"""CNR7028693""",Completed,"""CID5551104""",Premium,Lambak,Jangsak,12.2,22.2,,,,20.46,4.2,4.6,Online Banking,25.81,Brunei-Muara,Brunei-Muara,Ridhwan Bakar,6.35,18.93,September,2024,Monday,1.0,7.0,OFF-200103,9/9/2024 16:01,accepted,9/9/2024 16:01,SESS-20959,9/9/2024 13:02,9/9/2024 17:02,9/9/2024 16:02,2025-04-02 03:17:00,2025-04-02 03:21:00,2025-04-02 03:24:00,2025-04-02 03:32:00,,4.8998,114.92244,4.96698,114.9224,3.5,5.6,1.78,13.82,FQ-7728,INV-412885,BND,VEH-504,Yes,Temburong,8,High Demand Zone,10,7/23/2023,Pass
2025-04-05,14:59:17,"""CNR6784305""",Completed,"""CID9250370""",SUV,Jangsak,Lumut,11.5,36.6,,,,12.37,4.8,4.7,Card,32.21,Brunei-Muara,Brunei-Muara,Sufian bin Haji Ali,6.43,24.96,July,2024,Saturday,0.0,11.8,OFF-200083,7/6/2024 14:58,accepted,7/6/2024 14:58,SESS-22883,7/6/2024 9:59,7/6/2024 16:59,7/6/2024 14:59,2025-04-05 02:45:00,2025-04-05 02:49:00,2025-04-05 02:52:00,2025-04-05 03:26:00,,4.894,114.93164,4.95329,114.94433,3.5,7.14,2.93,20.36,FQ-9351,INV-505010,BND,VEH-473,Yes,Tutong,13,High Demand Zone,1,1/12/2024,Pass
2025-04-15,21:00:23,"""CNR5065800""",Completed,"""CID8927033""",SUV,Lumut,Jangsak,12.4,41.2,,,,12.76,3.6,4.3,Online Banking,19.25,Brunei-Muara,Brunei-Muara,Roslan Ahmad,2.23,14.99,December,2024,Monday,1.0,7.0,OFF-200111,12/23/2024 20:59,accepted,12/23/2024 20:59,SESS-14930,12/23/2024 16:00,12/23/2024 23:00,12/23/2024 21:00,2025-04-15 14:51:00,2025-04-15 14:52:00,2025-04-15 15:01:00,2025-04-15 15:10:00,12/23/2024 21:04,4.90875,114.85801,4.93801,114.93077,3.5,3.92,3.3,12.72,FQ-6863,INV-640532,BND,VEH-675,Yes,Tutong,8,Normal,6,6/19/2023,Pass
2025-04-10,14:41:56,"""CNR3422152""",Completed,"""CID9604726""",Compact,Bangar,Lambak,13.5,42.5,,,,21.13,4.0,4.4,Dart Wallet,9.66,Tutong,Brunei-Muara,Siti Aminah,2.39,6.84,December,2024,Thursday,0.0,11.0,OFF-200098,12/26/2024 14:41,accepted,12/26/2024 14:41,SESS-19622,12/26/2024 9:41,12/26/2024 17:41,12/26/2024 14:41,2025-04-10 17:19:00,2025-04-10 17:21:00,2025-04-10 17:29:00,2025-04-10 17:59:00,,4.71618,114.76674,4.86274,114.94378,3.5,12.76,3.4,26.57,FQ-7001,INV-280068,BND,VEH-614,Yes,Belait,11,High Demand Zone,14,1/29/2023,Pass
2025-04-23,7:49:03,"""CNR9435112""",Completed,"""CID8876690""",Sedan,Mentiri,Bangar,3.9,27.2,,,,3.02,4.1,4.7,Dart Wallet,33.59,Brunei-Muara,Brunei-Muara,Aiman Hakim,7.46,21.07,July,2024,Friday,0.0,4.5,OFF-200152,7/5/2024 7:48,accepted,7/5/2024 7:48,SESS-93521,7/5/2024 2:49,7/5/2024 10:49,7/5/2024 7:49,2025-04-23 07:01:00,2025-04-23 07:02:00,2025-04-23 07:11:00,2025-04-23 07:20:00,,4.86425,114.94359,4.88987,114.95656,3.5,16.52,2.18,34.3,FQ-8851,INV-457956,BND,VEH-146,Yes,Temburong,4,High Demand Zone,3,7/21/2023,Pass
2025-04-16,11:35:20,"""CNR3950515""",Cancelled by Driver,"""CID9062603""",SUV,Gadong,Serusop,8.2,14.2,1.0,,,17.76,4.4,4.0,Dart Wallet,15.48,Brunei-Muara,Belait,Abdul Rahman,3.13,10.05,December,2024,Thursday,1.0,8.1,OFF-200092,12/26/2024 11:34,accepted,12/26/2024 11:34,SESS-85776,12/26/2024 6:35,12/26/2024 12:35,12/26/2024 11:35,2025-04-16 20:37:00,2025-04-16 20:39:00,2025-04-16 20:42:00,2025-04-16 20:50:00,12/26/2024 11:44,4.90952,114.9285,4.53955,114.11603,3.5,3.92,1.14,15.7,FQ-9328,INV-348133,BND,VEH-428,Yes,Belait,11,High Demand Zone,3,1/1/2023,Pass
2025-04-30,14:20:44,"""CNR8878477""",Completed,"""CID5259729""",SUV,Tutong Beach,Rimba,4.3,10.7,1.0,,,29.07,3.7,5.0,Online Banking,31.83,Belait,Belait,Shahrul Nizam,5.86,19.1,July,2024,Saturday,0.0,8.3,OFF-200145,7/20/2024 14:20,accepted,7/20/2024 14:20,SESS-93507,7/20/2024 12:20,7/20/2024 16:20,7/20/2024 14:20,2025-04-30 21:11:00,2025-04-30 21:12:00,2025-04-30 21:19:00,2025-04-30 21:51:00,7/20/2024 14:29,4.66899,114.2119,4.56758,114.15712,3.5,3.92,0.86,9.28,FQ-7781,INV-502556,BND,VEH-252,Yes,Brunei-Muara,12,Normal,7,12/7/2023,Pass
2025-04-10,14:27:41,"""CNR7498137""",Completed,"""CID9299897""",Compact,Rimba,Rimba,12.3,38.7,,,,17.11,3.9,4.1,Card,7.45,Brunei-Muara,Brunei-Muara,Faisal Hakimi,1.15,6.04,January,2024,Friday,1.0,8.5,OFF-200127,1/12/2024 14:26,rejected,1/12/2024 14:26,SESS-85181,1/12/2024 11:27,1/12/2024 16:27,1/12/2024 14:27,2025-04-10 00:04:00,2025-04-10 00:07:00,2025-04-10 00:15:00,2025-04-10 00:47:00,,4.89756,114.89802,4.93703,114.92727,3.5,1.57,3.1,8.71,FQ-7692,INV-195013,BND,VEH-126,Yes,Temburong,13,High Demand Zone,10,6/16/2023,Pass
2025-04-28,17:14:30,"""CNR3575891""",Completed,"""CID5810167""",Compact,Serusop,Lumut,3.0,30.9,,,,13.06,4.1,4.4,Card,23.55,Brunei-Muara,Belait,Ridhwan Bakar,5.14,16.81,March,2024,Tuesday,0.0,10.6,OFF-200109,3/5/2024 17:13,accepted,3/5/2024 17:14,SESS-20959,3/5/2024 12:14,3/5/2024 18:14,3/5/2024 17:14,2025-04-28 21:05:00,2025-04-28 21:06:00,2025-04-28 21:08:00,2025-04-28 21:21:00,,4.97997,114.95174,4.54153,114.19567,3.5,11.2,2.47,14.67,FQ-5876,INV-381960,BND,VEH-504,Yes,Brunei-Muara,8,Normal,11,12/13/2023,Pass
2025-04-06,11:43:18,"""CNR5879277""",Cancelled by Driver,"""CID9602160""",SUV,Sengkurong,Muara,6.7,23.9,,,,25.56,4.3,4.1,Dart Wallet,21.49,Brunei-Muara,Brunei-Muara,,3.77,14.17,March,2024,Tuesday,,5.0,OFF-200081,3/26/2024 11:42,accepted,3/26/2024 11:43,SESS-16338,3/26/2024 7:43,3/26/2024 12:43,3/26/2024 11:43,2025-04-06 14:18:00,2025-04-06 14:22:00,2025-04-06 14:32:00,2025-04-06 15:04:00,,4.93083,114.94061,4.97949,114.93079,3.5,3.92,1.91,6.83,FQ-9037,INV-561446,BND,VEH-510,Yes,Temburong,12,Normal,14,2/13/2023,Pass
2025-05-12,20:55:21,"""CNR7116878""",Cancelled,"""CID8235642""",SUV,Lumut,Bandar Seri Begawan,8.3,34.3,,,,18.69,4.5,4.5,Online Banking,19.75,Brunei-Muara,Brunei-Muara,Aiman Hakim,3.84,13.06,January,2024,Sunday,0.0,11.5,OFF-200193,1/14/2024 20:54,accepted,1/14/2024 20:54,SESS-93521,1/14/2024 15:55,1/14/2024 21:55,1/14/2024 20:55,2025-05-12 00:50:00,2025-05-12 00:53:00,2025-05-12 01:02:00,2025-05-12 01:43:00,,4.8613,114.97933,4.9221,114.87937,3.5,7.26,2.74,13.5,FQ-5308,INV-972168,BND,VEH-146,Yes,Brunei-Muara,7,Normal,5,4/2/2023,Pass
2025-05-22,18:36:15,"""CNR1590185""",Cancelled,"""CID8780721""",Sedan,Mentiri,Bangar,4.4,39.1,,,,10.61,3.8,3.9,Dart Wallet,21.37,Brunei-Muara,Belait,Ridhwan Bakar,5.27,14.71,January,2024,Wednesday,1.0,10.5,OFF-200053,1/17/2024 18:35,rejected,1/17/2024 18:35,SESS-20959,1/17/2024 16:36,1/17/2024 21:36,1/17/2024 18:36,2025-05-22 20:23:00,2025-05-22 20:28:00,2025-05-22 20:34:00,2025-05-22 21:16:00,,4.85942,114.88967,4.58792,114.20926,3.5,3.51,3.13,15.18,FQ-5150,INV-947070,BND,VEH-504,Yes,Brunei-Muara,4,High Demand Zone,9,3/23/2023,Pass
2025-05-23,18:57:42,"""CNR1401168""",Completed,"""CID2578107""",Premium,Lambak,Kiulap,12.4,24.6,,,,15.66,3.9,3.7,Cash,5.64,Brunei-Muara,Brunei-Muara,Haji Ramli,0.8,4.58,May,2024,Saturday,1.0,7.2,OFF-200162,5/25/2024 18:57,rejected,5/25/2024 18:57,SESS-68895,5/25/2024 15:57,5/25/2024 19:57,5/25/2024 18:57,2025-05-23 19:40:00,2025-05-23 19:41:00,2025-05-23 19:47:00,2025-05-23 20:11:00,,4.90637,114.97589,4.91939,114.85413,3.5,9.32,1.97,18.79,FQ-5954,INV-736927,BND,VEH-355,Yes,Temburong,12,Normal,2,7/29/2023,Pass
2025-05-28,17:23:20,"""CNR5411958""",Completed,"""CID4138382""",SUV,Jangsak,Sengkurong,11.2,39.1,,1.0,Vehicle Breakdown,16.29,4.4,5.0,Online Banking,8.79,Belait,Brunei-Muara,Abdul Rahman,2.18,5.35,February,2024,Saturday,1.0,11.0,OFF-200188,2/3/2024 17:22,rejected,2/3/2024 17:22,SESS-85776,2/3/2024 14:23,2/3/2024 20:23,2/3/2024 17:23,2025-05-28 07:51:00,2025-05-28 07:56:00,2025-05-28 08:00:00,2025-05-28 08:12:00,,4.56702,114.28703,4.90079,114.96501,3.5,7.38,3.13,15.01,FQ-8424,INV-948366,BND,VEH-428,Yes,Belait,10,Normal,10,11/10/2023,Pass
2025-05-27,18:56:17,"""CNR8649779""",Completed,"""CID1478202""",SUV,Jangsak,Lambak,13.4,42.3,,,,4.36,4.6,4.0,Online Banking,27.18,Brunei-Muara,Belait,Azizul Hasni,4.34,17.45,March,2024,Monday,0.0,5.7,OFF-200168,3/18/2024 18:55,accepted,3/18/2024 18:55,SESS-32577,3/18/2024 16:56,3/18/2024 19:56,3/18/2024 18:56,2025-05-27 04:41:00,2025-05-27 04:45:00,2025-05-27 04:53:00,2025-05-27 05:29:00,,4.9508,114.97583,4.61721,114.10874,3.5,1.27,3.38,8.15,FQ-7225,INV-991630,BND,VEH-480,Yes,Belait,12,Normal,12,3/21/2023,Pass
2025-05-25,20:28:37,"""CNR5239998""",Completed,"""CID1535942""",Compact,Serusop,Tutong Beach,8.7,30.6,,,,10.15,4.3,3.6,Cash,15.22,Belait,Brunei-Muara,Ahmad Zaki,3.7,11.15,April,2024,Wednesday,1.0,7.2,OFF-200160,4/24/2024 20:27,rejected,4/24/2024 20:27,SESS-75925,4/24/2024 15:28,4/24/2024 21:28,4/24/2024 20:28,2025-05-25 17:02:00,2025-05-25 17:06:00,2025-05-25 17:14:00,2025-05-25 17:43:00,,4.51696,114.13943,4.8616,114.86799,3.5,16.78,2.45,23.73,FQ-6399,INV-765728,BND,VEH-696,Yes,Tutong,8,Normal,13,7/17/2023,Pass
2025-05-12,23:59:40,"""CNR2541239""",Completed,"""CID1296280""",Compact,Jerudong,Tutong Town,2.0,35.6,,,,20.65,3.5,3.5,Dart Wallet,19.64,Tutong,Tutong,Awangku Mohd,2.89,16.66,June,2024,Sunday,1.0,8.9,OFF-200067,6/30/2024 23:59,accepted,6/30/2024 23:59,SESS-35925,6/30/2024 20:59,7/1/2024 1:59,6/30/2024 23:59,2025-05-12 13:29:00,2025-05-12 13:32:00,2025-05-12 13:39:00,2025-05-12 14:01:00,,4.78707,114.63706,4.69384,114.7241,3.5,8.83,2.85,19.98,FQ-5894,INV-866735,BND,VEH-727,Yes,Tutong,7,High Demand Zone,9,8/28/2023,Pass
2025-05-03,15:25:55,"""CNR7374583""",Completed,"""CID2049576""",Premium,Sengkurong,Muara,11.6,11.6,,,,3.67,4.9,4.8,Online Banking,3.76,Belait,Brunei-Muara,Roslan Ahmad,0.75,3.14,February,2024,Friday,1.0,5.6,OFF-200032,2/2/2024 15:25,accepted,2/2/2024 15:25,SESS-14930,2/2/2024 10:25,2/2/2024 17:25,2/2/2024 15:25,2025-05-03 00:15:00,2025-05-03 00:16:00,2025-05-03 00:26:00,2025-05-03 00:37:00,,4.63734,114.1876,4.89436,114.89808,3.5,5.36,0.93,14.79,FQ-8563,INV-787245,BND,VEH-675,Yes,Temburong,6,Normal,9,12/12/2023,Pass
2025-05-21,13:52:53,"""CNR6076037""",Completed,"""CID7062179""",Sedan,Rimba,Lambak,11.4,12.8,1.0,,,28.15,4.1,3.9,Card,17.94,Belait,Tutong,Ibrahim Daud,4.28,13.63,January,2024,Monday,0.0,4.0,OFF-200141,1/15/2024 13:51,accepted,1/15/2024 13:52,SESS-97398,1/15/2024 9:52,1/15/2024 16:52,1/15/2024 13:52,2025-05-21 03:37:00,2025-05-21 03:42:00,2025-05-21 03:45:00,2025-05-21 03:57:00,1/15/2024 13:55,4.66258,114.38961,4.84392,114.7965,3.5,3.92,1.02,15.55,FQ-8235,INV-478504,BND,VEH-819,Yes,Belait,8,High Demand Zone,2,2/22/2023,Pass
2025-05-29,17:31:04,"""CNR6842007""",Completed,"""CID5905633""",Compact,Tutong Town,Kiulap,8.2,12.1,,,,24.57,3.8,5.0,Dart Wallet,11.26,Brunei-Muara,Brunei-Muara,Aiman Hakim,1.24,7.26,March,2024,Monday,1.0,11.8,OFF-200020,3/11/2024 17:30,accepted,3/11/2024 17:30,SESS-93521,3/11/2024 12:31,3/11/2024 19:31,3/11/2024 17:31,2025-05-29 21:41:00,2025-05-29 21:43:00,2025-05-29 21:49:00,2025-05-29 22:14:00,3/11/2024 17:35,4.85469,114.90842,4.87973,114.89058,3.5,3.92,0.97,6.89,FQ-8752,INV-828783,BND,VEH-146,Yes,Brunei-Muara,10,Normal,8,9/9/2023,Pass
2025-05-13,10:10:26,"""CNR5962220""",Completed,"""CID3747067""",Compact,Berakas,Jerudong,13.8,19.7,,,,17.57,3.7,4.8,Online Banking,5.33,Brunei-Muara,Belait,Zulhelmi Ishak,0.89,3.53,March,2024,Wednesday,1.0,11.4,OFF-200047,3/13/2024 10:09,accepted,3/13/2024 10:09,SESS-38008,3/13/2024 5:10,3/13/2024 12:10,3/13/2024 10:10,2025-05-13 05:36:00,2025-05-13 05:38:00,2025-05-13 05:41:00,2025-05-13 06:17:00,3/13/2024 10:18,4.87729,114.86946,4.67722,114.27097,3.5,3.92,1.58,10.0,FQ-7793,INV-450849,BND,VEH-353,Yes,Temburong,14,Normal,7,4/9/2023,Pass
2025-05-21,11:25:41,"""CNR2765681""",Cancelled,"""CID2228162""",Sedan,Mentiri,Rimba,3.8,44.0,1.0,,,22.11,4.1,3.8,Dart Wallet,15.93,Brunei-Muara,Brunei-Muara,Awangku Mohd,1.76,12.79,July,2024,Wednesday,0.0,5.4,OFF-200147,7/24/2024 11:25,rejected,7/24/2024 11:25,SESS-35925,7/24/2024 9:25,7/24/2024 12:25,7/24/2024 11:25,2025-05-21 00:48:00,2025-05-21 00:51:00,2025-05-21 00:59:00,2025-05-21 01:06:00,7/24/2024 11:27,4.91518,114.87124,4.91739,114.93728,3.5,3.92,3.52,10.94,FQ-5767,INV-212483,BND,VEH-727,Yes,Belait,6,Normal,4,12/10/2023,Pass
2025-05-23,14:27:41,"""CNR7498137""",Completed,"""CID9299897""",Sedan,Kuala Belait,Rimba,12.3,38.7,,,,14.33,3.6,3.8,Cash,5.57,Brunei-Muara,Brunei-Muara,Faisal Hakimi,1.1,4.41,January,2024,Friday,1.0,8.5,OFF-200127,1/12/2024 14:26,accepted,1/12/2024 14:26,SESS-85181,1/12/2024 11:27,1/12/2024 16:27,1/12/2024 14:27,2025-05-23 14:54:00,2025-05-23 14:57:00,2025-05-23 15:07:00,2025-05-23 15:48:00,,4.89756,114.89802,4.93703,114.92727,3.5,1.57,3.1,8.71,FQ-7692,INV-195013,BND,VEH-126,Yes,Tutong,13,High Demand Zone,10,6/16/2023,Pass
2025-05-13,17:57:12,"""CNR7253777""",Completed,"""CID3783637""",Compact,Lumut,Bandar Seri Begawan,13.6,42.3,,,,21.87,4.3,3.6,Card,9.18,Brunei-Muara,Brunei-Muara,Mustafa Kamal,1.59,6.87,October,2024,Sunday,1.0,10.8,OFF-200135,10/27/2024 17:56,accepted,10/27/2024 17:56,SESS-19846,10/27/2024 12:57,10/27/2024 19:57,10/27/2024 17:57,2025-05-13 21:03:00,2025-05-13 21:04:00,2025-05-13 21:12:00,2025-05-13 21:36:00,10/27/2024 17:59,4.94548,114.95631,4.97401,114.90117,3.5,3.92,3.38,12.8,FQ-7626,INV-342420,BND,VEH-726,Yes,Tutong,14,Normal,3,7/3/2023,Pass
2025-05-10,22:11:25,"""CNR1993047""",Completed,"""CID2155317""",Sedan,Kiulap,Mentiri,14.8,42.7,,,,20.35,3.7,4.8,Dart Wallet,28.83,Brunei-Muara,Brunei-Muara,Syafiqah Yusof,5.82,20.6,June,2024,Sunday,1.0,10.0,OFF-200134,6/30/2024 22:11,accepted,6/30/2024 22:11,SESS-20137,6/30/2024 17:11,7/1/2024 1:11,6/30/2024 22:11,2025-05-10 15:31:00,2025-05-10 15:32:00,2025-05-10 15:34:00,2025-05-10 16:07:00,,4.91504,114.94118,4.96987,114.87202,3.5,3.22,3.42,15.18,FQ-5376,INV-178320,BND,VEH-214,Yes,Tutong,9,High Demand Zone,8,3/25/2023,Pass
2025-05-19,17:23:58,"""CNR3230933""",Completed,"""CID4183914""",Sedan,Gadong,Lumut,10.1,24.1,,,,2.45,3.8,4.2,Card,8.51,Belait,Belait,Aiman Hakim,1.86,5.76,October,2024,Tuesday,1.0,11.4,OFF-200194,10/8/2024 17:23,accepted,10/8/2024 17:23,SESS-93521,10/8/2024 14:23,10/8/2024 18:23,10/8/2024 17:23,2025-05-19 07:55:00,2025-05-19 07:57:00,2025-05-19 07:59:00,2025-05-19 08:08:00,,4.5814,114.13564,4.66622,114.18027,3.5,17.27,1.93,28.38,FQ-6764,INV-759040,BND,VEH-146,Yes,Temburong,7,High Demand Zone,3,6/18/2023,Pass
2025-05-19,18:03:59,"""CNR6443443""",Cancelled,"""CID1686959""",Compact,Bandar Seri Begawan,Berakas,7.6,16.6,,,,20.84,3.8,4.9,Online Banking,6.87,Brunei-Muara,Brunei-Muara,Hamid Rashid,1.02,5.06,December,2024,Tuesday,1.0,4.3,OFF-200144,12/10/2024 18:03,accepted,12/10/2024 18:03,SESS-39154,12/10/2024 15:03,12/10/2024 21:03,12/10/2024 18:03,2025-05-19 02:45:00,2025-05-19 02:49:00,2025-05-19 02:52:00,2025-05-19 03:03:00,12/10/2024 18:08,4.88354,114.93049,4.97936,114.95369,3.5,3.92,1.33,17.12,FQ-6220,INV-852305,BND,VEH-750,Yes,Belait,11,High Demand Zone,10,2/3/2023,Pass
2025-05-02,14:27:41,"""CNR7498137""",Cancelled by Driver,"""CID9299897""",SUV,Serusop,Mata-Mata,12.3,38.7,,,,27.84,4.4,4.8,Online Banking,17.04,Brunei-Muara,Brunei-Muara,Faisal Hakimi,1.96,10.4,January,2024,Friday,1.0,8.5,OFF-200127,1/12/2024 14:26,accepted,1/12/2024 14:26,SESS-85181,1/12/2024 11:27,1/12/2024 16:27,1/12/2024 14:27,2025-05-02 18:07:00,2025-05-02 18:08:00,2025-05-02 18:11:00,2025-05-02 18:37:00,,4.89756,114.89802,4.93703,114.92727,3.5,1.57,3.1,8.71,FQ-7692,INV-195013,BND,VEH-126,Yes,Tutong,13,High Demand Zone,10,6/16/2023,Pass
2025-05-25,15:25:55,"""CNR7374583""",Cancelled,"""CID2049576""",Premium,Lambak,Bandar Seri Begawan,11.6,11.6,,,,19.55,4.4,4.9,Dart Wallet,9.6,Belait,Brunei-Muara,Roslan Ahmad,1.55,7.02,February,2024,Friday,1.0,5.6,OFF-200032,2/2/2024 15:25,accepted,2/2/2024 15:25,SESS-14930,2/2/2024 10:25,2/2/2024 17:25,2/2/2024 15:25,2025-05-25 04:57:00,2025-05-25 04:58:00,2025-05-25 05:01:00,2025-05-25 05:37:00,,4.63734,114.1876,4.89436,114.89808,3.5,5.36,0.93,14.79,FQ-8563,INV-787245,BND,VEH-675,Yes,Brunei-Muara,6,Normal,9,12/12/2023,Pass
2025-05-02,15:34:51,"""CNR1736495""",Completed,"""CID5362525""",SUV,Mata-Mata,Gadong,11.5,43.7,,1.0,Other Issue,26.02,4.4,4.2,Card,22.81,Brunei-Muara,Brunei-Muara,Mustafa Kamal,4.02,19.31,December,2024,Saturday,1.0,6.6,OFF-200175,12/28/2024 15:34,accepted,12/28/2024 15:34,SESS-19846,12/28/2024 10:34,12/28/2024 18:34,12/28/2024 15:34,2025-05-02 19:05:00,2025-05-02 19:08:00,2025-05-02 19:11:00,2025-05-02 19:47:00,,4.95691,114.87804,4.87871,114.91387,3.5,2.12,3.5,16.18,FQ-9285,INV-272330,BND,VEH-726,Yes,Tutong,5,High Demand Zone,8,1/31/2024,Pass
2025-05-07,9:12:30,"""CNR2094763""",Completed,"""CID8322650""",SUV,Lumut,Lambak,14.0,16.5,,,,13.61,3.6,4.6,Cash,12.12,Brunei-Muara,Brunei-Muara,Abdul Rahman,2.68,8.28,July,2024,Tuesday,0.0,8.3,OFF-200186,7/2/2024 9:11,accepted,7/2/2024 9:11,SESS-85776,7/2/2024 4:12,7/2/2024 10:12,7/2/2024 9:12,2025-05-07 07:58:00,2025-05-07 08:00:00,2025-05-07 08:03:00,2025-05-07 08:20:00,,4.90088,114.88958,4.92678,114.91289,3.5,1.64,1.32,10.07,FQ-9280,INV-856112,BND,VEH-428,Yes,Temburong,7,High Demand Zone,11,12/10/2023,Pass
2025-05-24,7:50:30,"""CNR6197135""",Completed,"""CID5014483""",Sedan,Lumut,Tutong Beach,3.8,22.2,,,,10.45,4.7,4.0,Cash,21.97,Brunei-Muara,Brunei-Muara,Syafiqah Yusof,4.43,14.27,November,2024,Tuesday,0.0,9.7,OFF-200114,11/12/2024 7:49,rejected,11/12/2024 7:49,SESS-20137,11/12/2024 3:50,11/12/2024 9:50,11/12/2024 7:50,2025-05-24 01:53:00,2025-05-24 01:55:00,2025-05-24 01:59:00,2025-05-24 02:38:00,,4.88027,114.87663,4.88441,114.97508,3.5,21.26,1.78,26.54,FQ-6469,INV-297736,BND,VEH-214,Yes,Brunei-Muara,6,Normal,11,10/11/2023,Pass
2025-05-11,4:58:24,"""CNR7509619""",Completed,"""CID4089635""",Compact,Muara,Bandar Seri Begawan,6.5,12.0,1.0,,,27.91,4.6,3.7,Dart Wallet,7.64,Tutong,Brunei-Muara,Shahrul Nizam,1.21,5.45,March,2024,Tuesday,0.0,4.7,OFF-200118,3/5/2024 4:57,rejected,3/5/2024 4:57,SESS-93507,3/4/2024 23:58,3/5/2024 5:58,3/5/2024 4:58,2025-05-11 06:56:00,2025-05-11 06:58:00,2025-05-11 07:06:00,2025-05-11 07:26:00,3/5/2024 5:01,4.72008,114.66305,4.93881,114.86471,3.5,3.92,0.96,15.47,FQ-5076,INV-119015,BND,VEH-252,Yes,Temburong,8,High Demand Zone,5,5/29/2023,Pass
2025-05-21,22:44:07,"""CNR5104274""",Cancelled,"""CID8512777""",SUV,Kiulap,Tutong Town,2.3,12.2,,,,23.05,4.7,3.7,Cash,16.38,Brunei-Muara,Brunei-Muara,Awangku Mohd,2.36,10.73,November,2024,Tuesday,0.0,5.6,OFF-200021,11/12/2024 22:43,rejected,11/12/2024 22:43,SESS-35925,11/12/2024 17:44,11/13/2024 0:44,11/12/2024 22:44,2025-05-21 11:08:00,2025-05-21 11:10:00,2025-05-21 11:17:00,2025-05-21 11:34:00,,4.87373,114.97463,4.94652,114.8756,3.5,17.0,0.98,34.22,FQ-6795,INV-107350,BND,VEH-727,Yes,Brunei-Muara,5,High Demand Zone,8,5/30/2023,Pass
2025-05-31,10:28:25,"""CNR3519392""",Cancelled by Driver,"""CID4330172""",Compact,Mata-Mata,Tutong Beach,2.4,43.6,,,,9.1,4.0,3.9,Card,29.78,Brunei-Muara,Belait,Farhana Yusof,6.27,23.3,March,2024,Sunday,1.0,10.4,OFF-200157,3/24/2024 10:28,rejected,3/24/2024 10:28,SESS-31967,3/24/2024 8:28,3/24/2024 12:28,3/24/2024 10:28,2025-05-31 19:45:00,2025-05-31 19:47:00,2025-05-31 19:57:00,2025-05-31 20:12:00,,4.85539,114.92572,4.62118,114.16166,3.5,1.65,3.49,11.8,FQ-8281,INV-481805,BND,VEH-674,Yes,Brunei-Muara,11,High Demand Zone,3,1/28/2023,Pass
2025-05-19,21:26:16,"""CNR9924856""",Cancelled by Driver,"""CID5443075""",Sedan,Mata-Mata,Kiulap,9.0,23.4,,,,12.44,4.2,3.6,Dart Wallet,16.62,Belait,Belait,Mohd Hafiz,3.4,13.34,January,2024,Monday,0.0,4.3,OFF-200037,1/15/2024 21:25,accepted,1/15/2024 21:25,SESS-37455,1/15/2024 17:26,1/15/2024 23:26,1/15/2024 21:26,2025-05-19 07:48:00,2025-05-19 07:53:00,2025-05-19 07:57:00,2025-05-19 08:39:00,,4.5176,114.18781,4.60447,114.17037,3.5,2.81,1.87,6.68,FQ-6944,INV-424842,BND,VEH-678,Yes,Brunei-Muara,13,Normal,4,11/27/2023,Pass
2025-05-03,16:48:05,"""CNR9060565""",Completed,"""CID8916050""",SUV,Sengkurong,Kuala Belait,7.7,28.4,,,,5.69,5.0,4.4,Cash,24.41,Brunei-Muara,Brunei-Muara,Syafiqah Yusof,4.53,17.45,July,2024,Monday,1.0,5.7,OFF-200108,7/29/2024 16:47,rejected,7/29/2024 16:47,SESS-20137,7/29/2024 14:48,7/29/2024 17:48,7/29/2024 16:48,2025-05-03 17:38:00,2025-05-03 17:40:00,2025-05-03 17:48:00,2025-05-03 17:53:00,,4.94133,114.96168,4.92891,114.91703,3.5,12.7,2.27,26.2,FQ-7952,INV-884997,BND,VEH-214,Yes,Belait,9,High Demand Zone,6,11/4/2023,Pass
2025-05-15,21:04:47,"""CNR5230005""",Cancelled by Driver,"""CID3694020""",Compact,Gadong,Bandar Seri Begawan,11.3,38.2,,,,22.83,3.8,4.4,Online Banking,12.49,Brunei-Muara,Belait,Aiman Hakim,2.4,9.67,September,2024,Tuesday,1.0,4.1,OFF-200050,9/24/2024 21:04,accepted,9/24/2024 21:04,SESS-93521,9/24/2024 16:04,9/25/2024 0:04,9/24/2024 21:04,2025-05-15 04:48:00,2025-05-15 04:51:00,2025-05-15 04:55:00,2025-05-15 05:25:00,9/24/2024 21:11,4.95622,114.9567,4.59644,114.25753,3.5,3.92,3.06,12.98,FQ-9164,INV-660763,BND,VEH-146,Yes,Temburong,14,Normal,12,9/10/2023,Pass
2025-05-22,18:32:16,"""CNR3882280""",Cancelled,"""CID8466525""",Compact,Kiulap,Jerudong,11.7,43.3,,,,6.08,3.8,4.6,Online Banking,14.7,Belait,Tutong,Dayangku Siti,1.62,10.87,October,2024,Saturday,0.0,8.9,OFF-200181,10/19/2024 18:31,accepted,10/19/2024 18:31,SESS-38322,10/19/2024 15:32,10/19/2024 20:32,10/19/2024 18:32,2025-05-22 02:32:00,2025-05-22 02:37:00,2025-05-22 02:39:00,2025-05-22 03:05:00,,4.5178,114.1522,4.7887,114.79002,3.5,6.18,3.46,20.42,FQ-7549,INV-941974,BND,VEH-618,Yes,Tutong,9,High Demand Zone,14,9/12/2023,Pass
2025-05-11,15:21:24,"""CNR1726678""",Cancelled by Driver,"""CID2637835""",Premium,Muara,Mentiri,7.1,13.1,,,,2.84,3.7,4.3,Online Banking,11.87,Tutong,Brunei-Muara,Ahmad Zaki,2.05,8.15,May,2024,Sunday,0.0,5.6,OFF-200007,5/19/2024 15:20,rejected,5/19/2024 15:20,SESS-75925,5/19/2024 10:21,5/19/2024 16:21,5/19/2024 15:21,2025-05-11 07:20:00,2025-05-11 07:25:00,2025-05-11 07:34:00,2025-05-11 07:46:00,,4.66308,114.65802,4.9547,114.94315,3.5,8.73,1.05,15.28,FQ-9838,INV-276437,BND,VEH-696,Yes,Belait,4,Normal,13,2/20/2023,Pass
2025-05-23,15:46:39,"""CNR1091682""",Completed,"""CID1131593""",Compact,Bandar Seri Begawan,Berakas,3.4,14.7,1.0,,,9.36,4.5,3.9,Cash,31.73,Belait,Tutong,Abdul Rahman,3.69,26.63,July,2024,Thursday,0.0,11.0,OFF-200026,7/4/2024 15:45,rejected,7/4/2024 15:45,SESS-85776,7/4/2024 12:46,7/4/2024 18:46,7/4/2024 15:46,2025-05-23 17:33:00,2025-05-23 17:37:00,2025-05-23 17:43:00,2025-05-23 18:22:00,7/4/2024 15:55,4.65763,114.19244,4.65554,114.72602,3.5,3.92,1.18,10.75,FQ-9428,INV-959254,BND,VEH-428,Yes,Tutong,6,High Demand Zone,6,9/11/2023,Pass
2025-05-16,15:46:39,"""CNR1091682""",Completed,"""CID1131593""",SUV,Mata-Mata,Bangar,3.4,14.7,1.0,,,19.7,3.8,4.8,Dart Wallet,17.2,Belait,Tutong,Abdul Rahman,1.88,11.57,July,2024,Thursday,0.0,11.0,OFF-200026,7/4/2024 15:45,rejected,7/4/2024 15:45,SESS-85776,7/4/2024 12:46,7/4/2024 18:46,7/4/2024 15:46,2025-05-16 04:44:00,2025-05-16 04:45:00,2025-05-16 04:55:00,2025-05-16 05:13:00,7/4/2024 15:55,4.65763,114.19244,4.65554,114.72602,3.5,3.92,1.18,10.75,FQ-9428,INV-959254,BND,VEH-428,Yes,Tutong,6,High Demand Zone,6,9/11/2023,Pass
2025-05-31,17:31:04,"""CNR6842007""",Completed,"""CID5905633""",Compact,Mentiri,Lumut,8.2,12.1,,,,9.89,3.9,4.1,Dart Wallet,31.75,Brunei-Muara,Brunei-Muara,Aiman Hakim,4.26,25.31,March,2024,Monday,1.0,11.8,OFF-200020,3/11/2024 17:30,accepted,3/11/2024 17:30,SESS-93521,3/11/2024 12:31,3/11/2024 19:31,3/11/2024 17:31,2025-05-31 16:28:00,2025-05-31 16:33:00,2025-05-31 16:41:00,2025-05-31 17:07:00,3/11/2024 17:35,4.85469,114.90842,4.87973,114.89058,3.5,3.92,0.97,6.89,FQ-8752,INV-828783,BND,VEH-146,Yes,Tutong,10,Normal,8,9/9/2023,Pass
2025-05-28,17:26:43,"""CNR5058425""",Completed,"""CID8939404""",Premium,Lambak,Bangar,2.4,35.3,,,,4.39,4.1,4.2,Card,8.16,Brunei-Muara,Belait,Ridhwan Bakar,1.52,6.92,July,2024,Saturday,0.0,4.9,OFF-200029,7/6/2024 17:26,accepted,7/6/2024 17:26,SESS-20959,7/6/2024 13:26,7/6/2024 18:26,7/6/2024 17:26,2025-05-28 00:59:00,2025-05-28 01:03:00,2025-05-28 01:09:00,2025-05-28 01:36:00,,4.96512,114.89779,4.62049,114.24781,3.5,3.67,2.82,17.48,FQ-8863,INV-156526,BND,VEH-504,Yes,Belait,9,High Demand Zone,4,1/1/2023,Pass
2025-05-07,18:33:20,"""CNR4666491""",Completed,"""CID2057868""",SUV,Sengkurong,Jangsak,4.1,33.6,,,,15.48,3.5,4.0,Online Banking,15.95,Belait,Brunei-Muara,Fadhil Junaidi,2.69,10.15,January,2024,Wednesday,1.0,7.4,OFF-200096,1/10/2024 18:33,accepted,1/10/2024 18:33,SESS-29233,1/10/2024 15:33,1/10/2024 19:33,1/10/2024 18:33,2025-05-07 17:35:00,2025-05-07 17:38:00,2025-05-07 17:45:00,2025-05-07 17:52:00,,4.63604,114.29406,4.90912,114.9514,3.5,15.11,2.69,26.3,FQ-8044,INV-642008,BND,VEH-642,Yes,Belait,14,Normal,10,6/4/2023,Pass
2025-05-24,8:12:03,"""CNR8336735""",Cancelled,"""CID2161274""",Premium,Serusop,Jangsak,3.7,22.4,,,,16.98,4.2,4.8,Cash,7.46,Brunei-Muara,Brunei-Muara,Siti Aminah,1.2,5.05,October,2024,Friday,0.0,7.9,OFF-200027,10/18/2024 8:11,accepted,10/18/2024 8:11,SESS-19622,10/18/2024 5:12,10/18/2024 11:12,10/18/2024 8:12,2025-05-24 17:22:00,2025-05-24 17:26:00,2025-05-24 17:32:00,2025-05-24 17:58:00,,4.86262,114.96797,4.89841,114.88537,3.5,22.27,1.79,27.56,FQ-5309,INV-505061,BND,VEH-614,Yes,Tutong,11,Normal,6,4/7/2023,Pass
2025-05-03,16:23:55,"""CNR2775531""",Cancelled by Driver,"""CID3611959""",Sedan,Tutong Town,Berakas,3.4,34.7,,,,28.77,4.4,4.2,Cash,24.67,Brunei-Muara,Brunei-Muara,Siti Aminah,3.93,20.82,September,2024,Tuesday,0.0,5.7,OFF-200110,9/24/2024 16:23,rejected,9/24/2024 16:23,SESS-19622,9/24/2024 12:23,9/24/2024 17:23,9/24/2024 16:23,2025-05-03 09:53:00,2025-05-03 09:58:00,2025-05-03 10:03:00,2025-05-03 10:46:00,,4.97314,114.93464,4.96064,114.90285,3.5,16.15,2.78,20.93,FQ-9653,INV-443473,BND,VEH-614,Yes,Belait,8,Normal,10,4/26/2023,Pass
2025-05-17,20:22:11,"""CNR7665294""",Completed,"""CID5596375""",Premium,Sengkurong,Rimba,3.1,22.3,,,,29.35,4.2,4.6,Cash,14.24,Brunei-Muara,Belait,Fadhil Junaidi,1.61,11.66,November,2024,Friday,1.0,7.6,OFF-200191,11/29/2024 20:21,accepted,11/29/2024 20:21,SESS-29233,11/29/2024 15:22,11/29/2024 22:22,11/29/2024 20:22,2025-05-17 01:48:00,2025-05-17 01:50:00,2025-05-17 01:58:00,2025-05-17 02:26:00,11/29/2024 20:24,4.86634,114.86194,4.61182,114.16108,3.5,3.92,1.78,10.2,FQ-8230,INV-513393,BND,VEH-642,Yes,Temburong,13,Normal,6,9/21/2023,Pass
2025-05-14,15:47:22,"""CNR4140742""",Cancelled,"""CID4274650""",SUV,Bandar Seri Begawan,Serusop,11.1,35.5,,,,28.84,4.9,4.1,Online Banking,5.12,Brunei-Muara,Brunei-Muara,Hamid Rashid,0.58,4.04,January,2024,Monday,1.0,8.6,OFF-200196,1/8/2024 15:46,accepted,1/8/2024 15:46,SESS-39154,1/8/2024 13:47,1/8/2024 17:47,1/8/2024 15:47,2025-05-14 14:06:00,2025-05-14 14:10:00,2025-05-14 14:18:00,2025-05-14 14:33:00,,4.89082,114.88352,4.90863,114.87058,3.5,18.49,2.84,37.24,FQ-6073,INV-930203,BND,VEH-750,Yes,Belait,7,High Demand Zone,13,4/17/2023,Pass
2025-05-14,18:05:04,"""CNR8752515""",Completed,"""CID1018836""",Compact,Rimba,Kuala Belait,12.0,15.7,,1.0,Customer Demand,22.46,4.0,3.7,Cash,18.81,Brunei-Muara,Brunei-Muara,Nurul Izzah,4.11,12.34,November,2024,Saturday,1.0,5.4,OFF-200060,11/9/2024 18:04,accepted,11/9/2024 18:04,SESS-35224,11/9/2024 15:05,11/9/2024 20:05,11/9/2024 18:05,2025-05-14 05:29:00,2025-05-14 05:31:00,2025-05-14 05:35:00,2025-05-14 06:09:00,,4.8587,114.86776,4.86995,114.88622,3.5,3.82,1.26,12.87,FQ-7397,INV-966517,BND,VEH-204,Yes,Belait,8,High Demand Zone,2,3/30/2023,Pass
2025-05-21,10:10:26,"""CNR5962220""",Completed,"""CID3747067""",Sedan,Lumut,Muara,13.8,19.7,,,,2.94,4.8,4.3,Cash,34.82,Brunei-Muara,Belait,Zulhelmi Ishak,6.52,27.38,March,2024,Wednesday,1.0,11.4,OFF-200047,3/13/2024 10:09,rejected,3/13/2024 10:09,SESS-38008,3/13/2024 5:10,3/13/2024 12:10,3/13/2024 10:10,2025-05-21 20:20:00,2025-05-21 20:24:00,2025-05-21 20:30:00,2025-05-21 20:42:00,3/13/2024 10:18,4.87729,114.86946,4.67722,114.27097,3.5,3.92,1.58,10.0,FQ-7793,INV-450849,BND,VEH-353,Yes,Belait,14,Normal,7,4/9/2023,Pass
2025-05-21,13:58:55,"""CNR4363142""",Completed,"""CID4559451""",Sedan,Tutong Town,Lambak,6.9,14.2,,1.0,Vehicle Breakdown,4.93,4.9,4.1,Card,31.11,Brunei-Muara,Brunei-Muara,Aiman Hakim,4.38,19.94,February,2024,Sunday,1.0,11.9,OFF-200146,2/18/2024 13:58,rejected,2/18/2024 13:58,SESS-93521,2/18/2024 10:58,2/18/2024 14:58,2/18/2024 13:58,2025-05-21 21:18:00,2025-05-21 21:23:00,2025-05-21 21:30:00,2025-05-21 21:42:00,,4.95034,114.9427,4.92638,114.97539,3.5,8.78,1.14,18.42,FQ-5217,INV-534343,BND,VEH-146,Yes,Brunei-Muara,6,Normal,11,6/17/2023,Pass
2025-05-12,21:05:39,"""CNR2033265""",Completed,"""CID6253371""",SUV,Lambak,Jerudong,12.9,12.7,,,,21.24,3.7,4.0,Online Banking,11.69,Tutong,Brunei-Muara,Syafiqah Yusof,2.11,8.07,December,2024,Friday,1.0,9.2,OFF-200003,12/6/2024 21:05,accepted,12/6/2024 21:05,SESS-20137,12/6/2024 18:05,12/6/2024 23:05,12/6/2024 21:05,2025-05-12 01:07:00,2025-05-12 01:08:00,2025-05-12 01:18:00,2025-05-12 01:41:00,,4.75247,114.65845,4.91681,114.91535,3.5,21.68,1.02,34.75,FQ-5423,INV-847066,BND,VEH-214,Yes,Belait,9,High Demand Zone,1,12/7/2023,Pass
2025-05-05,20:46:16,"""CNR5874746""",Cancelled by Driver,"""CID9596834""",SUV,Lambak,Jerudong,8.5,33.8,,,,24.06,4.8,4.9,Card,29.61,Belait,Brunei-Muara,Faisal Hakimi,6.02,21.9,June,2024,Sunday,1.0,9.9,OFF-200034,6/23/2024 20:45,accepted,6/23/2024 20:45,SESS-85181,6/23/2024 15:46,6/23/2024 22:46,6/23/2024 20:46,2025-05-05 16:05:00,2025-05-05 16:09:00,2025-05-05 16:18:00,2025-05-05 16:46:00,6/23/2024 20:54,4.66917,114.28965,4.89813,114.86034,3.5,3.92,2.7,15.12,FQ-8476,INV-245076,BND,VEH-126,Yes,Tutong,9,Normal,13,12/8/2023,Pass
2025-05-23,20:22:11,"""CNR7665294""",Completed,"""CID5596375""",Sedan,Jerudong,Serusop,3.1,22.3,,,,5.03,5.0,4.3,Dart Wallet,25.11,Brunei-Muara,Belait,Fadhil Junaidi,6.23,17.84,November,2024,Friday,1.0,7.6,OFF-200191,11/29/2024 20:21,accepted,11/29/2024 20:21,SESS-29233,11/29/2024 15:22,11/29/2024 22:22,11/29/2024 20:22,2025-05-23 17:32:00,2025-05-23 17:36:00,2025-05-23 17:44:00,2025-05-23 17:56:00,11/29/2024 20:24,4.86634,114.86194,4.61182,114.16108,3.5,3.92,1.78,10.2,FQ-8230,INV-513393,BND,VEH-642,Yes,Brunei-Muara,13,Normal,6,9/21/2023,Pass
2025-05-06,11:03:06,"""CNR1752210""",Completed,"""CID3897629""",Premium,Serusop,Muara,4.4,30.3,,,,13.32,4.2,3.5,Card,34.4,Brunei-Muara,Belait,,4.02,27.2,February,2024,Thursday,,5.3,OFF-200048,2/8/2024 11:02,accepted,2/8/2024 11:02,SESS-16338,2/8/2024 8:03,2/8/2024 13:03,2/8/2024 11:03,2025-05-06 22:14:00,2025-05-06 22:16:00,2025-05-06 22:19:00,2025-05-06 22:25:00,,4.85678,114.96516,4.68926,114.35637,3.5,3.92,2.42,9.84,FQ-5275,INV-419149,BND,VEH-510,Yes,Belait,11,Normal,12,5/28/2023,Pass
2025-05-14,14:44:07,"""CNR3009174""",Completed,"""CID4686557""",Premium,Lumut,Jerudong,10.2,11.3,,,,22.88,4.9,3.8,Cash,24.36,Brunei-Muara,Belait,Syafiqah Yusof,5.8,19.38,January,2024,Saturday,0.0,9.9,OFF-200016,1/13/2024 14:43,accepted,1/13/2024 14:43,SESS-20137,1/13/2024 11:44,1/13/2024 17:44,1/13/2024 14:44,2025-05-14 01:05:00,2025-05-14 01:10:00,2025-05-14 01:12:00,2025-05-14 01:23:00,1/13/2024 14:48,4.9107,114.89467,4.57992,114.32022,3.5,3.92,0.9,10.4,FQ-5713,INV-816454,BND,VEH-214,Yes,Brunei-Muara,4,High Demand Zone,7,11/2/2023,Pass
2025-05-06,14:16:33,"""CNR9623602""",Cancelled by Driver,"""CID9192664""",SUV,Sengkurong,Sengkurong,4.7,23.2,,,,17.77,3.9,3.8,Card,6.17,Brunei-Muara,Belait,Awangku Mohd,0.82,3.72,March,2024,Monday,1.0,8.0,OFF-200171,3/11/2024 14:15,accepted,3/11/2024 14:16,SESS-35925,3/11/2024 12:16,3/11/2024 15:16,3/11/2024 14:16,2025-05-06 21:17:00,2025-05-06 21:19:00,2025-05-06 21:22:00,2025-05-06 21:28:00,,4.94485,114.85971,4.54751,114.1511,3.5,5.83,1.86,21.78,FQ-5630,INV-210043,BND,VEH-727,Yes,Tutong,10,High Demand Zone,10,7/26/2023,Pass
2025-05-29,10:28:25,"""CNR3519392""",Completed,"""CID4330172""",Compact,Sengkurong,Lambak,2.4,43.6,,,,13.3,4.0,4.6,Cash,34.4,Brunei-Muara,Belait,Farhana Yusof,5.54,25.06,March,2024,Sunday,1.0,10.4,OFF-200157,3/24/2024 10:28,accepted,3/24/2024 10:28,SESS-31967,3/24/2024 8:28,3/24/2024 12:28,3/24/2024 10:28,2025-05-29 16:50:00,2025-05-29 16:55:00,2025-05-29 17:00:00,2025-05-29 17:11:00,,4.85539,114.92572,4.62118,114.16166,3.5,1.65,3.49,11.8,FQ-8281,INV-481805,BND,VEH-674,Yes,Temburong,11,High Demand Zone,3,1/28/2023,Pass
2025-05-15,11:28:33,"""CNR1941394""",Cancelled,"""CID6286517""",Sedan,Bangar,Kiulap,6.3,31.1,,,,14.25,3.8,4.8,Online Banking,15.31,Belait,Brunei-Muara,Faisal Hakimi,3.11,12.0,February,2024,Wednesday,1.0,11.7,OFF-200045,2/7/2024 11:27,accepted,2/7/2024 11:27,SESS-85181,2/7/2024 9:28,2/7/2024 12:28,2/7/2024 11:28,2025-05-15 03:21:00,2025-05-15 03:24:00,2025-05-15 03:33:00,2025-05-15 03:46:00,,4.68402,114.39582,4.85542,114.96918,3.5,8.2,2.49,22.28,FQ-6778,INV-391132,BND,VEH-126,Yes,Tutong,14,High Demand Zone,9,12/26/2023,Pass
2025-05-14,17:37:07,"""CNR6403761""",Completed,"""CID4335550""",Sedan,Sengkurong,Lambak,4.6,32.9,1.0,,,20.1,4.4,4.1,Dart Wallet,17.02,Belait,Belait,Haji Ramli,2.07,10.57,May,2024,Thursday,0.0,9.3,OFF-200116,5/9/2024 17:36,rejected,5/9/2024 17:36,SESS-68895,5/9/2024 13:37,5/9/2024 18:37,5/9/2024 17:37,2025-05-14 09:48:00,2025-05-14 09:49:00,2025-05-14 09:54:00,2025-05-14 10:26:00,5/9/2024 17:43,4.56322,114.35532,4.52656,114.19165,3.5,3.92,2.63,12.05,FQ-5044,INV-648494,BND,VEH-355,Yes,Temburong,6,Normal,11,5/25/2023,Pass
2025-05-04,14:52:48,"""CNR8894376""",Completed,"""CID3051177""",Compact,Mentiri,Berakas,12.8,14.5,,,,9.08,4.7,3.9,Cash,26.21,Brunei-Muara,Brunei-Muara,Haji Ramli,4.91,20.4,May,2024,Thursday,1.0,10.6,OFF-200005,5/30/2024 14:51,rejected,5/30/2024 14:52,SESS-68895,5/30/2024 9:52,5/30/2024 15:52,5/30/2024 14:52,2025-05-04 23:53:00,2025-05-04 23:56:00,2025-05-04 23:59:00,2025-05-05 00:14:00,,4.9457,114.87944,4.90929,114.97515,3.5,10.93,1.16,15.59,FQ-5230,INV-964154,BND,VEH-355,Yes,Belait,4,Normal,5,10/1/2023,Pass
2025-05-21,14:41:56,"""CNR3422152""",Completed,"""CID9604726""",Sedan,Serusop,Jangsak,13.5,42.5,,,,19.22,3.6,3.6,Cash,18.91,Tutong,Brunei-Muara,Siti Aminah,2.17,11.98,December,2024,Thursday,0.0,11.0,OFF-200098,12/26/2024 14:41,rejected,12/26/2024 14:41,SESS-19622,12/26/2024 9:41,12/26/2024 17:41,12/26/2024 14:41,2025-05-21 12:10:00,2025-05-21 12:14:00,2025-05-21 12:22:00,2025-05-21 12:57:00,,4.71618,114.76674,4.86274,114.94378,3.5,12.76,3.4,26.57,FQ-7001,INV-280068,BND,VEH-614,Yes,Tutong,11,High Demand Zone,14,1/29/2023,Pass
2025-05-22,11:54:01,"""CNR5104565""",Completed,"""CID1463708""",Compact,Jerudong,Bandar Seri Begawan,12.3,39.4,,,,15.22,4.3,4.8,Dart Wallet,24.19,Tutong,Brunei-Muara,Aiman Hakim,3.67,16.1,June,2024,Tuesday,0.0,8.3,OFF-200123,6/18/2024 11:53,accepted,6/18/2024 11:53,SESS-93521,6/18/2024 9:54,6/18/2024 14:54,6/18/2024 11:54,2025-05-22 00:02:00,2025-05-22 00:04:00,2025-05-22 00:11:00,2025-05-22 00:40:00,,4.77393,114.7443,4.9316,114.86791,3.5,6.15,3.15,17.0,FQ-8434,INV-155340,BND,VEH-146,Yes,Tutong,11,High Demand Zone,6,12/8/2023,Pass
2025-05-31,14:08:13,"""CNR8483311""",Completed,"""CID5335612""",Compact,Rimba,Jangsak,14.7,36.8,1.0,,,25.95,3.7,4.2,Cash,20.81,Brunei-Muara,Brunei-Muara,Khairul Anuar,4.28,14.06,March,2024,Thursday,0.0,8.3,OFF-200036,3/7/2024 14:07,accepted,3/7/2024 14:08,SESS-78148,3/7/2024 12:08,3/7/2024 16:08,3/7/2024 14:08,2025-05-31 01:15:00,2025-05-31 01:19:00,2025-05-31 01:27:00,2025-05-31 01:39:00,3/7/2024 14:16,4.87607,114.91628,4.89107,114.95041,3.5,3.92,2.94,16.54,FQ-8173,INV-250204,BND,VEH-476,Yes,Tutong,12,High Demand Zone,13,10/17/2023,Pass
2025-05-23,6:20:31,"""CNR3315619""",Cancelled,"""CID6044362""",SUV,Lumut,Bangar,11.7,38.4,,,,29.16,4.0,5.0,Cash,18.83,Belait,Brunei-Muara,Khairul Anuar,2.88,14.2,May,2024,Friday,1.0,5.8,OFF-200023,5/10/2024 6:20,accepted,5/10/2024 6:20,SESS-78148,5/10/2024 4:20,5/10/2024 7:20,5/10/2024 6:20,2025-05-23 12:17:00,2025-05-23 12:22:00,2025-05-23 12:31:00,2025-05-23 12:43:00,,4.5651,114.29867,4.94541,114.94941,3.5,12.37,3.07,28.67,FQ-9621,INV-893919,BND,VEH-476,Yes,Temburong,12,High Demand Zone,11,3/13/2023,Pass
2025-05-01,11:35:20,"""CNR3950515""",Completed,"""CID9062603""",Sedan,Mentiri,Rimba,8.2,14.2,1.0,,,2.64,3.6,4.0,Dart Wallet,16.18,Brunei-Muara,Belait,Abdul Rahman,2.19,10.7,December,2024,Thursday,1.0,8.1,OFF-200092,12/26/2024 11:34,accepted,12/26/2024 11:34,SESS-85776,12/26/2024 6:35,12/26/2024 12:35,12/26/2024 11:35,2025-05-01 17:52:00,2025-05-01 17:55:00,2025-05-01 18:02:00,2025-05-01 18:15:00,12/26/2024 11:44,4.90952,114.9285,4.53955,114.11603,3.5,3.92,1.14,15.7,FQ-9328,INV-348133,BND,VEH-428,Yes,Brunei-Muara,11,High Demand Zone,3,1/1/2023,Pass
2025-05-23,11:28:33,"""CNR1941394""",Cancelled,"""CID6286517""",Premium,Gadong,Bangar,6.3,31.1,,,,27.14,5.0,4.4,Cash,21.18,Belait,Brunei-Muara,Faisal Hakimi,4.33,14.12,February,2024,Wednesday,1.0,11.7,OFF-200045,2/7/2024 11:27,rejected,2/7/2024 11:27,SESS-85181,2/7/2024 9:28,2/7/2024 12:28,2/7/2024 11:28,2025-05-23 02:49:00,2025-05-23 02:52:00,2025-05-23 02:55:00,2025-05-23 03:19:00,,4.68402,114.39582,4.85542,114.96918,3.5,8.2,2.49,22.28,FQ-6778,INV-391132,BND,VEH-126,Yes,Belait,14,High Demand Zone,9,12/26/2023,Pass
2025-05-13,17:05:41,"""CNR9229091""",Completed,"""CID2105258""",Compact,Berakas,Mentiri,12.2,20.5,,,,13.64,4.8,4.7,Online Banking,14.63,Brunei-Muara,Brunei-Muara,Ibrahim Daud,3.32,10.6,October,2024,Wednesday,1.0,9.1,OFF-200180,10/2/2024 17:04,accepted,10/2/2024 17:04,SESS-97398,10/2/2024 13:05,10/2/2024 18:05,10/2/2024 17:05,2025-05-13 18:17:00,2025-05-13 18:21:00,2025-05-13 18:24:00,2025-05-13 18:49:00,10/2/2024 17:13,4.96821,114.93056,4.87758,114.91649,3.5,3.92,1.64,10.32,FQ-9129,INV-854465,BND,VEH-819,Yes,Brunei-Muara,12,High Demand Zone,10,8/5/2023,Pass
2025-05-18,6:18:50,"""CNR3626259""",Completed,"""CID1114091""",Sedan,Muara,Bandar Seri Begawan,12.5,41.0,,,,16.4,4.7,3.6,Online Banking,21.13,Brunei-Muara,Brunei-Muara,,3.21,14.93,August,2024,Wednesday,,8.4,OFF-200094,8/14/2024 6:18,accepted,8/14/2024 6:18,SESS-16338,8/14/2024 2:18,8/14/2024 9:18,8/14/2024 6:18,2025-05-18 06:13:00,2025-05-18 06:16:00,2025-05-18 06:18:00,2025-05-18 06:39:00,,4.86875,114.89987,4.95623,114.97711,3.5,3.92,3.28,12.7,FQ-9945,INV-209040,BND,VEH-510,Yes,Temburong,12,Normal,5,1/15/2023,Pass
2025-05-17,14:41:56,"""CNR3422152""",Completed,"""CID9604726""",Compact,Rimba,Tutong Town,13.5,42.5,,,,7.18,4.9,4.2,Card,21.46,Tutong,Brunei-Muara,Siti Aminah,4.54,18.04,December,2024,Thursday,0.0,11.0,OFF-200098,12/26/2024 14:41,accepted,12/26/2024 14:41,SESS-19622,12/26/2024 9:41,12/26/2024 17:41,12/26/2024 14:41,2025-05-17 09:18:00,2025-05-17 09:20:00,2025-05-17 09:27:00,2025-05-17 10:06:00,,4.71618,114.76674,4.86274,114.94378,3.5,12.76,3.4,26.57,FQ-7001,INV-280068,BND,VEH-614,Yes,Temburong,11,High Demand Zone,14,1/29/2023,Pass
2025-05-18,14:53:05,"""CNR9806462""",Completed,"""CID3361602""",SUV,Sengkurong,Jangsak,14.3,42.5,,,,12.9,4.8,4.5,Card,30.01,Brunei-Muara,Belait,Dayangku Siti,7.1,24.46,April,2024,Saturday,0.0,7.0,OFF-200187,4/6/2024 14:52,accepted,4/6/2024 14:52,SESS-38322,4/6/2024 12:53,4/6/2024 17:53,4/6/2024 14:53,2025-05-18 19:47:00,2025-05-18 19:52:00,2025-05-18 19:54:00,2025-05-18 20:26:00,4/6/2024 15:00,4.90633,114.94813,4.66645,114.22783,3.5,3.92,3.4,16.02,FQ-8440,INV-511256,BND,VEH-618,Yes,Belait,4,High Demand Zone,6,9/25/2023,Pass
2025-05-09,11:37:57,"""CNR5547305""",Completed,"""CID8378248""",Sedan,Rimba,Muara,4.0,41.7,1.0,,,24.99,4.5,4.2,Card,10.86,Brunei-Muara,Tutong,Abdul Rahman,2.0,7.78,May,2024,Tuesday,1.0,6.4,OFF-200115,5/14/2024 11:37,accepted,5/14/2024 11:37,SESS-85776,5/14/2024 6:37,5/14/2024 12:37,5/14/2024 11:37,2025-05-09 09:30:00,2025-05-09 09:35:00,2025-05-09 09:41:00,2025-05-09 09:56:00,5/14/2024 11:39,4.96478,114.90201,4.66991,114.71213,3.5,3.92,3.34,11.76,FQ-9082,INV-124354,BND,VEH-428,Yes,Belait,5,Normal,5,6/6/2023,Pass
2025-05-02,16:10:39,"""CNR5577217""",Cancelled,"""CID8907160""",SUV,Tutong Town,Bangar,12.7,11.8,,,,27.0,4.9,3.6,Cash,4.77,Belait,Brunei-Muara,Nurul Izzah,0.69,3.24,January,2024,Sunday,1.0,9.7,OFF-200190,1/7/2024 16:10,accepted,1/7/2024 16:10,SESS-35224,1/7/2024 14:10,1/7/2024 19:10,1/7/2024 16:10,2025-05-02 06:05:00,2025-05-02 06:06:00,2025-05-02 06:10:00,2025-05-02 06:32:00,,4.57503,114.32022,4.93087,114.86864,3.5,21.26,0.94,32.12,FQ-6966,INV-183163,BND,VEH-204,Yes,Tutong,11,High Demand Zone,4,1/14/2023,Pass
2025-05-29,13:13:54,"""CNR3596717""",Cancelled,"""CID8580939""",Sedan,Jerudong,Tutong Beach,13.7,25.9,,,,4.55,4.1,4.4,Online Banking,10.62,Brunei-Muara,Tutong,Mustafa Kamal,1.59,8.51,February,2024,Sunday,1.0,11.8,OFF-200159,2/4/2024 13:13,accepted,2/4/2024 13:13,SESS-19846,2/4/2024 9:13,2/4/2024 16:13,2/4/2024 13:13,2025-05-29 11:32:00,2025-05-29 11:34:00,2025-05-29 11:42:00,2025-05-29 11:52:00,2/4/2024 13:21,4.8933,114.97365,4.83844,114.76267,3.5,3.92,2.07,9.49,FQ-7476,INV-342528,BND,VEH-726,Yes,Belait,12,Normal,2,7/29/2023,Pass
2025-05-24,20:28:37,"""CNR5239998""",Cancelled,"""CID1535942""",Premium,Lambak,Berakas,8.7,30.6,,,,2.62,4.3,3.7,Dart Wallet,30.61,Belait,Brunei-Muara,Ahmad Zaki,6.27,22.45,April,2024,Wednesday,1.0,7.2,OFF-200160,4/24/2024 20:27,accepted,4/24/2024 20:27,SESS-75925,4/24/2024 15:28,4/24/2024 21:28,4/24/2024 20:28,2025-05-24 23:08:00,2025-05-24 23:10:00,2025-05-24 23:15:00,2025-05-24 23:47:00,,4.51696,114.13943,4.8616,114.86799,3.5,16.78,2.45,23.73,FQ-6399,INV-765728,BND,VEH-696,Yes,Brunei-Muara,8,Normal,13,7/17/2023,Pass
2025-05-16,3:53:28,"""CNR5222189""",Completed,"""CID1300727""",Sedan,Sengkurong,Kuala Belait,8.1,33.7,,,,12.16,4.5,4.9,Cash,11.1,Belait,Brunei-Muara,Ibrahim Daud,2.28,8.43,August,2024,Monday,0.0,10.8,OFF-200066,8/19/2024 3:52,accepted,8/19/2024 3:52,SESS-97398,8/18/2024 22:53,8/19/2024 4:53,8/19/2024 3:53,2025-05-16 21:08:00,2025-05-16 21:11:00,2025-05-16 21:15:00,2025-05-16 21:37:00,,4.55687,114.10796,4.90694,114.94762,3.5,4.61,2.7,12.81,FQ-9266,INV-235946,BND,VEH-819,Yes,Temburong,13,Normal,11,11/14/2023,Pass
2025-05-18,14:27:41,"""CNR7498137""",Completed,"""CID9299897""",Sedan,Tutong Town,Kuala Belait,12.3,38.7,,,,5.65,4.5,4.7,Card,30.5,Brunei-Muara,Brunei-Muara,Faisal Hakimi,4.5,21.65,January,2024,Friday,1.0,8.5,OFF-200127,1/12/2024 14:26,accepted,1/12/2024 14:26,SESS-85181,1/12/2024 11:27,1/12/2024 16:27,1/12/2024 14:27,2025-05-18 07:45:00,2025-05-18 07:46:00,2025-05-18 07:54:00,2025-05-18 08:27:00,,4.89756,114.89802,4.93703,114.92727,3.5,1.57,3.1,8.71,FQ-7692,INV-195013,BND,VEH-126,Yes,Temburong,13,High Demand Zone,10,6/16/2023,Pass
2025-05-26,17:08:52,"""CNR5848927""",Completed,"""CID2730208""",Sedan,Mentiri,Mata-Mata,14.8,10.8,1.0,,,18.46,3.5,4.2,Card,14.26,Brunei-Muara,Belait,Nurul Izzah,3.0,11.46,July,2024,Sunday,0.0,8.4,OFF-200017,7/28/2024 17:08,accepted,7/28/2024 17:08,SESS-35224,7/28/2024 15:08,7/28/2024 20:08,7/28/2024 17:08,2025-05-26 01:04:00,2025-05-26 01:08:00,2025-05-26 01:17:00,2025-05-26 01:27:00,7/28/2024 17:14,4.92573,114.91474,4.63119,114.21445,3.5,3.92,0.86,5.78,FQ-8663,INV-788987,BND,VEH-204,Yes,Temburong,13,Normal,8,4/18/2023,Pass
2025-05-02,17:49:20,"""CNR4918246""",Cancelled by Driver,"""CID2808277""",Premium,Rimba,Berakas,6.0,10.7,,,,8.24,3.7,4.5,Online Banking,6.55,Tutong,Belait,Mohd Hafiz,1.41,5.1,April,2024,Monday,0.0,6.6,OFF-200024,4/8/2024 17:49,accepted,4/8/2024 17:49,SESS-37455,4/8/2024 15:49,4/8/2024 19:49,4/8/2024 17:49,2025-05-02 20:30:00,2025-05-02 20:32:00,2025-05-02 20:41:00,2025-05-02 20:57:00,,4.82489,114.71429,4.64969,114.34022,3.5,16.98,0.86,33.01,FQ-6504,INV-669462,BND,VEH-678,Yes,Brunei-Muara,5,High Demand Zone,6,1/6/2024,Pass
2025-05-20,18:36:15,"""CNR1590185""",Completed,"""CID8780721""",Premium,Tutong Town,Lambak,4.4,39.1,,,,6.27,3.8,4.8,Online Banking,16.26,Brunei-Muara,Belait,Ridhwan Bakar,3.93,13.32,January,2024,Wednesday,1.0,10.5,OFF-200053,1/17/2024 18:35,accepted,1/17/2024 18:35,SESS-20959,1/17/2024 16:36,1/17/2024 21:36,1/17/2024 18:36,2025-05-20 21:13:00,2025-05-20 21:17:00,2025-05-20 21:26:00,2025-05-20 21:51:00,,4.85942,114.88967,4.58792,114.20926,3.5,3.51,3.13,15.18,FQ-5150,INV-947070,BND,VEH-504,Yes,Belait,4,High Demand Zone,9,3/23/2023,Pass
2025-05-31,18:22:17,"""CNR2591553""",Cancelled,"""CID8719421""",SUV,Berakas,Tutong Town,11.2,10.6,,,,5.33,3.5,4.4,Cash,22.21,Brunei-Muara,Brunei-Muara,Mohd Hafiz,2.79,18.65,June,2024,Saturday,0.0,4.7,OFF-200057,6/1/2024 18:21,rejected,6/1/2024 18:21,SESS-37455,6/1/2024 13:22,6/1/2024 20:22,6/1/2024 18:22,2025-05-31 00:53:00,2025-05-31 00:54:00,2025-05-31 00:59:00,2025-05-31 01:39:00,,4.91962,114.9778,4.86975,114.96503,3.5,13.64,0.85,25.49,FQ-7803,INV-510877,BND,VEH-678,Yes,Temburong,10,High Demand Zone,8,7/5/2023,Pass
2025-05-17,3:53:28,"""CNR5222189""",Cancelled,"""CID1300727""",Premium,Berakas,Berakas,8.1,33.7,,,,25.83,4.5,3.9,Online Banking,7.17,Belait,Brunei-Muara,Ibrahim Daud,1.79,5.38,August,2024,Monday,0.0,10.8,OFF-200066,8/19/2024 3:52,rejected,8/19/2024 3:52,SESS-97398,8/18/2024 22:53,8/19/2024 4:53,8/19/2024 3:53,2025-05-17 13:39:00,2025-05-17 13:40:00,2025-05-17 13:49:00,2025-05-17 14:23:00,,4.55687,114.10796,4.90694,114.94762,3.5,4.61,2.7,12.81,FQ-9266,INV-235946,BND,VEH-819,Yes,Belait,13,Normal,11,11/14/2023,Pass
2025-05-14,16:02:47,"""CNR7028693""",Cancelled by Driver,"""CID5551104""",SUV,Muara,Jangsak,12.2,22.2,,,,14.6,3.8,4.1,Online Banking,5.74,Brunei-Muara,Brunei-Muara,Ridhwan Bakar,1.41,4.69,September,2024,Monday,1.0,7.0,OFF-200103,9/9/2024 16:01,rejected,9/9/2024 16:01,SESS-20959,9/9/2024 13:02,9/9/2024 17:02,9/9/2024 16:02,2025-05-14 05:21:00,2025-05-14 05:24:00,2025-05-14 05:26:00,2025-05-14 05:40:00,,4.8998,114.92244,4.96698,114.9224,3.5,5.6,1.78,13.82,FQ-7728,INV-412885,BND,VEH-504,Yes,Tutong,8,High Demand Zone,10,7/23/2023,Pass
2025-05-13,21:33:57,"""CNR4549763""",Completed,"""CID7659002""",Sedan,Bangar,Kiulap,11.0,28.7,,,,29.91,4.6,4.4,Online Banking,32.06,Tutong,Belait,Syafiqah Yusof,7.86,26.76,June,2024,Wednesday,1.0,11.1,OFF-200173,6/26/2024 21:33,rejected,6/26/2024 21:33,SESS-20137,6/26/2024 18:33,6/27/2024 0:33,6/26/2024 21:33,2025-05-13 22:20:00,2025-05-13 22:21:00,2025-05-13 22:27:00,2025-05-13 23:10:00,,4.82413,114.71252,4.55719,114.33598,3.5,17.71,2.3,31.89,FQ-6080,INV-849475,BND,VEH-214,Yes,Brunei-Muara,6,High Demand Zone,13,6/1/2023,Pass
2025-05-02,6:20:31,"""CNR3315619""",Completed,"""CID6044362""",Sedan,Sengkurong,Serusop,11.7,38.4,,,,27.98,4.3,4.0,Card,19.12,Belait,Brunei-Muara,Khairul Anuar,2.29,15.67,May,2024,Friday,1.0,5.8,OFF-200023,5/10/2024 6:20,accepted,5/10/2024 6:20,SESS-78148,5/10/2024 4:20,5/10/2024 7:20,5/10/2024 6:20,2025-05-02 00:05:00,2025-05-02 00:08:00,2025-05-02 00:16:00,2025-05-02 00:53:00,,4.5651,114.29867,4.94541,114.94941,3.5,12.37,3.07,28.67,FQ-9621,INV-893919,BND,VEH-476,Yes,Temburong,12,High Demand Zone,11,3/13/2023,Pass
2025-05-05,11:30:11,"""CNR4645249""",Completed,"""CID5962991""",Compact,Tutong Town,Sengkurong,10.9,20.2,,,,13.64,4.9,4.2,Online Banking,19.54,Brunei-Muara,Brunei-Muara,Mohd Hafiz,4.11,12.53,November,2024,Monday,1.0,11.8,OFF-200113,11/25/2024 11:29,accepted,11/25/2024 11:29,SESS-37455,11/25/2024 7:30,11/25/2024 12:30,11/25/2024 11:30,2025-05-05 08:03:00,2025-05-05 08:05:00,2025-05-05 08:07:00,2025-05-05 08:32:00,,4.95986,114.91957,4.96214,114.86915,3.5,5.53,1.62,12.65,FQ-6461,INV-161985,BND,VEH-678,Yes,Temburong,13,Normal,9,11/5/2023,Pass
2025-05-18,9:11:33,"""CNR2416214""",Cancelled,"""CID1397558""",SUV,Kiulap,Muara,11.7,23.1,,,,14.55,4.2,4.2,Cash,8.23,Brunei-Muara,Brunei-Muara,Siti Aminah,1.93,5.18,March,2024,Friday,0.0,5.8,OFF-200031,3/29/2024 9:10,accepted,3/29/2024 9:10,SESS-19622,3/29/2024 4:11,3/29/2024 10:11,3/29/2024 9:11,2025-05-18 21:36:00,2025-05-18 21:38:00,2025-05-18 21:40:00,2025-05-18 22:13:00,,4.92683,114.93766,4.88988,114.87956,3.5,8.46,1.85,20.72,FQ-6711,INV-209265,BND,VEH-614,Yes,Belait,5,High Demand Zone,14,7/14/2023,Pass
2025-05-23,2:51:22,"""CNR6778932""",Completed,"""CID8872225""",Sedan,Jerudong,Sengkurong,14.5,21.9,,,,22.75,3.8,4.5,Card,29.72,Tutong,Tutong,Nurul Izzah,5.48,23.94,January,2024,Wednesday,1.0,8.4,OFF-200174,1/3/2024 2:50,accepted,1/3/2024 2:50,SESS-35224,1/3/2024 0:51,1/3/2024 3:51,1/3/2024 2:51,2025-05-23 17:21:00,2025-05-23 17:22:00,2025-05-23 17:31:00,2025-05-23 18:05:00,,4.71025,114.76064,4.66094,114.78991,3.5,11.45,1.75,14.2,FQ-7333,INV-418725,BND,VEH-204,Yes,Belait,8,Normal,1,3/2/2023,Pass
2025-05-01,10:41:11,"""CNR1282098""",Completed,"""CID4893475""",Sedan,Muara,Lumut,11.5,13.3,,,,20.74,4.8,4.9,Online Banking,24.8,Brunei-Muara,Tutong,Noraini Kassim,4.68,17.32,December,2024,Monday,1.0,10.8,OFF-200085,12/16/2024 10:40,accepted,12/16/2024 10:40,SESS-88755,12/16/2024 8:41,12/16/2024 13:41,12/16/2024 10:41,2025-05-01 16:41:00,2025-05-01 16:45:00,2025-05-01 16:49:00,2025-05-01 17:30:00,,4.85943,114.89897,4.79064,114.74205,3.5,17.09,1.06,22.65,FQ-8604,INV-541408,BND,VEH-967,Yes,Brunei-Muara,8,Normal,9,4/8/2023,Pass
2025-05-05,11:19:06,"""CNR3609994""",Completed,"""CID2703039""",Sedan,Gadong,Mentiri,11.0,40.1,,,,2.41,3.6,3.6,Dart Wallet,9.76,Brunei-Muara,Belait,,1.45,7.43,February,2024,Thursday,,8.5,OFF-200150,2/22/2024 11:18,accepted,2/22/2024 11:18,SESS-16338,2/22/2024 9:19,2/22/2024 12:19,2/22/2024 11:19,2025-05-04 23:52:00,2025-05-04 23:56:00,2025-05-05 00:05:00,2025-05-05 00:39:00,,4.9529,114.92257,4.60565,114.22755,3.5,3.92,3.21,15.94,FQ-6583,INV-561935,BND,VEH-510,Yes,Tutong,9,High Demand Zone,12,7/18/2023,Pass
2025-05-31,20:55:21,"""CNR7116878""",Completed,"""CID8235642""",Sedan,Muara,Rimba,8.3,34.3,,,,12.67,3.9,3.7,Cash,15.43,Brunei-Muara,Brunei-Muara,Aiman Hakim,3.75,11.75,January,2024,Sunday,0.0,11.5,OFF-200193,1/14/2024 20:54,accepted,1/14/2024 20:54,SESS-93521,1/14/2024 15:55,1/14/2024 21:55,1/14/2024 20:55,2025-05-31 19:13:00,2025-05-31 19:16:00,2025-05-31 19:24:00,2025-05-31 19:34:00,,4.8613,114.97933,4.9221,114.87937,3.5,7.26,2.74,13.5,FQ-5308,INV-972168,BND,VEH-146,Yes,Belait,7,Normal,5,4/2/2023,Pass
2025-05-26,17:20:25,"""CNR7374628""",Cancelled,"""CID6173671""",SUV,Sengkurong,Tutong Beach,12.6,11.9,,,,17.33,4.4,4.7,Dart Wallet,18.25,Belait,Belait,Siti Aminah,3.9,12.88,February,2024,Sunday,0.0,8.1,OFF-200126,2/25/2024 17:20,rejected,2/25/2024 17:20,SESS-19622,2/25/2024 14:20,2/25/2024 19:20,2/25/2024 17:20,2025-05-26 13:40:00,2025-05-26 13:43:00,2025-05-26 13:47:00,2025-05-26 14:11:00,2/25/2024 17:27,4.60897,114.3069,4.6399,114.15304,3.5,3.92,0.95,10.37,FQ-6571,INV-794826,BND,VEH-614,Yes,Brunei-Muara,11,Normal,9,1/9/2023,Pass
2025-05-14,13:14:23,"""CNR9959930""",Cancelled by Driver,"""CID5337972""",SUV,Jangsak,Muara,6.8,42.9,,,,13.68,3.7,3.7,Dart Wallet,12.3,Belait,Brunei-Muara,Haji Ramli,2.11,10.17,October,2024,Wednesday,1.0,8.5,OFF-200154,10/16/2024 13:13,accepted,10/16/2024 13:13,SESS-68895,10/16/2024 10:14,10/16/2024 15:14,10/16/2024 13:14,2025-05-14 20:20:00,2025-05-14 20:25:00,2025-05-14 20:27:00,2025-05-14 20:37:00,,4.61501,114.20753,4.8934,114.94653,3.5,2.69,3.43,11.52,FQ-9929,INV-905997,BND,VEH-355,Yes,Tutong,8,High Demand Zone,3,4/17/2023,Pass
2025-05-29,13:43:11,"""CNR9249380""",Cancelled by Driver,"""CID5685213""",Sedan,Kiulap,Bangar,7.0,31.9,,,,12.98,4.0,4.7,Cash,19.34,Belait,Brunei-Muara,Nurul Izzah,4.02,13.85,September,2024,Thursday,1.0,11.1,OFF-200129,9/12/2024 13:42,accepted,9/12/2024 13:42,SESS-35224,9/12/2024 11:43,9/12/2024 16:43,9/12/2024 13:43,2025-05-29 09:39:00,2025-05-29 09:43:00,2025-05-29 09:53:00,2025-05-29 10:13:00,,4.60794,114.25377,4.90001,114.92623,3.5,13.05,2.55,29.65,FQ-5272,INV-376808,BND,VEH-204,Yes,Tutong,13,High Demand Zone,1,7/10/2023,Pass
2025-05-19,14:44:07,"""CNR3009174""",Completed,"""CID4686557""",Compact,Lambak,Lambak,10.2,11.3,,,,9.63,4.4,4.5,Cash,31.06,Brunei-Muara,Belait,Syafiqah Yusof,5.23,23.2,January,2024,Saturday,0.0,9.9,OFF-200016,1/13/2024 14:43,rejected,1/13/2024 14:43,SESS-20137,1/13/2024 11:44,1/13/2024 17:44,1/13/2024 14:44,2025-05-19 02:46:00,2025-05-19 02:47:00,2025-05-19 02:49:00,2025-05-19 03:26:00,1/13/2024 14:48,4.9107,114.89467,4.57992,114.32022,3.5,3.92,0.9,10.4,FQ-5713,INV-816454,BND,VEH-214,Yes,Temburong,4,High Demand Zone,7,11/2/2023,Pass
2025-05-09,16:02:47,"""CNR7028693""",Completed,"""CID5551104""",Compact,Tutong Town,Jerudong,12.2,22.2,,,,5.98,4.9,4.8,Cash,6.73,Brunei-Muara,Brunei-Muara,Ridhwan Bakar,1.37,4.84,September,2024,Monday,1.0,7.0,OFF-200103,9/9/2024 16:01,rejected,9/9/2024 16:01,SESS-20959,9/9/2024 13:02,9/9/2024 17:02,9/9/2024 16:02,2025-05-09 10:51:00,2025-05-09 10:53:00,2025-05-09 10:58:00,2025-05-09 11:14:00,,4.8998,114.92244,4.96698,114.9224,3.5,5.6,1.78,13.82,FQ-7728,INV-412885,BND,VEH-504,Yes,Brunei-Muara,8,High Demand Zone,10,7/23/2023,Pass
2025-05-20,20:28:37,"""CNR5239998""",Completed,"""CID1535942""",SUV,Bandar Seri Begawan,Serusop,8.7,30.6,,,,21.18,3.7,4.2,Cash,29.11,Belait,Brunei-Muara,Ahmad Zaki,3.03,18.84,April,2024,Wednesday,1.0,7.2,OFF-200160,4/24/2024 20:27,accepted,4/24/2024 20:27,SESS-75925,4/24/2024 15:28,4/24/2024 21:28,4/24/2024 20:28,2025-05-20 23:20:00,2025-05-20 23:24:00,2025-05-20 23:31:00,2025-05-20 23:55:00,,4.51696,114.13943,4.8616,114.86799,3.5,16.78,2.45,23.73,FQ-6399,INV-765728,BND,VEH-696,Yes,Tutong,8,Normal,13,7/17/2023,Pass
2025-05-08,22:24:03,"""CNR9205944""",Cancelled,"""CID2975665""",SUV,Kuala Belait,Jangsak,10.1,35.5,,,,27.17,3.5,4.2,Dart Wallet,6.73,Belait,Brunei-Muara,,1.12,5.28,July,2024,Sunday,,7.6,OFF-200136,7/14/2024 22:23,accepted,7/14/2024 22:23,SESS-16338,7/14/2024 17:24,7/15/2024 1:24,7/14/2024 22:24,2025-05-08 13:41:00,2025-05-08 13:43:00,2025-05-08 13:53:00,2025-05-08 14:38:00,,4.65695,114.26303,4.96827,114.92521,3.5,3.92,2.84,10.26,FQ-7907,INV-658083,BND,VEH-510,Yes,Brunei-Muara,10,Normal,14,9/8/2023,Pass
2025-05-15,8:30:02,"""CNR5318170""",Cancelled,"""CID4771912""",Sedan,Kiulap,Mentiri,6.6,28.7,,,,22.38,4.2,3.9,Cash,30.16,Brunei-Muara,Brunei-Muara,Faisal Hakimi,5.52,22.59,April,2024,Tuesday,0.0,10.1,OFF-200042,4/23/2024 8:29,rejected,4/23/2024 8:29,SESS-85181,4/23/2024 4:30,4/23/2024 10:30,4/23/2024 8:30,2025-05-15 18:04:00,2025-05-15 18:09:00,2025-05-15 18:15:00,2025-05-15 18:32:00,,4.89597,114.89751,4.92782,114.92492,3.5,9.73,2.3,15.53,FQ-9536,INV-686288,BND,VEH-126,Yes,Temburong,13,Normal,3,10/3/2023,Pass
2025-05-16,15:34:51,"""CNR1736495""",Cancelled by Driver,"""CID5362525""",Compact,Tutong Beach,Gadong,11.5,43.7,,1.0,Other Issue,19.8,4.5,4.4,Online Banking,11.57,Brunei-Muara,Brunei-Muara,Mustafa Kamal,1.36,9.51,December,2024,Saturday,1.0,6.6,OFF-200175,12/28/2024 15:34,accepted,12/28/2024 15:34,SESS-19846,12/28/2024 10:34,12/28/2024 18:34,12/28/2024 15:34,2025-05-16 16:26:00,2025-05-16 16:28:00,2025-05-16 16:37:00,2025-05-16 17:21:00,,4.95691,114.87804,4.87871,114.91387,3.5,2.12,3.5,16.18,FQ-9285,INV-272330,BND,VEH-726,Yes,Brunei-Muara,5,High Demand Zone,8,1/31/2024,Pass
2025-05-15,23:33:25,"""CNR6408706""",Cancelled by Driver,"""CID1966936""",Compact,Lumut,Sengkurong,13.9,28.7,,,,20.86,4.2,4.6,Card,21.81,Belait,Tutong,Haji Ramli,4.97,18.11,January,2024,Sunday,1.0,4.3,OFF-200038,1/7/2024 23:32,accepted,1/7/2024 23:32,SESS-68895,1/7/2024 20:33,1/8/2024 0:33,1/7/2024 23:33,2025-05-15 22:20:00,2025-05-15 22:23:00,2025-05-15 22:27:00,2025-05-15 22:33:00,,4.52471,114.10833,4.71093,114.747,3.5,10.45,2.3,22.31,FQ-9577,INV-981907,BND,VEH-355,Yes,Belait,6,High Demand Zone,3,4/15/2023,Pass
2025-05-29,17:14:49,"""CNR1552056""",Cancelled,"""CID6419575""",Premium,Lambak,Berakas,5.3,43.3,1.0,,,5.53,4.2,4.9,Cash,8.55,Belait,Brunei-Muara,Ahmad Zaki,1.87,6.18,January,2024,Monday,0.0,11.1,OFF-200169,1/29/2024 17:14,accepted,1/29/2024 17:14,SESS-75925,1/29/2024 13:14,1/29/2024 19:14,1/29/2024 17:14,2025-05-29 09:35:00,2025-05-29 09:38:00,2025-05-29 09:46:00,2025-05-29 10:15:00,1/29/2024 17:16,4.51246,114.39622,4.87596,114.88295,3.5,3.92,3.46,14.6,FQ-8820,INV-663993,BND,VEH-696,Yes,Temburong,11,High Demand Zone,6,7/20/2023,Pass
2025-05-08,20:25:31,"""CNR7128155""",Completed,"""CID5063874""",SUV,Sengkurong,Lambak,7.7,30.2,,,,18.91,4.0,3.9,Cash,16.78,Belait,Tutong,Noraini Kassim,2.24,10.57,June,2024,Monday,1.0,9.8,OFF-200025,6/24/2024 20:25,accepted,6/24/2024 20:25,SESS-88755,6/24/2024 15:25,6/24/2024 23:25,6/24/2024 20:25,2025-05-08 06:30:00,2025-05-08 06:33:00,2025-05-08 06:35:00,2025-05-08 06:43:00,,4.65754,114.3961,4.67437,114.78719,3.5,9.81,2.42,22.6,FQ-7044,INV-683708,BND,VEH-967,Yes,Tutong,5,High Demand Zone,5,3/27/2023,Pass
2025-05-12,14:41:56,"""CNR3422152""",Completed,"""CID9604726""",Compact,Kiulap,Jangsak,13.5,42.5,,,,2.22,4.9,4.8,Cash,29.36,Tutong,Brunei-Muara,Siti Aminah,5.71,18.39,December,2024,Thursday,0.0,11.0,OFF-200098,12/26/2024 14:41,accepted,12/26/2024 14:41,SESS-19622,12/26/2024 9:41,12/26/2024 17:41,12/26/2024 14:41,2025-05-12 01:41:00,2025-05-12 01:43:00,2025-05-12 01:49:00,2025-05-12 02:29:00,,4.71618,114.76674,4.86274,114.94378,3.5,12.76,3.4,26.57,FQ-7001,INV-280068,BND,VEH-614,Yes,Brunei-Muara,11,High Demand Zone,14,1/29/2023,Pass
2025-05-06,21:49:51,"""CNR6575694""",Completed,"""CID6746264""",Premium,Serusop,Sengkurong,12.1,11.8,,1.0,Other Issue,13.06,4.0,4.7,Card,17.05,Belait,Brunei-Muara,Nabilah Hassan,2.33,13.51,September,2024,Monday,1.0,6.8,OFF-200049,9/23/2024 21:49,accepted,9/23/2024 21:49,SESS-68128,9/23/2024 16:49,9/23/2024 23:49,9/23/2024 21:49,2025-05-06 23:04:00,2025-05-06 23:08:00,2025-05-06 23:18:00,2025-05-06 23:51:00,,4.62977,114.19421,4.96491,114.97165,3.5,3.94,0.94,15.07,FQ-7291,INV-232133,BND,VEH-713,Yes,Brunei-Muara,5,High Demand Zone,7,2/17/2023,Pass
2025-05-17,7:49:03,"""CNR9435112""",Completed,"""CID8876690""",Compact,Muara,Serusop,3.9,27.2,,,,12.87,4.0,4.7,Card,16.23,Brunei-Muara,Brunei-Muara,Aiman Hakim,3.7,11.6,July,2024,Friday,0.0,4.5,OFF-200152,7/5/2024 7:48,rejected,7/5/2024 7:48,SESS-93521,7/5/2024 2:49,7/5/2024 10:49,7/5/2024 7:49,2025-05-17 04:54:00,2025-05-17 04:58:00,2025-05-17 05:05:00,2025-05-17 05:27:00,,4.86425,114.94359,4.88987,114.95656,3.5,16.52,2.18,34.3,FQ-8851,INV-457956,BND,VEH-146,Yes,Tutong,4,High Demand Zone,3,7/21/2023,Pass
2025-05-01,10:05:53,"""CNR8467869""",Cancelled,"""CID3130096""",Compact,Mentiri,Mentiri,3.2,14.4,,,,2.08,5.0,4.4,Card,15.58,Belait,Belait,,1.91,12.94,June,2024,Thursday,,6.2,OFF-200151,6/20/2024 10:05,accepted,6/20/2024 10:05,SESS-16338,6/20/2024 8:05,6/20/2024 12:05,6/20/2024 10:05,2025-05-01 13:58:00,2025-05-01 13:59:00,2025-05-01 14:09:00,2025-05-01 14:14:00,,4.58805,114.24636,4.67083,114.25141,3.5,3.92,1.15,13.57,FQ-8742,INV-105149,BND,VEH-510,Yes,Brunei-Muara,5,Normal,8,7/25/2023,Pass
2025-05-23,16:14:46,"""CNR8215682""",Completed,"""CID4968980""",Premium,Bangar,Kuala Belait,14.6,11.8,,,,18.7,4.8,4.5,Online Banking,31.81,Brunei-Muara,Tutong,Awangku Mohd,5.11,20.25,February,2024,Saturday,0.0,6.9,OFF-200012,2/10/2024 16:14,accepted,2/10/2024 16:14,SESS-35925,2/10/2024 11:14,2/10/2024 17:14,2/10/2024 16:14,2025-05-23 21:46:00,2025-05-23 21:50:00,2025-05-23 21:56:00,2025-05-23 22:34:00,,4.93645,114.91644,4.81403,114.7482,3.5,10.1,0.94,14.54,FQ-9491,INV-310926,BND,VEH-727,Yes,Temburong,12,Normal,11,2/3/2023,Pass
2025-05-20,13:56:24,"""CNR5195905""",Cancelled,"""CID6060819""",Sedan,Kuala Belait,Bandar Seri Begawan,6.0,37.1,1.0,,,16.68,4.0,4.0,Online Banking,19.66,Belait,Tutong,Nabilah Hassan,3.47,12.85,June,2024,Monday,0.0,9.6,OFF-200059,6/10/2024 13:55,accepted,6/10/2024 13:55,SESS-68128,6/10/2024 10:56,6/10/2024 14:56,6/10/2024 13:56,2025-05-20 19:30:00,2025-05-20 19:34:00,2025-05-20 19:41:00,2025-05-20 20:14:00,6/10/2024 14:02,4.67708,114.20374,4.71426,114.64436,3.5,3.92,2.97,14.39,FQ-5551,INV-725131,BND,VEH-713,Yes,Belait,12,Normal,14,10/24/2023,Pass
2025-06-21,22:11:25,"""CNR1993047""",Completed,"""CID2155317""",Compact,Muara,Kuala Belait,14.8,42.7,,,,15.72,4.2,4.9,Cash,11.31,Brunei-Muara,Brunei-Muara,Syafiqah Yusof,2.41,7.14,June,2024,Sunday,1.0,10.0,OFF-200134,6/30/2024 22:11,accepted,6/30/2024 22:11,SESS-20137,6/30/2024 17:11,7/1/2024 1:11,6/30/2024 22:11,2025-06-21 04:46:00,2025-06-21 04:51:00,2025-06-21 05:01:00,2025-06-21 05:07:00,,4.91504,114.94118,4.96987,114.87202,3.5,3.22,3.42,15.18,FQ-5376,INV-178320,BND,VEH-214,Yes,Tutong,9,High Demand Zone,8,3/25/2023,Pass
2025-06-19,18:36:55,"""CNR6363970""",Cancelled,"""CID3593238""",Premium,Sengkurong,Kuala Belait,13.4,12.7,,,,15.98,3.7,4.2,Card,6.37,Tutong,Brunei-Muara,Khairul Anuar,1.38,4.13,April,2024,Tuesday,1.0,10.8,OFF-200056,4/16/2024 18:36,accepted,4/16/2024 18:36,SESS-78148,4/16/2024 14:36,4/16/2024 19:36,4/16/2024 18:36,2025-06-19 22:51:00,2025-06-19 22:53:00,2025-06-19 23:00:00,2025-06-19 23:34:00,,4.77461,114.76049,4.94219,114.88607,3.5,12.96,1.02,18.48,FQ-6092,INV-678197,BND,VEH-476,Yes,Belait,8,Normal,5,8/19/2023,Pass
2025-06-14,12:29:52,"""CNR6025689""",Completed,"""CID8921108""",Compact,Lumut,Berakas,4.7,10.3,,,,16.05,4.1,4.2,Cash,21.82,Brunei-Muara,Tutong,,3.05,15.25,January,2024,Wednesday,,4.1,OFF-200035,1/10/2024 12:29,rejected,1/10/2024 12:29,SESS-16338,1/10/2024 7:29,1/10/2024 13:29,1/10/2024 12:29,2025-06-14 12:59:00,2025-06-14 13:03:00,2025-06-14 13:05:00,2025-06-14 13:15:00,,4.88513,114.87098,4.72785,114.79049,3.5,3.92,0.82,10.74,FQ-7079,INV-366816,BND,VEH-510,Yes,Belait,12,Normal,1,5/27/2023,Pass
2025-06-15,23:39:52,"""CNR1605575""",Completed,"""CID9516426""",Compact,Tutong Beach,Serusop,10.7,16.1,,,,14.21,4.9,4.3,Dart Wallet,25.22,Tutong,Brunei-Muara,Nabilah Hassan,3.12,15.34,July,2024,Wednesday,1.0,9.6,OFF-200172,7/31/2024 23:39,accepted,7/31/2024 23:39,SESS-68128,7/31/2024 19:39,8/1/2024 1:39,7/31/2024 23:39,2025-06-15 22:49:00,2025-06-15 22:51:00,2025-06-15 22:59:00,2025-06-15 23:35:00,,4.76714,114.6423,4.8533,114.97657,3.5,7.34,1.29,13.13,FQ-5562,INV-490763,BND,VEH-713,Yes,Belait,9,Normal,10,8/21/2023,Pass
2025-06-04,17:45:00,"""CNR7766262""",Completed,"""CID7685210""",SUV,Kuala Belait,Kiulap,2.4,11.6,,,,9.79,4.4,3.7,Cash,34.71,Brunei-Muara,Brunei-Muara,Awangku Mohd,7.59,25.04,February,2024,Wednesday,0.0,11.2,OFF-200019,2/7/2024 17:44,accepted,2/7/2024 17:44,SESS-35925,2/7/2024 13:45,2/7/2024 18:45,2/7/2024 17:45,2025-06-04 19:50:00,2025-06-04 19:51:00,2025-06-04 19:54:00,2025-06-04 20:25:00,,4.9711,114.97687,4.92651,114.88183,3.5,18.82,0.93,25.75,FQ-7137,INV-818580,BND,VEH-727,Yes,Tutong,12,Normal,13,8/14/2023,Pass
2025-06-02,15:00:48,"""CNR5307735""",Completed,"""CID5073889""",Premium,Gadong,Jerudong,8.5,34.8,,,,9.98,4.8,4.1,Cash,18.4,Belait,Belait,Faisal Hakimi,2.77,13.12,August,2024,Saturday,1.0,11.7,OFF-200064,8/24/2024 15:00,rejected,8/24/2024 15:00,SESS-85181,8/24/2024 12:00,8/24/2024 17:00,8/24/2024 15:00,2025-06-02 09:49:00,2025-06-02 09:51:00,2025-06-02 09:56:00,2025-06-02 10:19:00,,4.66511,114.13113,4.58069,114.2856,3.5,4.2,2.78,11.48,FQ-8743,INV-246818,BND,VEH-126,Yes,Temburong,7,Normal,5,8/20/2023,Pass
2025-06-27,15:21:24,"""CNR1726678""",Cancelled by Driver,"""CID2637835""",Premium,Jangsak,Serusop,7.1,13.1,,,,27.11,4.2,4.5,Cash,15.39,Tutong,Brunei-Muara,Ahmad Zaki,1.64,10.54,May,2024,Sunday,0.0,5.6,OFF-200007,5/19/2024 15:20,rejected,5/19/2024 15:20,SESS-75925,5/19/2024 10:21,5/19/2024 16:21,5/19/2024 15:21,2025-06-27 18:54:00,2025-06-27 18:58:00,2025-06-27 19:08:00,2025-06-27 19:21:00,,4.66308,114.65802,4.9547,114.94315,3.5,8.73,1.05,15.28,FQ-9838,INV-276437,BND,VEH-696,Yes,Temburong,4,Normal,13,2/20/2023,Pass
2025-06-09,13:57:22,"""CNR8878134""",Cancelled by Driver,"""CID7848826""",Sedan,Bangar,Jerudong,14.1,10.4,,,,16.13,4.5,3.5,Card,33.63,Belait,Brunei-Muara,Sufian bin Haji Ali,5.9,26.49,May,2024,Saturday,1.0,4.9,OFF-200143,5/18/2024 13:56,accepted,5/18/2024 13:56,SESS-22883,5/18/2024 9:57,5/18/2024 16:57,5/18/2024 13:57,2025-06-09 19:58:00,2025-06-09 20:03:00,2025-06-09 20:05:00,2025-06-09 20:20:00,5/18/2024 14:03,4.58179,114.11543,4.8958,114.95953,3.5,3.92,0.83,10.25,FQ-9245,INV-966726,BND,VEH-473,Yes,Tutong,12,Normal,2,5/17/2023,Pass
2025-06-18,13:52:53,"""CNR6076037""",Cancelled by Driver,"""CID7062179""",Premium,Bandar Seri Begawan,Bangar,11.4,12.8,1.0,,,28.08,4.3,3.5,Dart Wallet,18.73,Belait,Tutong,Ibrahim Daud,2.38,12.83,January,2024,Monday,0.0,4.0,OFF-200141,1/15/2024 13:51,accepted,1/15/2024 13:52,SESS-97398,1/15/2024 9:52,1/15/2024 16:52,1/15/2024 13:52,2025-06-18 04:54:00,2025-06-18 04:56:00,2025-06-18 05:01:00,2025-06-18 05:23:00,1/15/2024 13:55,4.66258,114.38961,4.84392,114.7965,3.5,3.92,1.02,15.55,FQ-8235,INV-478504,BND,VEH-819,Yes,Temburong,8,High Demand Zone,2,2/22/2023,Pass
2025-06-13,7:50:30,"""CNR6197135""",Completed,"""CID5014483""",SUV,Kuala Belait,Serusop,3.8,22.2,,,,12.81,3.5,4.0,Online Banking,12.82,Brunei-Muara,Brunei-Muara,Syafiqah Yusof,2.46,8.23,November,2024,Tuesday,0.0,9.7,OFF-200114,11/12/2024 7:49,accepted,11/12/2024 7:49,SESS-20137,11/12/2024 3:50,11/12/2024 9:50,11/12/2024 7:50,2025-06-13 07:57:00,2025-06-13 08:02:00,2025-06-13 08:05:00,2025-06-13 08:17:00,,4.88027,114.87663,4.88441,114.97508,3.5,21.26,1.78,26.54,FQ-6469,INV-297736,BND,VEH-214,Yes,Belait,6,Normal,11,10/11/2023,Pass
2025-06-02,16:17:08,"""CNR3966448""",Completed,"""CID4889324""",Compact,Mentiri,Tutong Town,7.3,26.5,,,,18.31,4.9,4.3,Cash,10.67,Belait,Belait,Faisal Hakimi,1.88,7.03,February,2024,Friday,1.0,9.2,OFF-200142,2/23/2024 16:16,accepted,2/23/2024 16:16,SESS-85181,2/23/2024 11:17,2/23/2024 18:17,2/23/2024 16:17,2025-06-02 09:15:00,2025-06-02 09:17:00,2025-06-02 09:24:00,2025-06-02 09:35:00,,4.63084,114.22862,4.53255,114.18426,3.5,17.03,2.12,24.65,FQ-6771,INV-391024,BND,VEH-126,Yes,Temburong,9,Normal,11,11/30/2023,Pass
2025-06-09,16:51:11,"""CNR2860348""",Completed,"""CID5578022""",Compact,Lumut,Gadong,10.2,34.2,,,,18.0,3.7,4.5,Card,20.73,Brunei-Muara,Brunei-Muara,Aiman Hakim,4.45,12.96,October,2024,Monday,0.0,10.2,OFF-200091,10/7/2024 16:50,accepted,10/7/2024 16:50,SESS-93521,10/7/2024 12:51,10/7/2024 19:51,10/7/2024 16:51,2025-06-09 01:06:00,2025-06-09 01:10:00,2025-06-09 01:20:00,2025-06-09 01:54:00,10/7/2024 16:57,4.85757,114.92409,4.9292,114.97063,3.5,3.92,2.74,9.66,FQ-5293,INV-275833,BND,VEH-146,Yes,Brunei-Muara,8,Normal,11,1/23/2023,Pass
2025-06-19,19:52:59,"""CNR7386689""",Cancelled by Driver,"""CID2377603""",SUV,Sengkurong,Bangar,13.2,36.1,,,,17.1,4.4,4.9,Card,33.76,Brunei-Muara,Brunei-Muara,Mustafa Kamal,7.49,20.61,September,2024,Saturday,0.0,6.1,OFF-200097,9/21/2024 19:52,rejected,9/21/2024 19:52,SESS-19846,9/21/2024 14:52,9/21/2024 21:52,9/21/2024 19:52,2025-06-19 13:16:00,2025-06-19 13:18:00,2025-06-19 13:28:00,2025-06-19 13:38:00,,4.90288,114.85225,4.93783,114.93135,3.5,7.77,2.89,18.7,FQ-7660,INV-127899,BND,VEH-726,Yes,Belait,9,High Demand Zone,14,7/18/2023,Pass
2025-06-21,14:53:44,"""CNR4380250""",Completed,"""CID3152566""",SUV,Rimba,Sengkurong,11.2,35.0,,,,17.33,3.7,3.7,Online Banking,26.65,Brunei-Muara,Tutong,Faisal Hakimi,4.25,17.99,December,2024,Saturday,1.0,10.4,OFF-200065,12/14/2024 14:52,accepted,12/14/2024 14:52,SESS-85181,12/14/2024 10:53,12/14/2024 16:53,12/14/2024 14:53,2025-06-21 04:48:00,2025-06-21 04:51:00,2025-06-21 05:00:00,2025-06-21 05:08:00,12/14/2024 15:01,4.86127,114.96102,4.74484,114.69489,3.5,3.92,2.8,19.33,FQ-5396,INV-883055,BND,VEH-126,Yes,Tutong,4,High Demand Zone,8,1/31/2024,Pass
2025-06-18,9:11:33,"""CNR2416214""",Completed,"""CID1397558""",Compact,Mentiri,Tutong Town,11.7,23.1,,,,14.33,4.5,4.5,Online Banking,13.93,Brunei-Muara,Brunei-Muara,Siti Aminah,1.43,10.45,March,2024,Friday,0.0,5.8,OFF-200031,3/29/2024 9:10,accepted,3/29/2024 9:10,SESS-19622,3/29/2024 4:11,3/29/2024 10:11,3/29/2024 9:11,2025-06-18 08:46:00,2025-06-18 08:51:00,2025-06-18 08:56:00,2025-06-18 09:28:00,,4.92683,114.93766,4.88988,114.87956,3.5,8.46,1.85,20.72,FQ-6711,INV-209265,BND,VEH-614,Yes,Tutong,5,High Demand Zone,14,7/14/2023,Pass
2025-06-01,16:10:39,"""CNR5577217""",Completed,"""CID8907160""",Compact,Bangar,Lumut,12.7,11.8,,,,24.67,4.1,5.0,Cash,31.56,Belait,Brunei-Muara,Nurul Izzah,3.74,22.45,January,2024,Sunday,1.0,9.7,OFF-200190,1/7/2024 16:10,accepted,1/7/2024 16:10,SESS-35224,1/7/2024 14:10,1/7/2024 19:10,1/7/2024 16:10,2025-06-01 19:26:00,2025-06-01 19:28:00,2025-06-01 19:30:00,2025-06-01 19:35:00,,4.57503,114.32022,4.93087,114.86864,3.5,21.26,0.94,32.12,FQ-6966,INV-183163,BND,VEH-204,Yes,Temburong,11,High Demand Zone,4,1/14/2023,Pass
2025-06-20,10:41:11,"""CNR1282098""",Completed,"""CID4893475""",Compact,Sengkurong,Berakas,11.5,13.3,,,,20.74,4.4,4.7,Cash,27.27,Brunei-Muara,Tutong,Noraini Kassim,3.51,21.2,December,2024,Monday,1.0,10.8,OFF-200085,12/16/2024 10:40,accepted,12/16/2024 10:40,SESS-88755,12/16/2024 8:41,12/16/2024 13:41,12/16/2024 10:41,2025-06-20 11:21:00,2025-06-20 11:22:00,2025-06-20 11:24:00,2025-06-20 11:40:00,,4.85943,114.89897,4.79064,114.74205,3.5,17.09,1.06,22.65,FQ-8604,INV-541408,BND,VEH-967,Yes,Temburong,8,Normal,9,4/8/2023,Pass
2025-06-26,21:04:47,"""CNR5230005""",Completed,"""CID3694020""",SUV,Tutong Town,Lumut,11.3,38.2,,,,9.04,4.6,3.8,Cash,6.55,Brunei-Muara,Belait,Aiman Hakim,0.82,4.75,September,2024,Tuesday,1.0,4.1,OFF-200050,9/24/2024 21:04,rejected,9/24/2024 21:04,SESS-93521,9/24/2024 16:04,9/25/2024 0:04,9/24/2024 21:04,2025-06-26 22:02:00,2025-06-26 22:05:00,2025-06-26 22:14:00,2025-06-26 22:33:00,9/24/2024 21:11,4.95622,114.9567,4.59644,114.25753,3.5,3.92,3.06,12.98,FQ-9164,INV-660763,BND,VEH-146,Yes,Brunei-Muara,14,Normal,12,9/10/2023,Pass
2025-06-22,7:49:03,"""CNR9435112""",Cancelled by Driver,"""CID8876690""",Premium,Bandar Seri Begawan,Serusop,3.9,27.2,,,,20.66,3.9,4.3,Card,9.14,Brunei-Muara,Brunei-Muara,Aiman Hakim,1.86,7.75,July,2024,Friday,0.0,4.5,OFF-200152,7/5/2024 7:48,accepted,7/5/2024 7:48,SESS-93521,7/5/2024 2:49,7/5/2024 10:49,7/5/2024 7:49,2025-06-22 21:33:00,2025-06-22 21:34:00,2025-06-22 21:38:00,2025-06-22 22:19:00,,4.86425,114.94359,4.88987,114.95656,3.5,16.52,2.18,34.3,FQ-8851,INV-457956,BND,VEH-146,Yes,Belait,4,High Demand Zone,3,7/21/2023,Pass
2025-06-18,5:04:40,"""CNR7372127""",Cancelled,"""CID2108992""",Sedan,Mata-Mata,Tutong Town,12.9,14.9,,,,2.26,4.3,4.9,Dart Wallet,19.55,Tutong,Belait,Awangku Mohd,2.09,15.25,December,2024,Wednesday,0.0,8.2,OFF-200185,12/25/2024 5:04,accepted,12/25/2024 5:04,SESS-35925,12/25/2024 2:04,12/25/2024 7:04,12/25/2024 5:04,2025-06-18 13:55:00,2025-06-18 13:58:00,2025-06-18 14:00:00,2025-06-18 14:32:00,12/25/2024 5:08,4.71344,114.77428,4.61808,114.2021,3.5,3.92,1.19,7.11,FQ-5965,INV-272196,BND,VEH-727,Yes,Temburong,6,Normal,11,6/8/2023,Pass
2025-06-11,22:31:08,"""CNR9701090""",Completed,"""CID5501061""",Sedan,Muara,Mata-Mata,3.8,12.1,,,,2.82,3.5,4.1,Card,13.54,Brunei-Muara,Brunei-Muara,Shahrul Nizam,1.41,10.24,April,2024,Wednesday,0.0,8.5,OFF-200062,4/24/2024 22:30,accepted,4/24/2024 22:30,SESS-93507,4/24/2024 20:31,4/25/2024 1:31,4/24/2024 22:31,2025-06-11 00:17:00,2025-06-11 00:18:00,2025-06-11 00:25:00,2025-06-11 00:42:00,4/24/2024 22:35,4.96124,114.90419,4.95828,114.92584,3.5,3.92,0.97,13.39,FQ-8734,INV-511415,BND,VEH-252,Yes,Brunei-Muara,7,Normal,14,4/7/2023,Pass
2025-06-26,2:54:41,"""CNR4689937""",Completed,"""CID3896706""",Premium,Lumut,Muara,4.1,44.0,,,,23.5,4.4,4.4,Cash,33.19,Brunei-Muara,Belait,Abdul Rahman,7.12,25.05,August,2024,Wednesday,1.0,7.0,OFF-200189,8/28/2024 2:54,accepted,8/28/2024 2:54,SESS-85776,8/27/2024 21:54,8/28/2024 4:54,8/28/2024 2:54,2025-06-26 20:51:00,2025-06-26 20:53:00,2025-06-26 20:59:00,2025-06-26 21:25:00,8/28/2024 2:58,4.91149,114.92542,4.69683,114.35312,3.5,3.92,3.52,14.68,FQ-6394,INV-575507,BND,VEH-428,Yes,Brunei-Muara,10,High Demand Zone,13,4/3/2023,Pass
2025-06-03,15:06:49,"""CNR5715194""",Completed,"""CID6537872""",Compact,Serusop,Kiulap,10.2,41.2,,,,20.65,3.6,4.1,Cash,5.11,Tutong,Belait,Farhana Yusof,0.74,3.78,September,2024,Wednesday,0.0,7.9,OFF-200124,9/25/2024 15:06,rejected,9/25/2024 15:06,SESS-31967,9/25/2024 10:06,9/25/2024 18:06,9/25/2024 15:06,2025-06-03 01:47:00,2025-06-03 01:50:00,2025-06-03 01:58:00,2025-06-03 02:05:00,,4.68763,114.72517,4.50899,114.39684,3.5,5.21,3.3,15.01,FQ-6423,INV-764834,BND,VEH-674,Yes,Brunei-Muara,11,High Demand Zone,11,11/9/2023,Pass
2025-06-25,6:17:11,"""CNR2817835""",Completed,"""CID3004362""",Sedan,Jangsak,Mata-Mata,14.8,26.1,,,,18.05,4.4,4.6,Online Banking,19.55,Belait,Tutong,Mohd Hafiz,1.99,12.26,September,2024,Sunday,1.0,9.8,OFF-200149,9/8/2024 6:16,rejected,9/8/2024 6:16,SESS-37455,9/8/2024 2:17,9/8/2024 8:17,9/8/2024 6:17,2025-06-25 13:08:00,2025-06-25 13:12:00,2025-06-25 13:14:00,2025-06-25 13:57:00,,4.61877,114.19491,4.69642,114.67254,3.5,5.43,2.09,10.02,FQ-8071,INV-674994,BND,VEH-678,Yes,Temburong,4,Normal,2,11/10/2023,Pass
2025-06-27,18:22:17,"""CNR2591553""",Completed,"""CID8719421""",Compact,Sengkurong,Mata-Mata,11.2,10.6,,,,2.28,4.5,4.3,Dart Wallet,7.41,Brunei-Muara,Brunei-Muara,Mohd Hafiz,1.39,4.68,June,2024,Saturday,0.0,4.7,OFF-200057,6/1/2024 18:21,accepted,6/1/2024 18:21,SESS-37455,6/1/2024 13:22,6/1/2024 20:22,6/1/2024 18:22,2025-06-27 06:48:00,2025-06-27 06:53:00,2025-06-27 06:57:00,2025-06-27 07:38:00,,4.91962,114.9778,4.86975,114.96503,3.5,13.64,0.85,25.49,FQ-7803,INV-510877,BND,VEH-678,Yes,Tutong,10,High Demand Zone,8,7/5/2023,Pass
2025-06-12,18:22:17,"""CNR2591553""",Completed,"""CID8719421""",Premium,Kuala Belait,Mentiri,11.2,10.6,,,,15.71,3.8,4.1,Online Banking,4.83,Brunei-Muara,Brunei-Muara,Mohd Hafiz,1.11,3.91,June,2024,Saturday,0.0,4.7,OFF-200057,6/1/2024 18:21,accepted,6/1/2024 18:21,SESS-37455,6/1/2024 13:22,6/1/2024 20:22,6/1/2024 18:22,2025-06-12 09:31:00,2025-06-12 09:33:00,2025-06-12 09:37:00,2025-06-12 10:16:00,,4.91962,114.9778,4.86975,114.96503,3.5,13.64,0.85,25.49,FQ-7803,INV-510877,BND,VEH-678,Yes,Temburong,10,High Demand Zone,8,7/5/2023,Pass
2025-06-07,10:41:11,"""CNR1282098""",Cancelled by Driver,"""CID4893475""",Premium,Lumut,Jangsak,11.5,13.3,,,,5.71,3.8,3.6,Online Banking,16.4,Brunei-Muara,Tutong,Noraini Kassim,3.58,11.7,December,2024,Monday,1.0,10.8,OFF-200085,12/16/2024 10:40,accepted,12/16/2024 10:40,SESS-88755,12/16/2024 8:41,12/16/2024 13:41,12/16/2024 10:41,2025-06-07 20:52:00,2025-06-07 20:55:00,2025-06-07 20:58:00,2025-06-07 21:15:00,,4.85943,114.89897,4.79064,114.74205,3.5,17.09,1.06,22.65,FQ-8604,INV-541408,BND,VEH-967,Yes,Belait,8,Normal,9,4/8/2023,Pass
2025-06-01,11:03:06,"""CNR1752210""",Completed,"""CID3897629""",Premium,Muara,Lumut,4.4,30.3,,,,29.71,3.7,3.5,Dart Wallet,8.9,Brunei-Muara,Belait,,0.99,6.15,February,2024,Thursday,,5.3,OFF-200048,2/8/2024 11:02,rejected,2/8/2024 11:02,SESS-16338,2/8/2024 8:03,2/8/2024 13:03,2/8/2024 11:03,2025-06-01 20:00:00,2025-06-01 20:05:00,2025-06-01 20:14:00,2025-06-01 20:33:00,,4.85678,114.96516,4.68926,114.35637,3.5,3.92,2.42,9.84,FQ-5275,INV-419149,BND,VEH-510,Yes,Belait,11,Normal,12,5/28/2023,Pass
2025-06-10,18:52:21,"""CNR5527486""",Completed,"""CID1522967""",Premium,Berakas,Berakas,3.1,10.9,,,,10.85,4.8,3.5,Card,26.0,Brunei-Muara,Tutong,Ridhwan Bakar,3.3,19.2,November,2024,Tuesday,1.0,11.1,OFF-200179,11/12/2024 18:51,accepted,11/12/2024 18:51,SESS-20959,11/12/2024 15:52,11/12/2024 20:52,11/12/2024 18:52,2025-06-10 14:04:00,2025-06-10 14:05:00,2025-06-10 14:12:00,2025-06-10 14:57:00,,4.91079,114.87978,4.68273,114.73974,3.5,2.04,0.87,10.62,FQ-7306,INV-318395,BND,VEH-504,Yes,Brunei-Muara,12,High Demand Zone,9,6/20/2023,Pass
2025-06-30,17:14:49,"""CNR1552056""",Completed,"""CID6419575""",Compact,Berakas,Kuala Belait,5.3,43.3,1.0,,,28.29,4.8,4.8,Card,24.15,Belait,Brunei-Muara,Ahmad Zaki,6.03,20.39,January,2024,Monday,0.0,11.1,OFF-200169,1/29/2024 17:14,accepted,1/29/2024 17:14,SESS-75925,1/29/2024 13:14,1/29/2024 19:14,1/29/2024 17:14,2025-06-30 02:52:00,2025-06-30 02:53:00,2025-06-30 03:01:00,2025-06-30 03:14:00,1/29/2024 17:16,4.51246,114.39622,4.87596,114.88295,3.5,3.92,3.46,14.6,FQ-8820,INV-663993,BND,VEH-696,Yes,Tutong,11,High Demand Zone,6,7/20/2023,Pass
2025-06-03,14:10:46,"""CNR2103354""",Completed,"""CID6530202""",Compact,Sengkurong,Mentiri,12.6,26.5,,,,9.53,3.9,4.4,Card,30.34,Belait,Brunei-Muara,Haji Ramli,4.16,19.33,May,2024,Saturday,1.0,4.0,OFF-200069,5/18/2024 14:09,accepted,5/18/2024 14:09,SESS-68895,5/18/2024 12:10,5/18/2024 16:10,5/18/2024 14:10,2025-06-03 03:02:00,2025-06-03 03:04:00,2025-06-03 03:09:00,2025-06-03 03:22:00,,4.51288,114.20722,4.95763,114.92478,3.5,19.42,2.12,25.04,FQ-9309,INV-240062,BND,VEH-355,Yes,Temburong,4,Normal,8,8/9/2023,Pass
2025-06-05,15:02:29,"""CNR6886384""",Cancelled,"""CID6455263""",Compact,Bandar Seri Begawan,Lambak,13.0,10.2,,,,21.66,4.2,4.9,Online Banking,8.73,Belait,Brunei-Muara,Zulhelmi Ishak,1.51,6.38,November,2024,Tuesday,0.0,5.5,OFF-200014,11/19/2024 15:02,rejected,11/19/2024 15:02,SESS-38008,11/19/2024 10:02,11/19/2024 17:02,11/19/2024 15:02,2025-06-05 16:31:00,2025-06-05 16:32:00,2025-06-05 16:37:00,2025-06-05 17:13:00,,4.57292,114.14499,4.85556,114.96281,3.5,7.24,0.82,19.45,FQ-8698,INV-370782,BND,VEH-353,Yes,Temburong,4,High Demand Zone,6,1/8/2023,Pass
2025-06-19,18:36:15,"""CNR1590185""",Completed,"""CID8780721""",SUV,Berakas,Jangsak,4.4,39.1,,,,11.94,3.6,3.9,Dart Wallet,16.6,Brunei-Muara,Belait,Ridhwan Bakar,3.76,10.61,January,2024,Wednesday,1.0,10.5,OFF-200053,1/17/2024 18:35,accepted,1/17/2024 18:35,SESS-20959,1/17/2024 16:36,1/17/2024 21:36,1/17/2024 18:36,2025-06-19 12:36:00,2025-06-19 12:38:00,2025-06-19 12:40:00,2025-06-19 13:22:00,,4.85942,114.88967,4.58792,114.20926,3.5,3.51,3.13,15.18,FQ-5150,INV-947070,BND,VEH-504,Yes,Belait,4,High Demand Zone,9,3/23/2023,Pass
2025-06-25,14:53:05,"""CNR9806462""",Cancelled,"""CID3361602""",Premium,Kiulap,Jangsak,14.3,42.5,,,,11.66,4.2,3.5,Dart Wallet,16.84,Brunei-Muara,Belait,Dayangku Siti,2.37,12.2,April,2024,Saturday,0.0,7.0,OFF-200187,4/6/2024 14:52,rejected,4/6/2024 14:52,SESS-38322,4/6/2024 12:53,4/6/2024 17:53,4/6/2024 14:53,2025-06-25 02:05:00,2025-06-25 02:08:00,2025-06-25 02:18:00,2025-06-25 02:51:00,4/6/2024 15:00,4.90633,114.94813,4.66645,114.22783,3.5,3.92,3.4,16.02,FQ-8440,INV-511256,BND,VEH-618,Yes,Belait,4,High Demand Zone,6,9/25/2023,Pass
2025-06-09,10:01:49,"""CNR5994386""",Completed,"""CID5100180""",Sedan,Tutong Town,Muara,9.6,17.4,,,,6.81,4.7,4.0,Cash,4.23,Brunei-Muara,Brunei-Muara,Hamid Rashid,0.63,2.75,June,2024,Wednesday,0.0,6.7,OFF-200100,6/12/2024 10:01,accepted,6/12/2024 10:01,SESS-39154,6/12/2024 6:01,6/12/2024 11:01,6/12/2024 10:01,2025-06-09 19:58:00,2025-06-09 20:01:00,2025-06-09 20:04:00,2025-06-09 20:31:00,,4.85784,114.86004,4.91782,114.92255,3.5,6.97,1.39,10.86,FQ-9392,INV-788877,BND,VEH-750,Yes,Brunei-Muara,10,Normal,2,1/1/2024,Pass
2025-06-22,15:21:24,"""CNR1726678""",Cancelled,"""CID2637835""",Premium,Gadong,Kuala Belait,7.1,13.1,,,,22.98,4.9,5.0,Online Banking,29.3,Tutong,Brunei-Muara,Ahmad Zaki,5.8,17.67,May,2024,Sunday,0.0,5.6,OFF-200007,5/19/2024 15:20,rejected,5/19/2024 15:20,SESS-75925,5/19/2024 10:21,5/19/2024 16:21,5/19/2024 15:21,2025-06-22 08:03:00,2025-06-22 08:08:00,2025-06-22 08:12:00,2025-06-22 08:55:00,,4.66308,114.65802,4.9547,114.94315,3.5,8.73,1.05,15.28,FQ-9838,INV-276437,BND,VEH-696,Yes,Tutong,4,Normal,13,2/20/2023,Pass
2025-06-28,8:02:31,"""CNR9210055""",Completed,"""CID2341391""",Compact,Tutong Beach,Bangar,9.5,34.1,1.0,,,6.45,4.2,3.8,Dart Wallet,13.02,Brunei-Muara,Brunei-Muara,Fadhil Junaidi,2.67,10.32,March,2024,Friday,0.0,7.6,OFF-200052,3/8/2024 8:02,accepted,3/8/2024 8:02,SESS-29233,3/8/2024 4:02,3/8/2024 9:02,3/8/2024 8:02,2025-06-28 12:05:00,2025-06-28 12:09:00,2025-06-28 12:14:00,2025-06-28 12:33:00,3/8/2024 8:04,4.89535,114.86483,4.86959,114.89999,3.5,3.92,2.73,10.15,FQ-6058,INV-126854,BND,VEH-642,Yes,Belait,13,Normal,8,8/20/2023,Pass
2025-06-18,13:56:24,"""CNR5195905""",Cancelled,"""CID6060819""",Premium,Lumut,Sengkurong,6.0,37.1,1.0,,,12.7,3.5,4.0,Card,24.94,Belait,Tutong,Nabilah Hassan,4.51,19.82,June,2024,Monday,0.0,9.6,OFF-200059,6/10/2024 13:55,rejected,6/10/2024 13:55,SESS-68128,6/10/2024 10:56,6/10/2024 14:56,6/10/2024 13:56,2025-06-18 00:16:00,2025-06-18 00:19:00,2025-06-18 00:23:00,2025-06-18 00:36:00,6/10/2024 14:02,4.67708,114.20374,4.71426,114.64436,3.5,3.92,2.97,14.39,FQ-5551,INV-725131,BND,VEH-713,Yes,Brunei-Muara,12,Normal,14,10/24/2023,Pass
2025-06-26,10:49:18,"""CNR3535477""",Cancelled by Driver,"""CID7165580""",Compact,Rimba,Berakas,14.2,34.8,,,,4.15,3.6,4.8,Cash,9.03,Brunei-Muara,Belait,Awangku Mohd,1.51,6.7,October,2024,Friday,1.0,6.1,OFF-200107,10/25/2024 10:48,rejected,10/25/2024 10:48,SESS-35925,10/25/2024 6:49,10/25/2024 11:49,10/25/2024 10:49,2025-06-26 01:52:00,2025-06-26 01:55:00,2025-06-26 01:59:00,2025-06-26 02:12:00,10/25/2024 10:55,4.9016,114.93996,4.65616,114.3252,3.5,3.92,2.78,15.2,FQ-6907,INV-558468,BND,VEH-727,Yes,Temburong,4,Normal,11,2/22/2023,Pass
2025-06-04,9:55:48,"""CNR4076785""",Cancelled,"""CID4419792""",SUV,Gadong,Lambak,11.7,29.7,,,,9.44,3.5,4.1,Cash,9.59,Brunei-Muara,Belait,Ahmad Zaki,1.61,7.01,December,2024,Tuesday,1.0,7.7,OFF-200004,12/3/2024 9:55,accepted,12/3/2024 9:55,SESS-75925,12/3/2024 4:55,12/3/2024 11:55,12/3/2024 9:55,2025-06-04 21:28:00,2025-06-04 21:33:00,2025-06-04 21:35:00,2025-06-04 21:51:00,,4.89715,114.85574,4.588,114.39263,3.5,5.43,2.38,10.81,FQ-9216,INV-903863,BND,VEH-696,Yes,Temburong,5,Normal,6,1/15/2024,Pass
2025-06-11,18:40:17,"""CNR4802995""",Completed,"""CID9514652""",Compact,Lumut,Bandar Seri Begawan,12.5,36.3,,,,24.72,4.0,4.4,Card,12.91,Belait,Tutong,Faisal Hakimi,1.6,9.89,May,2024,Thursday,0.0,4.8,OFF-200102,5/16/2024 18:39,accepted,5/16/2024 18:39,SESS-85181,5/16/2024 14:40,5/16/2024 20:40,5/16/2024 18:40,2025-06-11 13:20:00,2025-06-11 13:22:00,2025-06-11 13:25:00,2025-06-11 13:40:00,,4.54355,114.15799,4.71193,114.62513,3.5,19.53,2.9,26.93,FQ-7602,INV-485042,BND,VEH-126,Yes,Temburong,7,Normal,9,1/19/2024,Pass
2025-06-07,19:39:10,"""CNR9815636""",Cancelled by Driver,"""CID4412852""",Sedan,Serusop,Jangsak,4.1,40.1,,,,27.4,4.6,4.4,Dart Wallet,19.83,Brunei-Muara,Tutong,Ahmad Zaki,3.35,16.26,November,2024,Friday,0.0,8.2,OFF-200195,11/1/2024 19:38,accepted,11/1/2024 19:38,SESS-75925,11/1/2024 16:39,11/1/2024 22:39,11/1/2024 19:39,2025-06-07 16:37:00,2025-06-07 16:39:00,2025-06-07 16:45:00,2025-06-07 17:19:00,,4.93874,114.93587,4.66206,114.61835,3.5,6.77,3.21,13.48,FQ-5429,INV-993095,BND,VEH-696,Yes,Brunei-Muara,11,Normal,8,6/7/2023,Pass
2025-06-10,14:52:48,"""CNR8894376""",Cancelled by Driver,"""CID3051177""",SUV,Lambak,Mata-Mata,12.8,14.5,,,,27.41,4.9,4.1,Card,17.65,Brunei-Muara,Brunei-Muara,Haji Ramli,3.27,11.4,May,2024,Thursday,1.0,10.6,OFF-200005,5/30/2024 14:51,rejected,5/30/2024 14:52,SESS-68895,5/30/2024 9:52,5/30/2024 15:52,5/30/2024 14:52,2025-06-10 20:46:00,2025-06-10 20:49:00,2025-06-10 20:56:00,2025-06-10 21:30:00,,4.9457,114.87944,4.90929,114.97515,3.5,10.93,1.16,15.59,FQ-5230,INV-964154,BND,VEH-355,Yes,Temburong,4,Normal,5,10/1/2023,Pass
2025-06-08,16:48:05,"""CNR9060565""",Completed,"""CID8916050""",Compact,Berakas,Lumut,7.7,28.4,,,,15.63,3.8,3.7,Cash,27.17,Brunei-Muara,Brunei-Muara,Syafiqah Yusof,4.39,21.6,July,2024,Monday,1.0,5.7,OFF-200108,7/29/2024 16:47,accepted,7/29/2024 16:47,SESS-20137,7/29/2024 14:48,7/29/2024 17:48,7/29/2024 16:48,2025-06-08 05:04:00,2025-06-08 05:07:00,2025-06-08 05:17:00,2025-06-08 06:02:00,,4.94133,114.96168,4.92891,114.91703,3.5,12.7,2.27,26.2,FQ-7952,INV-884997,BND,VEH-214,Yes,Brunei-Muara,9,High Demand Zone,6,11/4/2023,Pass
2025-06-02,11:37:57,"""CNR5547305""",Completed,"""CID8378248""",Compact,Rimba,Berakas,4.0,41.7,1.0,,,27.6,3.6,4.2,Cash,6.67,Brunei-Muara,Tutong,Abdul Rahman,1.42,4.55,May,2024,Tuesday,1.0,6.4,OFF-200115,5/14/2024 11:37,accepted,5/14/2024 11:37,SESS-85776,5/14/2024 6:37,5/14/2024 12:37,5/14/2024 11:37,2025-06-02 13:48:00,2025-06-02 13:52:00,2025-06-02 14:01:00,2025-06-02 14:10:00,5/14/2024 11:39,4.96478,114.90201,4.66991,114.71213,3.5,3.92,3.34,11.76,FQ-9082,INV-124354,BND,VEH-428,Yes,Tutong,5,Normal,5,6/6/2023,Pass
2025-06-18,17:31:22,"""CNR4715373""",Completed,"""CID7822710""",Sedan,Lambak,Lambak,10.7,27.9,,,,22.5,3.9,3.5,Cash,6.97,Brunei-Muara,Brunei-Muara,Aiman Hakim,1.4,4.48,September,2024,Wednesday,1.0,10.6,OFF-200093,9/25/2024 17:30,accepted,9/25/2024 17:30,SESS-93521,9/25/2024 15:31,9/25/2024 18:31,9/25/2024 17:31,2025-06-18 21:07:00,2025-06-18 21:11:00,2025-06-18 21:15:00,2025-06-18 21:48:00,,4.89293,114.96698,4.90829,114.89094,3.5,8.55,2.23,26.42,FQ-7920,INV-521352,BND,VEH-146,Yes,Tutong,7,High Demand Zone,14,9/28/2023,Pass
2025-06-15,11:25:18,"""CNR8311141""",Completed,"""CID4377550""",Sedan,Jangsak,Kiulap,3.9,21.9,,,,1.14,4.1,4.9,Dart Wallet,4.68,Brunei-Muara,Brunei-Muara,Nabilah Hassan,1.01,3.71,July,2024,Saturday,0.0,8.5,OFF-200046,7/6/2024 11:24,rejected,7/6/2024 11:24,SESS-68128,7/6/2024 6:25,7/6/2024 13:25,7/6/2024 11:25,2025-06-15 11:04:00,2025-06-15 11:09:00,2025-06-15 11:11:00,2025-06-15 11:29:00,7/6/2024 11:29,4.85366,114.90238,4.87389,114.88302,3.5,3.92,1.75,10.46,FQ-8617,INV-775885,BND,VEH-713,Yes,Belait,14,High Demand Zone,9,7/30/2023,Pass
2025-06-08,14:41:56,"""CNR3422152""",Completed,"""CID9604726""",Sedan,Mentiri,Berakas,13.5,42.5,,,,2.28,4.4,4.0,Card,26.17,Tutong,Brunei-Muara,Siti Aminah,5.82,19.06,December,2024,Thursday,0.0,11.0,OFF-200098,12/26/2024 14:41,accepted,12/26/2024 14:41,SESS-19622,12/26/2024 9:41,12/26/2024 17:41,12/26/2024 14:41,2025-06-08 05:56:00,2025-06-08 05:57:00,2025-06-08 06:05:00,2025-06-08 06:11:00,,4.71618,114.76674,4.86274,114.94378,3.5,12.76,3.4,26.57,FQ-7001,INV-280068,BND,VEH-614,Yes,Brunei-Muara,11,High Demand Zone,14,1/29/2023,Pass
2025-06-20,11:31:06,"""CNR6103529""",Completed,"""CID5523739""",Sedan,Muara,Berakas,13.3,43.0,,1.0,Other Issue,19.97,4.5,3.8,Online Banking,3.48,Tutong,Brunei-Muara,Haji Ramli,0.46,2.1,May,2024,Friday,1.0,10.0,OFF-200054,5/17/2024 11:30,accepted,5/17/2024 11:30,SESS-68895,5/17/2024 7:31,5/17/2024 13:31,5/17/2024 11:31,2025-06-20 06:47:00,2025-06-20 06:51:00,2025-06-20 06:59:00,2025-06-20 07:38:00,,4.75317,114.63822,4.85107,114.9304,3.5,2.7,3.44,12.05,FQ-5830,INV-335610,BND,VEH-355,Yes,Brunei-Muara,4,High Demand Zone,8,1/28/2023,Pass
2025-06-09,5:07:15,"""CNR2934263""",Cancelled by Driver,"""CID3123182""",Compact,Mata-Mata,Kuala Belait,9.5,22.1,,,,3.75,4.9,4.1,Cash,11.06,Belait,Brunei-Muara,Khairul Anuar,2.15,7.53,March,2024,Monday,0.0,11.4,OFF-200167,3/25/2024 5:06,accepted,3/25/2024 5:06,SESS-78148,3/25/2024 2:07,3/25/2024 7:07,3/25/2024 5:07,2025-06-09 20:36:00,2025-06-09 20:37:00,2025-06-09 20:39:00,2025-06-09 21:07:00,,4.62353,114.31096,4.95954,114.93956,3.5,13.26,1.77,23.53,FQ-8646,INV-555702,BND,VEH-476,Yes,Belait,14,Normal,2,6/14/2023,Pass
2025-06-25,12:28:08,"""CNR8559128""",Cancelled,"""CID1831657""",Sedan,Bandar Seri Begawan,Mentiri,4.4,42.0,,,,21.43,3.7,4.6,Dart Wallet,19.11,Brunei-Muara,Tutong,Mustafa Kamal,1.97,11.53,October,2024,Monday,0.0,6.2,OFF-200051,10/14/2024 12:27,accepted,10/14/2024 12:27,SESS-19846,10/14/2024 8:28,10/14/2024 13:28,10/14/2024 12:28,2025-06-25 22:01:00,2025-06-25 22:04:00,2025-06-25 22:08:00,2025-06-25 22:34:00,,4.91015,114.9056,4.7977,114.71322,3.5,12.08,3.36,33.41,FQ-9715,INV-567503,BND,VEH-726,Yes,Temburong,7,High Demand Zone,12,3/3/2023,Pass
2025-06-08,13:57:22,"""CNR8878134""",Completed,"""CID7848826""",Premium,Sengkurong,Lumut,14.1,10.4,,,,2.1,4.6,4.9,Card,9.54,Belait,Brunei-Muara,Sufian bin Haji Ali,1.81,7.93,May,2024,Saturday,1.0,4.9,OFF-200143,5/18/2024 13:56,rejected,5/18/2024 13:56,SESS-22883,5/18/2024 9:57,5/18/2024 16:57,5/18/2024 13:57,2025-06-08 23:23:00,2025-06-08 23:24:00,2025-06-08 23:27:00,2025-06-08 23:47:00,5/18/2024 14:03,4.58179,114.11543,4.8958,114.95953,3.5,3.92,0.83,10.25,FQ-9245,INV-966726,BND,VEH-473,Yes,Belait,12,Normal,2,5/17/2023,Pass
2025-06-11,16:14:46,"""CNR8215682""",Completed,"""CID4968980""",SUV,Kuala Belait,Gadong,14.6,11.8,,,,2.57,4.5,4.7,Online Banking,9.59,Brunei-Muara,Tutong,Awangku Mohd,2.38,7.95,February,2024,Saturday,0.0,6.9,OFF-200012,2/10/2024 16:14,accepted,2/10/2024 16:14,SESS-35925,2/10/2024 11:14,2/10/2024 17:14,2/10/2024 16:14,2025-06-11 04:10:00,2025-06-11 04:15:00,2025-06-11 04:17:00,2025-06-11 04:42:00,,4.93645,114.91644,4.81403,114.7482,3.5,10.1,0.94,14.54,FQ-9491,INV-310926,BND,VEH-727,Yes,Temburong,12,Normal,11,2/3/2023,Pass
2025-06-08,11:30:11,"""CNR4645249""",Completed,"""CID5962991""",Sedan,Jangsak,Gadong,10.9,20.2,,,,29.77,4.3,3.8,Dart Wallet,4.67,Brunei-Muara,Brunei-Muara,Mohd Hafiz,0.55,3.9,November,2024,Monday,1.0,11.8,OFF-200113,11/25/2024 11:29,accepted,11/25/2024 11:29,SESS-37455,11/25/2024 7:30,11/25/2024 12:30,11/25/2024 11:30,2025-06-08 19:42:00,2025-06-08 19:45:00,2025-06-08 19:55:00,2025-06-08 20:24:00,,4.95986,114.91957,4.96214,114.86915,3.5,5.53,1.62,12.65,FQ-6461,INV-161985,BND,VEH-678,Yes,Belait,13,Normal,9,11/5/2023,Pass
2025-06-26,11:54:01,"""CNR5104565""",Cancelled,"""CID1463708""",SUV,Kuala Belait,Lambak,12.3,39.4,,,,9.79,4.8,3.8,Card,22.39,Tutong,Brunei-Muara,Aiman Hakim,5.49,16.66,June,2024,Tuesday,0.0,8.3,OFF-200123,6/18/2024 11:53,accepted,6/18/2024 11:53,SESS-93521,6/18/2024 9:54,6/18/2024 14:54,6/18/2024 11:54,2025-06-26 06:08:00,2025-06-26 06:12:00,2025-06-26 06:15:00,2025-06-26 06:52:00,,4.77393,114.7443,4.9316,114.86791,3.5,6.15,3.15,17.0,FQ-8434,INV-155340,BND,VEH-146,Yes,Temburong,11,High Demand Zone,6,12/8/2023,Pass
2025-06-16,0:42:13,"""CNR9842517""",Cancelled,"""CID2039565""",Compact,Jangsak,Mata-Mata,3.1,42.0,1.0,,,13.39,4.3,4.0,Card,27.38,Belait,Tutong,Noraini Kassim,6.46,17.0,March,2024,Thursday,1.0,8.3,OFF-200105,3/28/2024 0:41,accepted,3/28/2024 0:41,SESS-88755,3/27/2024 20:42,3/28/2024 1:42,3/28/2024 0:42,2025-06-16 02:13:00,2025-06-16 02:15:00,2025-06-16 02:23:00,2025-06-16 02:53:00,3/28/2024 0:46,4.51263,114.12542,4.81386,114.63648,3.5,3.92,3.36,13.48,FQ-8012,INV-170247,BND,VEH-967,Yes,Temburong,11,High Demand Zone,13,2/9/2023,Pass
2025-06-18,10:28:25,"""CNR3519392""",Completed,"""CID4330172""",Compact,Jangsak,Kuala Belait,2.4,43.6,,,,14.61,4.3,3.5,Dart Wallet,7.37,Brunei-Muara,Belait,Farhana Yusof,0.95,4.71,March,2024,Sunday,1.0,10.4,OFF-200157,3/24/2024 10:28,accepted,3/24/2024 10:28,SESS-31967,3/24/2024 8:28,3/24/2024 12:28,3/24/2024 10:28,2025-06-18 22:59:00,2025-06-18 23:03:00,2025-06-18 23:11:00,2025-06-18 23:32:00,,4.85539,114.92572,4.62118,114.16166,3.5,1.65,3.49,11.8,FQ-8281,INV-481805,BND,VEH-674,Yes,Tutong,11,High Demand Zone,3,1/28/2023,Pass
2025-06-24,13:58:55,"""CNR4363142""",Cancelled,"""CID4559451""",Premium,Rimba,Lumut,6.9,14.2,,1.0,Vehicle Breakdown,4.61,4.9,4.6,Cash,34.76,Brunei-Muara,Brunei-Muara,Aiman Hakim,4.32,28.96,February,2024,Sunday,1.0,11.9,OFF-200146,2/18/2024 13:58,accepted,2/18/2024 13:58,SESS-93521,2/18/2024 10:58,2/18/2024 14:58,2/18/2024 13:58,2025-06-24 11:19:00,2025-06-24 11:23:00,2025-06-24 11:31:00,2025-06-24 12:01:00,,4.95034,114.9427,4.92638,114.97539,3.5,8.78,1.14,18.42,FQ-5217,INV-534343,BND,VEH-146,Yes,Tutong,6,Normal,11,6/17/2023,Pass
2025-06-25,18:03:59,"""CNR6443443""",Cancelled,"""CID1686959""",SUV,Rimba,Mata-Mata,7.6,16.6,,,,11.48,3.7,4.5,Card,32.49,Brunei-Muara,Brunei-Muara,Hamid Rashid,3.39,25.23,December,2024,Tuesday,1.0,4.3,OFF-200144,12/10/2024 18:03,accepted,12/10/2024 18:03,SESS-39154,12/10/2024 15:03,12/10/2024 21:03,12/10/2024 18:03,2025-06-25 23:10:00,2025-06-25 23:13:00,2025-06-25 23:22:00,2025-06-25 23:59:00,12/10/2024 18:08,4.88354,114.93049,4.97936,114.95369,3.5,3.92,1.33,17.12,FQ-6220,INV-852305,BND,VEH-750,Yes,Brunei-Muara,11,High Demand Zone,10,2/3/2023,Pass
2025-06-20,15:20:46,"""CNR4215294""",Cancelled,"""CID4665477""",Sedan,Gadong,Jerudong,4.8,13.5,,,,6.48,4.0,3.9,Dart Wallet,19.59,Belait,Brunei-Muara,Faisal Hakimi,4.4,13.83,January,2024,Wednesday,0.0,5.7,OFF-200119,1/10/2024 15:20,accepted,1/10/2024 15:20,SESS-85181,1/10/2024 11:20,1/10/2024 16:20,1/10/2024 15:20,2025-06-20 14:35:00,2025-06-20 14:37:00,2025-06-20 14:43:00,2025-06-20 14:57:00,,4.53101,114.19478,4.91683,114.93668,3.5,6.58,1.08,11.16,FQ-5787,INV-530245,BND,VEH-126,Yes,Belait,7,Normal,6,5/5/2023,Pass
2025-06-18,22:31:08,"""CNR9701090""",Completed,"""CID5501061""",SUV,Jerudong,Sengkurong,3.8,12.1,,,,1.19,4.7,3.6,Online Banking,25.37,Brunei-Muara,Brunei-Muara,Shahrul Nizam,4.41,16.29,April,2024,Wednesday,0.0,8.5,OFF-200062,4/24/2024 22:30,rejected,4/24/2024 22:30,SESS-93507,4/24/2024 20:31,4/25/2024 1:31,4/24/2024 22:31,2025-06-18 21:46:00,2025-06-18 21:50:00,2025-06-18 21:56:00,2025-06-18 22:25:00,4/24/2024 22:35,4.96124,114.90419,4.95828,114.92584,3.5,3.92,0.97,13.39,FQ-8734,INV-511415,BND,VEH-252,Yes,Brunei-Muara,7,Normal,14,4/7/2023,Pass
2025-06-14,18:24:57,"""CNR2835455""",Cancelled,"""CID5855006""",SUV,Sengkurong,Lambak,3.2,17.1,,,,4.2,4.6,3.8,Card,19.08,Brunei-Muara,Brunei-Muara,Shahrul Nizam,2.52,14.15,July,2024,Thursday,1.0,4.2,OFF-200018,7/4/2024 18:24,accepted,7/4/2024 18:24,SESS-93507,7/4/2024 14:24,7/4/2024 20:24,7/4/2024 18:24,2025-06-14 16:16:00,2025-06-14 16:18:00,2025-06-14 16:26:00,2025-06-14 16:49:00,,4.86728,114.89368,4.93924,114.92949,3.5,8.09,1.37,18.44,FQ-5925,INV-540658,BND,VEH-252,Yes,Belait,5,High Demand Zone,4,12/29/2023,Pass
2025-06-26,16:51:11,"""CNR2860348""",Cancelled,"""CID5578022""",Premium,Lambak,Bandar Seri Begawan,10.2,34.2,,,,10.92,3.7,4.5,Cash,11.86,Brunei-Muara,Brunei-Muara,Aiman Hakim,2.04,8.85,October,2024,Monday,0.0,10.2,OFF-200091,10/7/2024 16:50,accepted,10/7/2024 16:50,SESS-93521,10/7/2024 12:51,10/7/2024 19:51,10/7/2024 16:51,2025-06-26 06:02:00,2025-06-26 06:07:00,2025-06-26 06:16:00,2025-06-26 06:47:00,10/7/2024 16:57,4.85757,114.92409,4.9292,114.97063,3.5,3.92,2.74,9.66,FQ-5293,INV-275833,BND,VEH-146,Yes,Brunei-Muara,8,Normal,11,1/23/2023,Pass
2025-06-02,18:22:17,"""CNR2591553""",Cancelled,"""CID8719421""",Compact,Tutong Beach,Gadong,11.2,10.6,,,,18.53,4.0,4.0,Online Banking,27.22,Brunei-Muara,Brunei-Muara,Mohd Hafiz,5.51,18.62,June,2024,Saturday,0.0,4.7,OFF-200057,6/1/2024 18:21,rejected,6/1/2024 18:21,SESS-37455,6/1/2024 13:22,6/1/2024 20:22,6/1/2024 18:22,2025-06-02 08:45:00,2025-06-02 08:46:00,2025-06-02 08:48:00,2025-06-02 08:53:00,,4.91962,114.9778,4.86975,114.96503,3.5,13.64,0.85,25.49,FQ-7803,INV-510877,BND,VEH-678,Yes,Belait,10,High Demand Zone,8,7/5/2023,Pass
2025-06-08,8:57:26,"""CNR5472109""",Cancelled,"""CID5048206""",Sedan,Sengkurong,Mentiri,12.9,30.6,,,,26.75,3.9,4.8,Cash,26.21,Brunei-Muara,Brunei-Muara,Fadhil Junaidi,4.99,16.64,August,2024,Monday,1.0,6.7,OFF-200182,8/12/2024 8:57,rejected,8/12/2024 8:57,SESS-29233,8/12/2024 6:57,8/12/2024 9:57,8/12/2024 8:57,2025-06-08 11:29:00,2025-06-08 11:34:00,2025-06-08 11:42:00,2025-06-08 12:12:00,,4.91086,114.85067,4.89067,114.95317,3.5,7.64,2.45,16.09,FQ-6003,INV-661710,BND,VEH-642,Yes,Brunei-Muara,13,Normal,12,11/17/2023,Pass
2025-06-23,16:37:19,"""CNR7492796""",Completed,"""CID7866026""",Premium,Berakas,Gadong,2.3,31.7,,,,22.34,4.6,4.2,Cash,34.03,Belait,Brunei-Muara,,4.6,26.19,March,2024,Wednesday,,6.0,OFF-200089,3/13/2024 16:36,accepted,3/13/2024 16:36,SESS-16338,3/13/2024 13:37,3/13/2024 18:37,3/13/2024 16:37,2025-06-23 07:09:00,2025-06-23 07:14:00,2025-06-23 07:23:00,2025-06-23 07:56:00,,4.6872,114.36158,4.8765,114.87703,3.5,3.92,2.54,14.94,FQ-6417,INV-489304,BND,VEH-510,Yes,Temburong,12,High Demand Zone,13,7/31/2023,Pass
2025-06-26,17:37:07,"""CNR6403761""",Completed,"""CID4335550""",SUV,Kuala Belait,Berakas,4.6,32.9,1.0,,,9.74,3.8,4.8,Cash,28.5,Belait,Belait,Haji Ramli,5.2,21.9,May,2024,Thursday,0.0,9.3,OFF-200116,5/9/2024 17:36,rejected,5/9/2024 17:36,SESS-68895,5/9/2024 13:37,5/9/2024 18:37,5/9/2024 17:37,2025-06-26 02:12:00,2025-06-26 02:13:00,2025-06-26 02:22:00,2025-06-26 02:54:00,5/9/2024 17:43,4.56322,114.35532,4.52656,114.19165,3.5,3.92,2.63,12.05,FQ-5044,INV-648494,BND,VEH-355,Yes,Temburong,6,Normal,11,5/25/2023,Pass
2025-06-15,22:34:44,"""CNR2832932""",Completed,"""CID2093358""",Sedan,Lambak,Bandar Seri Begawan,4.0,33.3,,,,10.47,4.5,4.6,Dart Wallet,32.73,Brunei-Muara,Belait,Shahrul Nizam,4.65,22.78,September,2024,Thursday,1.0,9.3,OFF-200061,9/19/2024 22:33,accepted,9/19/2024 22:33,SESS-93507,9/19/2024 17:34,9/20/2024 0:34,9/19/2024 22:34,2025-06-15 03:23:00,2025-06-15 03:25:00,2025-06-15 03:30:00,2025-06-15 04:09:00,,4.97195,114.87802,4.52003,114.28066,3.5,18.22,2.66,35.47,FQ-5020,INV-287413,BND,VEH-252,Yes,Belait,12,High Demand Zone,9,9/7/2023,Pass
2025-06-29,20:58:36,"""CNR2834318""",Cancelled,"""CID5225614""",Sedan,Mentiri,Muara,5.0,33.7,,,,23.77,3.9,3.9,Online Banking,23.93,Tutong,Brunei-Muara,Azizul Hasni,3.96,20.14,September,2024,Tuesday,1.0,8.3,OFF-200022,9/24/2024 20:57,rejected,9/24/2024 20:57,SESS-32577,9/24/2024 18:58,9/24/2024 21:58,9/24/2024 20:58,2025-06-29 20:53:00,2025-06-29 20:57:00,2025-06-29 21:07:00,2025-06-29 21:20:00,9/24/2024 21:06,4.6951,114.61724,4.93418,114.88213,3.5,3.92,2.7,12.65,FQ-9106,INV-154394,BND,VEH-480,Yes,Brunei-Muara,13,High Demand Zone,14,9/1/2023,Pass
2025-06-10,17:20:25,"""CNR7374628""",Cancelled,"""CID6173671""",SUV,Jerudong,Sengkurong,12.6,11.9,,,,18.11,4.7,4.1,Online Banking,12.95,Belait,Belait,Siti Aminah,2.05,8.38,February,2024,Sunday,0.0,8.1,OFF-200126,2/25/2024 17:20,accepted,2/25/2024 17:20,SESS-19622,2/25/2024 14:20,2/25/2024 19:20,2/25/2024 17:20,2025-06-10 01:55:00,2025-06-10 02:00:00,2025-06-10 02:07:00,2025-06-10 02:17:00,2/25/2024 17:27,4.60897,114.3069,4.6399,114.15304,3.5,3.92,0.95,10.37,FQ-6571,INV-794826,BND,VEH-614,Yes,Belait,11,Normal,9,1/9/2023,Pass
2025-06-26,22:24:03,"""CNR9205944""",Completed,"""CID2975665""",Sedan,Jerudong,Rimba,10.1,35.5,,,,9.61,3.9,3.7,Dart Wallet,29.12,Belait,Brunei-Muara,,5.88,19.07,July,2024,Sunday,,7.6,OFF-200136,7/14/2024 22:23,accepted,7/14/2024 22:23,SESS-16338,7/14/2024 17:24,7/15/2024 1:24,7/14/2024 22:24,2025-06-26 21:44:00,2025-06-26 21:49:00,2025-06-26 21:59:00,2025-06-26 22:12:00,,4.65695,114.26303,4.96827,114.92521,3.5,3.92,2.84,10.26,FQ-7907,INV-658083,BND,VEH-510,Yes,Belait,10,Normal,14,9/8/2023,Pass
2025-06-24,10:56:12,"""CNR2608448""",Completed,"""CID5169769""",SUV,Tutong Town,Lumut,6.1,40.5,,,,24.5,4.9,4.8,Dart Wallet,4.88,Brunei-Muara,Tutong,Abdul Rahman,1.01,3.11,February,2024,Thursday,1.0,9.0,OFF-200139,2/8/2024 10:55,rejected,2/8/2024 10:55,SESS-85776,2/8/2024 7:56,2/8/2024 12:56,2/8/2024 10:56,2025-06-24 21:44:00,2025-06-24 21:47:00,2025-06-24 21:54:00,2025-06-24 22:01:00,,4.91423,114.9531,4.68149,114.62119,3.5,9.56,3.24,14.8,FQ-7105,INV-933646,BND,VEH-428,Yes,Brunei-Muara,9,Normal,7,4/8/2023,Pass
2025-06-08,17:19:45,"""CNR6672970""",Completed,"""CID7564583""",Sedan,Kuala Belait,Lambak,8.0,31.7,,,,29.72,3.9,4.3,Dart Wallet,24.69,Brunei-Muara,Brunei-Muara,Siti Aminah,3.92,19.49,June,2024,Tuesday,1.0,6.1,OFF-200128,6/25/2024 17:19,rejected,6/25/2024 17:19,SESS-19622,6/25/2024 15:19,6/25/2024 18:19,6/25/2024 17:19,2025-06-08 22:39:00,2025-06-08 22:43:00,2025-06-08 22:47:00,2025-06-08 22:55:00,,4.9663,114.86208,4.96658,114.88619,3.5,14.81,2.54,21.85,FQ-7717,INV-467365,BND,VEH-614,Yes,Temburong,14,Normal,10,2/25/2023,Pass
2025-06-23,18:22:17,"""CNR2591553""",Completed,"""CID8719421""",Premium,Mentiri,Kiulap,11.2,10.6,,,,14.99,3.8,4.7,Dart Wallet,17.14,Brunei-Muara,Brunei-Muara,Mohd Hafiz,2.25,14.13,June,2024,Saturday,0.0,4.7,OFF-200057,6/1/2024 18:21,accepted,6/1/2024 18:21,SESS-37455,6/1/2024 13:22,6/1/2024 20:22,6/1/2024 18:22,2025-06-23 06:35:00,2025-06-23 06:36:00,2025-06-23 06:44:00,2025-06-23 07:24:00,,4.91962,114.9778,4.86975,114.96503,3.5,13.64,0.85,25.49,FQ-7803,INV-510877,BND,VEH-678,Yes,Belait,10,High Demand Zone,8,7/5/2023,Pass
2025-06-21,20:35:44,"""CNR4134932""",Completed,"""CID6712001""",Sedan,Mata-Mata,Lambak,14.8,17.1,,,,2.52,5.0,4.4,Cash,8.75,Belait,Brunei-Muara,Syafiqah Yusof,1.73,7.39,July,2024,Friday,1.0,9.4,OFF-200121,7/19/2024 20:35,rejected,7/19/2024 20:35,SESS-20137,7/19/2024 16:35,7/19/2024 22:35,7/19/2024 20:35,2025-06-21 00:18:00,2025-06-21 00:20:00,2025-06-21 00:23:00,2025-06-21 01:04:00,,4.65002,114.36316,4.85119,114.97616,3.5,21.95,1.37,27.82,FQ-6666,INV-235039,BND,VEH-214,Yes,Temburong,5,Normal,1,6/4/2023,Pass
2025-06-21,16:24:48,"""CNR5785058""",Cancelled,"""CID7525538""",Premium,Rimba,Lumut,11.6,35.9,1.0,,,26.08,4.1,4.5,Card,27.89,Brunei-Muara,Brunei-Muara,Aiman Hakim,3.94,21.27,October,2024,Friday,0.0,5.5,OFF-200000,10/25/2024 16:24,accepted,10/25/2024 16:24,SESS-93521,10/25/2024 13:24,10/25/2024 18:24,10/25/2024 16:24,2025-06-21 23:22:00,2025-06-21 23:23:00,2025-06-21 23:25:00,2025-06-21 23:45:00,10/25/2024 16:30,4.87265,114.86109,4.91072,114.91494,3.5,3.92,2.87,12.86,FQ-5728,INV-132772,BND,VEH-146,Yes,Belait,8,High Demand Zone,6,1/1/2024,Pass
2025-06-04,11:23:19,"""CNR4177415""",Cancelled by Driver,"""CID9669131""",Premium,Gadong,Lumut,13.4,34.9,,,,30.0,4.0,3.7,Cash,15.29,Brunei-Muara,Brunei-Muara,Awangku Mohd,2.21,11.86,July,2024,Thursday,0.0,11.6,OFF-200033,7/11/2024 11:22,accepted,7/11/2024 11:22,SESS-35925,7/11/2024 9:23,7/11/2024 14:23,7/11/2024 11:23,2025-06-04 02:51:00,2025-06-04 02:56:00,2025-06-04 03:05:00,2025-06-04 03:17:00,,4.91262,114.9208,4.94035,114.91467,3.5,1.12,2.79,9.26,FQ-9127,INV-415560,BND,VEH-727,Yes,Belait,11,High Demand Zone,14,1/20/2023,Pass
2025-06-23,18:13:05,"""CNR8068577""",Completed,"""CID2385957""",Sedan,Bandar Seri Begawan,Tutong Beach,6.2,12.8,,,,21.16,3.6,4.0,Card,30.58,Brunei-Muara,Brunei-Muara,Ahmad Zaki,5.11,18.39,May,2024,Wednesday,1.0,8.7,OFF-200095,5/22/2024 18:12,accepted,5/22/2024 18:12,SESS-75925,5/22/2024 13:13,5/22/2024 19:13,5/22/2024 18:13,2025-06-23 17:05:00,2025-06-23 17:09:00,2025-06-23 17:11:00,2025-06-23 17:41:00,,4.94939,114.8792,4.89032,114.95803,3.5,3.61,1.02,8.66,FQ-8741,INV-864083,BND,VEH-696,Yes,Temburong,8,High Demand Zone,5,4/25/2023,Pass
2025-06-19,19:14:34,"""CNR2674741""",Completed,"""CID7007482""",Sedan,Kiulap,Bandar Seri Begawan,6.8,31.6,,,,28.41,4.3,4.9,Online Banking,16.54,Tutong,Brunei-Muara,,2.4,9.92,August,2024,Monday,,5.1,OFF-200125,8/5/2024 19:13,accepted,8/5/2024 19:13,SESS-16338,8/5/2024 15:14,8/5/2024 22:14,8/5/2024 19:14,2025-06-19 06:33:00,2025-06-19 06:38:00,2025-06-19 06:41:00,2025-06-19 06:56:00,,4.71669,114.70873,4.88169,114.90428,3.5,3.92,2.53,17.42,FQ-5760,INV-534541,BND,VEH-510,Yes,Tutong,9,High Demand Zone,4,8/20/2023,Pass
2025-06-26,12:20:32,"""CNR5687699""",Completed,"""CID6778217""",Premium,Mentiri,Tutong Beach,9.0,33.6,,,,6.45,4.4,4.9,Card,10.59,Belait,Tutong,,2.38,7.15,January,2024,Friday,,9.9,OFF-200117,1/26/2024 12:20,accepted,1/26/2024 12:20,SESS-16338,1/26/2024 9:20,1/26/2024 15:20,1/26/2024 12:20,2025-06-26 09:31:00,2025-06-26 09:33:00,2025-06-26 09:42:00,2025-06-26 10:21:00,,4.55386,114.17976,4.66007,114.60336,3.5,3.92,2.69,11.11,FQ-6513,INV-209562,BND,VEH-510,Yes,Temburong,5,Normal,5,1/5/2024,Pass
2025-06-07,10:10:26,"""CNR5962220""",Cancelled,"""CID3747067""",Premium,Bandar Seri Begawan,Bangar,13.8,19.7,,,,3.41,4.3,4.5,Online Banking,15.8,Brunei-Muara,Belait,Zulhelmi Ishak,2.59,10.48,March,2024,Wednesday,1.0,11.4,OFF-200047,3/13/2024 10:09,accepted,3/13/2024 10:09,SESS-38008,3/13/2024 5:10,3/13/2024 12:10,3/13/2024 10:10,2025-06-07 18:13:00,2025-06-07 18:18:00,2025-06-07 18:22:00,2025-06-07 18:44:00,3/13/2024 10:18,4.87729,114.86946,4.67722,114.27097,3.5,3.92,1.58,10.0,FQ-7793,INV-450849,BND,VEH-353,Yes,Temburong,14,Normal,7,4/9/2023,Pass
2025-06-03,18:49:30,"""CNR6338955""",Cancelled,"""CID6611339""",Premium,Mata-Mata,Serusop,4.4,20.5,,,,8.18,4.1,4.5,Dart Wallet,33.85,Brunei-Muara,Brunei-Muara,Noraini Kassim,6.08,22.6,July,2024,Sunday,1.0,8.4,OFF-200088,7/28/2024 18:48,accepted,7/28/2024 18:48,SESS-88755,7/28/2024 16:49,7/28/2024 21:49,7/28/2024 18:49,2025-06-03 20:38:00,2025-06-03 20:41:00,2025-06-03 20:46:00,2025-06-03 21:08:00,,4.90686,114.91577,4.93584,114.94313,3.5,16.12,1.64,36.89,FQ-5557,INV-822221,BND,VEH-967,Yes,Belait,8,High Demand Zone,12,8/3/2023,Pass
2025-06-11,17:37:07,"""CNR6403761""",Cancelled,"""CID4335550""",Sedan,Muara,Tutong Town,4.6,32.9,1.0,,,4.05,4.0,4.6,Cash,15.12,Belait,Belait,Haji Ramli,1.91,12.57,May,2024,Thursday,0.0,9.3,OFF-200116,5/9/2024 17:36,accepted,5/9/2024 17:36,SESS-68895,5/9/2024 13:37,5/9/2024 18:37,5/9/2024 17:37,2025-06-11 19:55:00,2025-06-11 19:58:00,2025-06-11 20:05:00,2025-06-11 20:33:00,5/9/2024 17:43,4.56322,114.35532,4.52656,114.19165,3.5,3.92,2.63,12.05,FQ-5044,INV-648494,BND,VEH-355,Yes,Belait,6,Normal,11,5/25/2023,Pass
2025-06-27,17:19:45,"""CNR6672970""",Completed,"""CID7564583""",Sedan,Bangar,Tutong Town,8.0,31.7,,,,12.3,4.3,5.0,Cash,33.29,Brunei-Muara,Brunei-Muara,Siti Aminah,7.03,22.85,June,2024,Tuesday,1.0,6.1,OFF-200128,6/25/2024 17:19,accepted,6/25/2024 17:19,SESS-19622,6/25/2024 15:19,6/25/2024 18:19,6/25/2024 17:19,2025-06-27 14:54:00,2025-06-27 14:59:00,2025-06-27 15:06:00,2025-06-27 15:44:00,,4.9663,114.86208,4.96658,114.88619,3.5,14.81,2.54,21.85,FQ-7717,INV-467365,BND,VEH-614,Yes,Tutong,14,Normal,10,2/25/2023,Pass
2025-06-20,8:32:15,"""CNR6495467""",Cancelled,"""CID6878640""",SUV,Tutong Beach,Serusop,11.8,42.6,,,,22.04,4.4,3.9,Card,4.69,Brunei-Muara,Brunei-Muara,Mohd Hafiz,0.97,3.96,March,2024,Saturday,0.0,5.4,OFF-200015,3/16/2024 8:31,accepted,3/16/2024 8:31,SESS-37455,3/16/2024 5:32,3/16/2024 9:32,3/16/2024 8:32,2025-06-20 12:23:00,2025-06-20 12:26:00,2025-06-20 12:30:00,2025-06-20 13:12:00,,4.9304,114.86475,4.90603,114.95647,3.5,14.26,3.41,22.17,FQ-8150,INV-441032,BND,VEH-678,Yes,Brunei-Muara,10,Normal,5,10/4/2023,Pass
2025-06-23,17:23:20,"""CNR5411958""",Completed,"""CID4138382""",SUV,Tutong Town,Mata-Mata,11.2,39.1,,1.0,Vehicle Breakdown,10.07,4.9,4.6,Online Banking,16.01,Belait,Brunei-Muara,Abdul Rahman,1.79,9.97,February,2024,Saturday,1.0,11.0,OFF-200188,2/3/2024 17:22,accepted,2/3/2024 17:22,SESS-85776,2/3/2024 14:23,2/3/2024 20:23,2/3/2024 17:23,2025-06-23 14:00:00,2025-06-23 14:04:00,2025-06-23 14:11:00,2025-06-23 14:44:00,,4.56702,114.28703,4.90079,114.96501,3.5,7.38,3.13,15.01,FQ-8424,INV-948366,BND,VEH-428,Yes,Tutong,10,Normal,10,11/10/2023,Pass
2025-06-06,20:22:11,"""CNR7665294""",Cancelled,"""CID5596375""",SUV,Gadong,Mata-Mata,3.1,22.3,,,,18.87,4.6,4.6,Dart Wallet,15.98,Brunei-Muara,Belait,Fadhil Junaidi,3.39,13.23,November,2024,Friday,1.0,7.6,OFF-200191,11/29/2024 20:21,accepted,11/29/2024 20:21,SESS-29233,11/29/2024 15:22,11/29/2024 22:22,11/29/2024 20:22,2025-06-06 17:52:00,2025-06-06 17:57:00,2025-06-06 18:03:00,2025-06-06 18:13:00,11/29/2024 20:24,4.86634,114.86194,4.61182,114.16108,3.5,3.92,1.78,10.2,FQ-8230,INV-513393,BND,VEH-642,Yes,Temburong,13,Normal,6,9/21/2023,Pass
2025-06-24,16:10:39,"""CNR5577217""",Completed,"""CID8907160""",SUV,Lambak,Tutong Beach,12.7,11.8,,,,15.9,4.1,4.1,Card,29.86,Belait,Brunei-Muara,Nurul Izzah,4.88,25.03,January,2024,Sunday,1.0,9.7,OFF-200190,1/7/2024 16:10,accepted,1/7/2024 16:10,SESS-35224,1/7/2024 14:10,1/7/2024 19:10,1/7/2024 16:10,2025-06-24 11:08:00,2025-06-24 11:13:00,2025-06-24 11:15:00,2025-06-24 11:53:00,,4.57503,114.32022,4.93087,114.86864,3.5,21.26,0.94,32.12,FQ-6966,INV-183163,BND,VEH-204,Yes,Temburong,11,High Demand Zone,4,1/14/2023,Pass
2025-06-04,11:54:21,"""CNR2312430""",Completed,"""CID9761509""",Premium,Kuala Belait,Lumut,10.0,39.5,,,,17.5,4.5,4.9,Online Banking,26.62,Brunei-Muara,Tutong,Shahrul Nizam,3.88,17.42,August,2024,Monday,0.0,8.1,OFF-200068,8/26/2024 11:53,accepted,8/26/2024 11:53,SESS-93507,8/26/2024 9:54,8/26/2024 12:54,8/26/2024 11:54,2025-06-04 10:47:00,2025-06-04 10:48:00,2025-06-04 10:58:00,2025-06-04 11:18:00,,4.93963,114.89716,4.80297,114.68201,3.5,7.54,3.16,16.2,FQ-6291,INV-968820,BND,VEH-252,Yes,Tutong,11,Normal,8,11/13/2023,Pass
2025-06-27,22:44:07,"""CNR5104274""",Completed,"""CID8512777""",Premium,Gadong,Jangsak,2.3,12.2,,,,26.82,4.2,3.7,Online Banking,3.16,Brunei-Muara,Brunei-Muara,Awangku Mohd,0.48,2.04,November,2024,Tuesday,0.0,5.6,OFF-200021,11/12/2024 22:43,accepted,11/12/2024 22:43,SESS-35925,11/12/2024 17:44,11/13/2024 0:44,11/12/2024 22:44,2025-06-27 01:49:00,2025-06-27 01:50:00,2025-06-27 01:59:00,2025-06-27 02:33:00,,4.87373,114.97463,4.94652,114.8756,3.5,17.0,0.98,34.22,FQ-6795,INV-107350,BND,VEH-727,Yes,Tutong,5,High Demand Zone,8,5/30/2023,Pass
2025-06-03,11:35:20,"""CNR3950515""",Cancelled,"""CID9062603""",Premium,Gadong,Serusop,8.2,14.2,1.0,,,11.57,5.0,3.9,Card,14.98,Brunei-Muara,Belait,Abdul Rahman,2.7,12.33,December,2024,Thursday,1.0,8.1,OFF-200092,12/26/2024 11:34,rejected,12/26/2024 11:34,SESS-85776,12/26/2024 6:35,12/26/2024 12:35,12/26/2024 11:35,2025-06-03 16:23:00,2025-06-03 16:24:00,2025-06-03 16:32:00,2025-06-03 16:46:00,12/26/2024 11:44,4.90952,114.9285,4.53955,114.11603,3.5,3.92,1.14,15.7,FQ-9328,INV-348133,BND,VEH-428,Yes,Temburong,11,High Demand Zone,3,1/1/2023,Pass
2025-06-22,17:23:58,"""CNR3230933""",Completed,"""CID4183914""",Sedan,Sengkurong,Berakas,10.1,24.1,,,,13.21,4.9,4.5,Card,7.28,Belait,Belait,Aiman Hakim,0.76,4.97,October,2024,Tuesday,1.0,11.4,OFF-200194,10/8/2024 17:23,accepted,10/8/2024 17:23,SESS-93521,10/8/2024 14:23,10/8/2024 18:23,10/8/2024 17:23,2025-06-22 13:59:00,2025-06-22 14:03:00,2025-06-22 14:10:00,2025-06-22 14:23:00,,4.5814,114.13564,4.66622,114.18027,3.5,17.27,1.93,28.38,FQ-6764,INV-759040,BND,VEH-146,Yes,Brunei-Muara,7,High Demand Zone,3,6/18/2023,Pass
2025-06-22,12:06:32,"""CNR1755879""",Completed,"""CID1823373""",Compact,Serusop,Mentiri,2.3,13.8,,,,23.99,4.5,3.5,Dart Wallet,33.65,Brunei-Muara,Brunei-Muara,,5.1,21.25,July,2024,Sunday,,11.0,OFF-200075,7/21/2024 12:05,accepted,7/21/2024 12:06,SESS-16338,7/21/2024 10:06,7/21/2024 13:06,7/21/2024 12:06,2025-06-22 07:53:00,2025-06-22 07:58:00,2025-06-22 08:07:00,2025-06-22 08:38:00,,4.88843,114.92228,4.88137,114.91752,3.5,3.92,1.1,12.65,FQ-8727,INV-645832,BND,VEH-510,Yes,Temburong,11,High Demand Zone,8,8/10/2023,Pass
2025-06-02,17:46:33,"""CNR2831131""",Cancelled,"""CID1170263""",Premium,Mata-Mata,Lumut,12.4,34.3,1.0,,,8.18,4.7,3.9,Online Banking,27.35,Tutong,Brunei-Muara,Aiman Hakim,4.83,17.45,May,2024,Sunday,0.0,10.5,OFF-200153,5/19/2024 17:46,accepted,5/19/2024 17:46,SESS-93521,5/19/2024 13:46,5/19/2024 18:46,5/19/2024 17:46,2025-06-02 21:40:00,2025-06-02 21:45:00,2025-06-02 21:53:00,2025-06-02 22:19:00,5/19/2024 17:51,4.66044,114.7135,4.89094,114.97557,3.5,3.92,2.74,15.2,FQ-9764,INV-621374,BND,VEH-146,Yes,Brunei-Muara,12,High Demand Zone,6,5/20/2023,Pass
2025-06-28,13:57:22,"""CNR8878134""",Cancelled by Driver,"""CID7848826""",SUV,Jerudong,Tutong Beach,14.1,10.4,,,,4.84,4.1,4.9,Card,10.34,Belait,Brunei-Muara,Sufian bin Haji Ali,2.57,6.3,May,2024,Saturday,1.0,4.9,OFF-200143,5/18/2024 13:56,accepted,5/18/2024 13:56,SESS-22883,5/18/2024 9:57,5/18/2024 16:57,5/18/2024 13:57,2025-06-28 08:34:00,2025-06-28 08:36:00,2025-06-28 08:44:00,2025-06-28 09:04:00,5/18/2024 14:03,4.58179,114.11543,4.8958,114.95953,3.5,3.92,0.83,10.25,FQ-9245,INV-966726,BND,VEH-473,Yes,Temburong,12,Normal,2,5/17/2023,Pass
2025-06-20,14:11:18,"""CNR7599370""",Cancelled,"""CID2185983""",Premium,Muara,Muara,11.3,32.9,,,,19.67,4.0,3.9,Dart Wallet,19.32,Brunei-Muara,Brunei-Muara,Ibrahim Daud,2.71,13.06,May,2024,Friday,1.0,11.2,OFF-200178,5/17/2024 14:10,accepted,5/17/2024 14:10,SESS-97398,5/17/2024 10:11,5/17/2024 16:11,5/17/2024 14:11,2025-06-20 05:53:00,2025-06-20 05:57:00,2025-06-20 06:05:00,2025-06-20 06:13:00,5/17/2024 14:13,4.8752,114.94021,4.90569,114.86229,3.5,3.92,2.63,10.05,FQ-5244,INV-752074,BND,VEH-819,Yes,Tutong,10,Normal,6,2/12/2023,Pass
2025-06-14,10:41:11,"""CNR1282098""",Cancelled,"""CID4893475""",SUV,Kiulap,Mentiri,11.5,13.3,,,,3.92,4.0,4.0,Online Banking,32.07,Brunei-Muara,Tutong,Noraini Kassim,7.77,20.72,December,2024,Monday,1.0,10.8,OFF-200085,12/16/2024 10:40,accepted,12/16/2024 10:40,SESS-88755,12/16/2024 8:41,12/16/2024 13:41,12/16/2024 10:41,2025-06-14 07:15:00,2025-06-14 07:16:00,2025-06-14 07:20:00,2025-06-14 07:28:00,,4.85943,114.89897,4.79064,114.74205,3.5,17.09,1.06,22.65,FQ-8604,INV-541408,BND,VEH-967,Yes,Brunei-Muara,8,Normal,9,4/8/2023,Pass
2025-06-04,7:57:52,"""CNR2678197""",Completed,"""CID7334919""",Premium,Sengkurong,Tutong Beach,9.5,32.7,,,,3.53,3.6,4.4,Card,21.7,Brunei-Muara,Brunei-Muara,Nurul Izzah,4.22,13.6,September,2024,Wednesday,0.0,4.0,OFF-200184,9/25/2024 7:57,accepted,9/25/2024 7:57,SESS-35224,9/25/2024 2:57,9/25/2024 8:57,9/25/2024 7:57,2025-06-04 20:53:00,2025-06-04 20:56:00,2025-06-04 21:00:00,2025-06-04 21:40:00,,4.85129,114.86578,4.9116,114.86929,3.5,1.26,2.62,14.22,FQ-7563,INV-931902,BND,VEH-204,Yes,Tutong,9,High Demand Zone,14,8/26/2023,Pass
2025-06-30,18:45:44,"""CNR8732810""",Cancelled,"""CID7655227""",Premium,Bandar Seri Begawan,Bangar,2.9,15.8,,,,5.46,4.8,4.6,Online Banking,20.07,Belait,Belait,Awangku Mohd,3.27,12.68,December,2024,Saturday,1.0,7.6,OFF-200028,12/14/2024 18:45,accepted,12/14/2024 18:45,SESS-35925,12/14/2024 13:45,12/14/2024 21:45,12/14/2024 18:45,2025-06-30 20:43:00,2025-06-30 20:47:00,2025-06-30 20:52:00,2025-06-30 21:09:00,,4.68325,114.27029,4.57895,114.31538,3.5,20.26,1.26,37.53,FQ-7757,INV-663724,BND,VEH-727,Yes,Brunei-Muara,11,High Demand Zone,5,5/3/2023,Pass
2025-06-25,11:54:21,"""CNR2312430""",Completed,"""CID9761509""",Compact,Bandar Seri Begawan,Lumut,10.0,39.5,,,,4.74,4.5,4.7,Cash,25.29,Brunei-Muara,Tutong,Shahrul Nizam,4.68,15.46,August,2024,Monday,0.0,8.1,OFF-200068,8/26/2024 11:53,accepted,8/26/2024 11:53,SESS-93507,8/26/2024 9:54,8/26/2024 12:54,8/26/2024 11:54,2025-06-25 17:12:00,2025-06-25 17:13:00,2025-06-25 17:22:00,2025-06-25 17:50:00,,4.93963,114.89716,4.80297,114.68201,3.5,7.54,3.16,16.2,FQ-6291,INV-968820,BND,VEH-252,Yes,Temburong,11,Normal,8,11/13/2023,Pass
2025-06-24,11:25:18,"""CNR8311141""",Cancelled,"""CID4377550""",Compact,Jangsak,Tutong Beach,3.9,21.9,,,,1.1,4.9,3.5,Dart Wallet,9.62,Brunei-Muara,Brunei-Muara,Nabilah Hassan,1.82,7.15,July,2024,Saturday,0.0,8.5,OFF-200046,7/6/2024 11:24,accepted,7/6/2024 11:24,SESS-68128,7/6/2024 6:25,7/6/2024 13:25,7/6/2024 11:25,2025-06-24 12:20:00,2025-06-24 12:21:00,2025-06-24 12:31:00,2025-06-24 13:10:00,7/6/2024 11:29,4.85366,114.90238,4.87389,114.88302,3.5,3.92,1.75,10.46,FQ-8617,INV-775885,BND,VEH-713,Yes,Belait,14,High Demand Zone,9,7/30/2023,Pass
2025-06-17,17:31:22,"""CNR4715373""",Completed,"""CID7822710""",Sedan,Kuala Belait,Tutong Town,10.7,27.9,,,,9.46,3.7,3.9,Card,20.07,Brunei-Muara,Brunei-Muara,Aiman Hakim,4.84,15.25,September,2024,Wednesday,1.0,10.6,OFF-200093,9/25/2024 17:30,accepted,9/25/2024 17:30,SESS-93521,9/25/2024 15:31,9/25/2024 18:31,9/25/2024 17:31,2025-06-17 14:23:00,2025-06-17 14:26:00,2025-06-17 14:32:00,2025-06-17 15:10:00,,4.89293,114.96698,4.90829,114.89094,3.5,8.55,2.23,26.42,FQ-7920,INV-521352,BND,VEH-146,Yes,Belait,7,High Demand Zone,14,9/28/2023,Pass
2025-06-28,2:54:41,"""CNR4689937""",Completed,"""CID3896706""",Premium,Gadong,Sengkurong,4.1,44.0,,,,12.84,4.7,3.6,Online Banking,26.11,Brunei-Muara,Belait,Abdul Rahman,3.88,19.66,August,2024,Wednesday,1.0,7.0,OFF-200189,8/28/2024 2:54,accepted,8/28/2024 2:54,SESS-85776,8/27/2024 21:54,8/28/2024 4:54,8/28/2024 2:54,2025-06-28 01:31:00,2025-06-28 01:36:00,2025-06-28 01:41:00,2025-06-28 02:01:00,8/28/2024 2:58,4.91149,114.92542,4.69683,114.35312,3.5,3.92,3.52,14.68,FQ-6394,INV-575507,BND,VEH-428,Yes,Brunei-Muara,10,High Demand Zone,13,4/3/2023,Pass
2025-06-27,15:47:22,"""CNR4140742""",Cancelled by Driver,"""CID4274650""",Compact,Bangar,Jerudong,11.1,35.5,,,,7.4,4.6,4.7,Online Banking,29.14,Brunei-Muara,Brunei-Muara,Hamid Rashid,5.46,19.44,January,2024,Monday,1.0,8.6,OFF-200196,1/8/2024 15:46,accepted,1/8/2024 15:46,SESS-39154,1/8/2024 13:47,1/8/2024 17:47,1/8/2024 15:47,2025-06-27 11:07:00,2025-06-27 11:10:00,2025-06-27 11:14:00,2025-06-27 11:36:00,,4.89082,114.88352,4.90863,114.87058,3.5,18.49,2.84,37.24,FQ-6073,INV-930203,BND,VEH-750,Yes,Brunei-Muara,7,High Demand Zone,13,4/17/2023,Pass
2025-06-05,13:57:22,"""CNR8878134""",Completed,"""CID7848826""",SUV,Bandar Seri Begawan,Lumut,14.1,10.4,,,,15.23,3.7,3.5,Dart Wallet,9.04,Belait,Brunei-Muara,Sufian bin Haji Ali,1.78,7.07,May,2024,Saturday,1.0,4.9,OFF-200143,5/18/2024 13:56,accepted,5/18/2024 13:56,SESS-22883,5/18/2024 9:57,5/18/2024 16:57,5/18/2024 13:57,2025-06-05 14:05:00,2025-06-05 14:07:00,2025-06-05 14:14:00,2025-06-05 14:46:00,5/18/2024 14:03,4.58179,114.11543,4.8958,114.95953,3.5,3.92,0.83,10.25,FQ-9245,INV-966726,BND,VEH-473,Yes,Temburong,12,Normal,2,5/17/2023,Pass
2025-06-06,15:34:51,"""CNR1736495""",Cancelled,"""CID5362525""",SUV,Bandar Seri Begawan,Mata-Mata,11.5,43.7,,1.0,Other Issue,4.98,4.1,3.6,Dart Wallet,26.18,Brunei-Muara,Brunei-Muara,Mustafa Kamal,2.66,20.62,December,2024,Saturday,1.0,6.6,OFF-200175,12/28/2024 15:34,accepted,12/28/2024 15:34,SESS-19846,12/28/2024 10:34,12/28/2024 18:34,12/28/2024 15:34,2025-06-06 12:37:00,2025-06-06 12:38:00,2025-06-06 12:43:00,2025-06-06 13:26:00,,4.95691,114.87804,4.87871,114.91387,3.5,2.12,3.5,16.18,FQ-9285,INV-272330,BND,VEH-726,Yes,Belait,5,High Demand Zone,8,1/31/2024,Pass
2025-06-04,12:55:50,"""CNR4648667""",Completed,"""CID6849564""",Sedan,Tutong Town,Serusop,10.4,19.4,,,,3.46,4.7,4.8,Cash,30.29,Brunei-Muara,Belait,Faisal Hakimi,6.48,19.23,April,2024,Sunday,1.0,8.7,OFF-200084,4/7/2024 12:55,accepted,4/7/2024 12:55,SESS-85181,4/7/2024 9:55,4/7/2024 15:55,4/7/2024 12:55,2025-06-04 00:42:00,2025-06-04 00:44:00,2025-06-04 00:48:00,2025-06-04 00:55:00,,4.96473,114.95733,4.52883,114.13605,3.5,19.64,1.55,26.69,FQ-6709,INV-684700,BND,VEH-126,Yes,Brunei-Muara,13,Normal,12,7/16/2023,Pass
2025-06-10,23:33:25,"""CNR6408706""",Completed,"""CID1966936""",Sedan,Bangar,Jerudong,13.9,28.7,,,,26.71,3.8,3.8,Cash,6.28,Belait,Tutong,Haji Ramli,0.63,4.42,January,2024,Sunday,1.0,4.3,OFF-200038,1/7/2024 23:32,accepted,1/7/2024 23:32,SESS-68895,1/7/2024 20:33,1/8/2024 0:33,1/7/2024 23:33,2025-06-10 10:24:00,2025-06-10 10:25:00,2025-06-10 10:30:00,2025-06-10 10:44:00,,4.52471,114.10833,4.71093,114.747,3.5,10.45,2.3,22.31,FQ-9577,INV-981907,BND,VEH-355,Yes,Tutong,6,High Demand Zone,3,4/15/2023,Pass
2025-06-13,16:58:40,"""CNR3034053""",Completed,"""CID7011064""",Sedan,Lumut,Lambak,5.4,17.4,,,,18.86,4.8,4.9,Card,14.43,Brunei-Muara,Brunei-Muara,Ahmad Zaki,3.44,9.08,May,2024,Tuesday,1.0,12.0,OFF-200099,5/21/2024 16:58,accepted,5/21/2024 16:58,SESS-75925,5/21/2024 12:58,5/21/2024 18:58,5/21/2024 16:58,2025-06-13 04:13:00,2025-06-13 04:17:00,2025-06-13 04:22:00,2025-06-13 04:45:00,,4.95755,114.97649,4.93414,114.8688,3.5,2.52,1.39,12.41,FQ-7603,INV-358639,BND,VEH-696,Yes,Brunei-Muara,13,Normal,14,2/4/2024,Pass
2025-06-20,15:25:55,"""CNR7374583""",Completed,"""CID2049576""",Premium,Mata-Mata,Serusop,11.6,11.6,,,,15.48,4.7,4.9,Online Banking,11.67,Belait,Brunei-Muara,Roslan Ahmad,1.63,8.08,February,2024,Friday,1.0,5.6,OFF-200032,2/2/2024 15:25,accepted,2/2/2024 15:25,SESS-14930,2/2/2024 10:25,2/2/2024 17:25,2/2/2024 15:25,2025-06-20 03:58:00,2025-06-20 04:01:00,2025-06-20 04:11:00,2025-06-20 04:43:00,,4.63734,114.1876,4.89436,114.89808,3.5,5.36,0.93,14.79,FQ-8563,INV-787245,BND,VEH-675,Yes,Belait,6,Normal,9,12/12/2023,Pass
2025-07-26,10:01:49,"""CNR5994386""",Completed,"""CID5100180""",Compact,Rimba,Jangsak,9.6,17.4,,,,9.08,4.1,3.8,Cash,33.71,Brunei-Muara,Brunei-Muara,Hamid Rashid,8.4,20.99,June,2024,Wednesday,0.0,6.7,OFF-200100,6/12/2024 10:01,rejected,6/12/2024 10:01,SESS-39154,6/12/2024 6:01,6/12/2024 11:01,6/12/2024 10:01,2025-07-26 00:48:00,2025-07-26 00:51:00,2025-07-26 00:55:00,2025-07-26 01:09:00,,4.85784,114.86004,4.91782,114.92255,3.5,6.97,1.39,10.86,FQ-9392,INV-788877,BND,VEH-750,Yes,Belait,10,Normal,2,1/1/2024,Pass
2025-07-11,20:58:36,"""CNR2834318""",Cancelled by Driver,"""CID5225614""",Compact,Serusop,Muara,5.0,33.7,,,,15.29,4.6,3.6,Dart Wallet,20.24,Tutong,Brunei-Muara,Azizul Hasni,2.72,14.86,September,2024,Tuesday,1.0,8.3,OFF-200022,9/24/2024 20:57,rejected,9/24/2024 20:57,SESS-32577,9/24/2024 18:58,9/24/2024 21:58,9/24/2024 20:58,2025-07-11 15:14:00,2025-07-11 15:19:00,2025-07-11 15:27:00,2025-07-11 16:02:00,9/24/2024 21:06,4.6951,114.61724,4.93418,114.88213,3.5,3.92,2.7,12.65,FQ-9106,INV-154394,BND,VEH-480,Yes,Tutong,13,High Demand Zone,14,9/1/2023,Pass
2025-07-17,13:43:58,"""CNR2717765""",Cancelled by Driver,"""CID6981040""",Sedan,Gadong,Berakas,11.7,11.0,,,,27.71,4.8,4.8,Online Banking,33.64,Belait,Belait,Mustafa Kamal,5.13,20.69,September,2024,Thursday,0.0,7.4,OFF-200009,9/12/2024 13:43,rejected,9/12/2024 13:43,SESS-19846,9/12/2024 8:43,9/12/2024 16:43,9/12/2024 13:43,2025-07-17 18:44:00,2025-07-17 18:46:00,2025-07-17 18:49:00,2025-07-17 19:08:00,,4.53623,114.32737,4.67409,114.37873,3.5,17.33,0.88,21.71,FQ-9941,INV-153422,BND,VEH-726,Yes,Tutong,6,Normal,12,9/1/2023,Pass
2025-07-27,11:54:21,"""CNR2312430""",Completed,"""CID9761509""",SUV,Muara,Berakas,10.0,39.5,,,,21.41,4.1,4.9,Cash,33.79,Brunei-Muara,Tutong,Shahrul Nizam,3.51,23.46,August,2024,Monday,0.0,8.1,OFF-200068,8/26/2024 11:53,accepted,8/26/2024 11:53,SESS-93507,8/26/2024 9:54,8/26/2024 12:54,8/26/2024 11:54,2025-07-27 04:09:00,2025-07-27 04:14:00,2025-07-27 04:18:00,2025-07-27 04:52:00,,4.93963,114.89716,4.80297,114.68201,3.5,7.54,3.16,16.2,FQ-6291,INV-968820,BND,VEH-252,Yes,Temburong,11,Normal,8,11/13/2023,Pass
2025-07-23,16:58:40,"""CNR3034053""",Completed,"""CID7011064""",Premium,Gadong,Serusop,5.4,17.4,,,,17.51,4.6,3.8,Card,5.47,Brunei-Muara,Brunei-Muara,Ahmad Zaki,0.67,4.39,May,2024,Tuesday,1.0,12.0,OFF-200099,5/21/2024 16:58,accepted,5/21/2024 16:58,SESS-75925,5/21/2024 12:58,5/21/2024 18:58,5/21/2024 16:58,2025-07-23 03:35:00,2025-07-23 03:39:00,2025-07-23 03:42:00,2025-07-23 04:24:00,,4.95755,114.97649,4.93414,114.8688,3.5,2.52,1.39,12.41,FQ-7603,INV-358639,BND,VEH-696,Yes,Belait,13,Normal,14,2/4/2024,Pass
2025-07-24,11:23:19,"""CNR4177415""",Completed,"""CID9669131""",Premium,Jangsak,Gadong,13.4,34.9,,,,1.93,4.7,3.5,Cash,31.2,Brunei-Muara,Brunei-Muara,Awangku Mohd,5.48,24.58,July,2024,Thursday,0.0,11.6,OFF-200033,7/11/2024 11:22,accepted,7/11/2024 11:22,SESS-35925,7/11/2024 9:23,7/11/2024 14:23,7/11/2024 11:23,2025-07-24 16:31:00,2025-07-24 16:35:00,2025-07-24 16:44:00,2025-07-24 17:08:00,,4.91262,114.9208,4.94035,114.91467,3.5,1.12,2.79,9.26,FQ-9127,INV-415560,BND,VEH-727,Yes,Tutong,11,High Demand Zone,14,1/20/2023,Pass
2025-07-22,18:52:21,"""CNR5527486""",Cancelled by Driver,"""CID1522967""",Premium,Mata-Mata,Lambak,3.1,10.9,,,,4.63,3.8,3.8,Cash,34.29,Brunei-Muara,Tutong,Ridhwan Bakar,6.61,22.39,November,2024,Tuesday,1.0,11.1,OFF-200179,11/12/2024 18:51,rejected,11/12/2024 18:51,SESS-20959,11/12/2024 15:52,11/12/2024 20:52,11/12/2024 18:52,2025-07-22 14:22:00,2025-07-22 14:25:00,2025-07-22 14:35:00,2025-07-22 14:56:00,,4.91079,114.87978,4.68273,114.73974,3.5,2.04,0.87,10.62,FQ-7306,INV-318395,BND,VEH-504,Yes,Belait,12,High Demand Zone,9,6/20/2023,Pass
2025-07-24,14:54:46,"""CNR4762531""",Completed,"""CID9791511""",SUV,Rimba,Rimba,5.5,38.2,,,,4.14,3.5,4.8,Cash,9.23,Brunei-Muara,Brunei-Muara,Ibrahim Daud,1.76,5.72,May,2024,Sunday,1.0,6.4,OFF-200137,5/12/2024 14:54,rejected,5/12/2024 14:54,SESS-97398,5/12/2024 11:54,5/12/2024 15:54,5/12/2024 14:54,2025-07-24 17:25:00,2025-07-24 17:29:00,2025-07-24 17:38:00,2025-07-24 17:47:00,,4.88485,114.97826,4.85334,114.94048,3.5,9.57,3.06,22.16,FQ-7858,INV-169076,BND,VEH-819,Yes,Tutong,13,High Demand Zone,3,2/24/2023,Pass
2025-07-10,13:58:55,"""CNR4363142""",Completed,"""CID4559451""",SUV,Kuala Belait,Berakas,6.9,14.2,,1.0,Vehicle Breakdown,17.53,3.6,4.2,Cash,5.72,Brunei-Muara,Brunei-Muara,Aiman Hakim,1.42,3.5,February,2024,Sunday,1.0,11.9,OFF-200146,2/18/2024 13:58,accepted,2/18/2024 13:58,SESS-93521,2/18/2024 10:58,2/18/2024 14:58,2/18/2024 13:58,2025-07-10 05:29:00,2025-07-10 05:31:00,2025-07-10 05:34:00,2025-07-10 05:45:00,,4.95034,114.9427,4.92638,114.97539,3.5,8.78,1.14,18.42,FQ-5217,INV-534343,BND,VEH-146,Yes,Brunei-Muara,6,Normal,11,6/17/2023,Pass
2025-07-03,5:04:40,"""CNR7372127""",Completed,"""CID2108992""",Premium,Mentiri,Rimba,12.9,14.9,,,,22.5,4.4,3.7,Card,16.03,Tutong,Belait,Awangku Mohd,3.54,10.02,December,2024,Wednesday,0.0,8.2,OFF-200185,12/25/2024 5:04,accepted,12/25/2024 5:04,SESS-35925,12/25/2024 2:04,12/25/2024 7:04,12/25/2024 5:04,2025-07-03 08:50:00,2025-07-03 08:54:00,2025-07-03 09:00:00,2025-07-03 09:27:00,12/25/2024 5:08,4.71344,114.77428,4.61808,114.2021,3.5,3.92,1.19,7.11,FQ-5965,INV-272196,BND,VEH-727,Yes,Belait,6,Normal,11,6/8/2023,Pass
2025-07-13,18:13:05,"""CNR8068577""",Completed,"""CID2385957""",Sedan,Jangsak,Bandar Seri Begawan,6.2,12.8,,,,5.67,4.5,4.6,Card,27.6,Brunei-Muara,Brunei-Muara,Ahmad Zaki,4.9,23.21,May,2024,Wednesday,1.0,8.7,OFF-200095,5/22/2024 18:12,accepted,5/22/2024 18:12,SESS-75925,5/22/2024 13:13,5/22/2024 19:13,5/22/2024 18:13,2025-07-13 15:29:00,2025-07-13 15:31:00,2025-07-13 15:37:00,2025-07-13 15:44:00,,4.94939,114.8792,4.89032,114.95803,3.5,3.61,1.02,8.66,FQ-8741,INV-864083,BND,VEH-696,Yes,Belait,8,High Demand Zone,5,4/25/2023,Pass
2025-07-30,16:24:48,"""CNR5785058""",Completed,"""CID7525538""",Compact,Mata-Mata,Kiulap,11.6,35.9,1.0,,,17.44,4.6,3.5,Card,33.66,Brunei-Muara,Brunei-Muara,Aiman Hakim,3.86,28.56,October,2024,Friday,0.0,5.5,OFF-200000,10/25/2024 16:24,accepted,10/25/2024 16:24,SESS-93521,10/25/2024 13:24,10/25/2024 18:24,10/25/2024 16:24,2025-07-30 10:18:00,2025-07-30 10:21:00,2025-07-30 10:28:00,2025-07-30 10:41:00,10/25/2024 16:30,4.87265,114.86109,4.91072,114.91494,3.5,3.92,2.87,12.86,FQ-5728,INV-132772,BND,VEH-146,Yes,Tutong,8,High Demand Zone,6,1/1/2024,Pass
2025-07-10,11:54:21,"""CNR2312430""",Completed,"""CID9761509""",Premium,Mentiri,Lambak,10.0,39.5,,,,11.25,5.0,4.2,Card,21.45,Brunei-Muara,Tutong,Shahrul Nizam,4.43,13.25,August,2024,Monday,0.0,8.1,OFF-200068,8/26/2024 11:53,accepted,8/26/2024 11:53,SESS-93507,8/26/2024 9:54,8/26/2024 12:54,8/26/2024 11:54,2025-07-10 17:45:00,2025-07-10 17:46:00,2025-07-10 17:55:00,2025-07-10 18:05:00,,4.93963,114.89716,4.80297,114.68201,3.5,7.54,3.16,16.2,FQ-6291,INV-968820,BND,VEH-252,Yes,Temburong,11,Normal,8,11/13/2023,Pass
2025-07-09,21:05:39,"""CNR2033265""",Cancelled,"""CID6253371""",Premium,Kiulap,Sengkurong,12.9,12.7,,,,15.86,4.1,3.6,Dart Wallet,17.11,Tutong,Brunei-Muara,Syafiqah Yusof,2.52,12.94,December,2024,Friday,1.0,9.2,OFF-200003,12/6/2024 21:05,accepted,12/6/2024 21:05,SESS-20137,12/6/2024 18:05,12/6/2024 23:05,12/6/2024 21:05,2025-07-09 14:33:00,2025-07-09 14:38:00,2025-07-09 14:41:00,2025-07-09 14:54:00,,4.75247,114.65845,4.91681,114.91535,3.5,21.68,1.02,34.75,FQ-5423,INV-847066,BND,VEH-214,Yes,Temburong,9,High Demand Zone,1,12/7/2023,Pass
2025-07-15,8:32:15,"""CNR6495467""",Completed,"""CID6878640""",Premium,Serusop,Jerudong,11.8,42.6,,,,7.47,4.2,4.0,Dart Wallet,30.32,Brunei-Muara,Brunei-Muara,Mohd Hafiz,6.08,24.82,March,2024,Saturday,0.0,5.4,OFF-200015,3/16/2024 8:31,rejected,3/16/2024 8:31,SESS-37455,3/16/2024 5:32,3/16/2024 9:32,3/16/2024 8:32,2025-07-15 08:52:00,2025-07-15 08:54:00,2025-07-15 08:56:00,2025-07-15 09:03:00,,4.9304,114.86475,4.90603,114.95647,3.5,14.26,3.41,22.17,FQ-8150,INV-441032,BND,VEH-678,Yes,Brunei-Muara,10,Normal,5,10/4/2023,Pass
2025-07-18,6:20:31,"""CNR3315619""",Completed,"""CID6044362""",Compact,Mata-Mata,Berakas,11.7,38.4,,,,18.53,4.2,3.7,Online Banking,13.96,Belait,Brunei-Muara,Khairul Anuar,2.95,9.12,May,2024,Friday,1.0,5.8,OFF-200023,5/10/2024 6:20,accepted,5/10/2024 6:20,SESS-78148,5/10/2024 4:20,5/10/2024 7:20,5/10/2024 6:20,2025-07-18 14:01:00,2025-07-18 14:02:00,2025-07-18 14:06:00,2025-07-18 14:16:00,,4.5651,114.29867,4.94541,114.94941,3.5,12.37,3.07,28.67,FQ-9621,INV-893919,BND,VEH-476,Yes,Temburong,12,High Demand Zone,11,3/13/2023,Pass
2025-07-18,8:34:38,"""CNR8888208""",Cancelled,"""CID5821443""",Premium,Rimba,Kiulap,8.1,17.6,,,,26.17,4.5,3.9,Dart Wallet,4.73,Brunei-Muara,Belait,Sufian bin Haji Ali,0.96,3.96,April,2024,Sunday,1.0,10.6,OFF-200079,4/14/2024 8:33,accepted,4/14/2024 8:33,SESS-22883,4/14/2024 3:34,4/14/2024 11:34,4/14/2024 8:34,2025-07-18 04:22:00,2025-07-18 04:25:00,2025-07-18 04:30:00,2025-07-18 04:44:00,,4.97339,114.89282,4.67025,114.25902,3.5,16.24,1.41,30.44,FQ-8646,INV-869474,BND,VEH-473,Yes,Brunei-Muara,12,High Demand Zone,12,1/28/2024,Pass
2025-07-03,6:15:38,"""CNR5259986""",Completed,"""CID9828317""",SUV,Jangsak,Mata-Mata,3.4,23.1,,,,27.15,4.0,3.7,Online Banking,5.96,Brunei-Muara,Brunei-Muara,Syafiqah Yusof,1.27,4.09,October,2024,Thursday,1.0,5.5,OFF-200001,10/3/2024 6:14,accepted,10/3/2024 6:14,SESS-20137,10/3/2024 3:15,10/3/2024 7:15,10/3/2024 6:15,2025-07-03 03:55:00,2025-07-03 03:56:00,2025-07-03 04:04:00,2025-07-03 04:26:00,,4.97911,114.89109,4.96292,114.96792,3.5,21.23,1.85,26.58,FQ-6035,INV-931251,BND,VEH-214,Yes,Tutong,12,Normal,12,9/21/2023,Pass
2025-07-14,14:27:41,"""CNR7498137""",Cancelled by Driver,"""CID9299897""",SUV,Rimba,Gadong,12.3,38.7,,,,29.6,4.0,4.6,Cash,13.36,Brunei-Muara,Brunei-Muara,Faisal Hakimi,2.82,11.15,January,2024,Friday,1.0,8.5,OFF-200127,1/12/2024 14:26,accepted,1/12/2024 14:26,SESS-85181,1/12/2024 11:27,1/12/2024 16:27,1/12/2024 14:27,2025-07-14 15:22:00,2025-07-14 15:26:00,2025-07-14 15:30:00,2025-07-14 16:09:00,,4.89756,114.89802,4.93703,114.92727,3.5,1.57,3.1,8.71,FQ-7692,INV-195013,BND,VEH-126,Yes,Tutong,13,High Demand Zone,10,6/16/2023,Pass
2025-07-05,13:13:54,"""CNR3596717""",Completed,"""CID8580939""",Sedan,Mata-Mata,Tutong Town,13.7,25.9,,,,17.77,4.5,3.8,Dart Wallet,23.45,Brunei-Muara,Tutong,Mustafa Kamal,4.97,14.28,February,2024,Sunday,1.0,11.8,OFF-200159,2/4/2024 13:13,rejected,2/4/2024 13:13,SESS-19846,2/4/2024 9:13,2/4/2024 16:13,2/4/2024 13:13,2025-07-05 14:47:00,2025-07-05 14:50:00,2025-07-05 14:59:00,2025-07-05 15:13:00,2/4/2024 13:21,4.8933,114.97365,4.83844,114.76267,3.5,3.92,2.07,9.49,FQ-7476,INV-342528,BND,VEH-726,Yes,Brunei-Muara,12,Normal,2,7/29/2023,Pass
2025-07-25,14:59:17,"""CNR6784305""",Completed,"""CID9250370""",Premium,Berakas,Gadong,11.5,36.6,,,,15.56,4.2,4.5,Online Banking,31.69,Brunei-Muara,Brunei-Muara,Sufian bin Haji Ali,6.49,25.89,July,2024,Saturday,0.0,11.8,OFF-200083,7/6/2024 14:58,accepted,7/6/2024 14:58,SESS-22883,7/6/2024 9:59,7/6/2024 16:59,7/6/2024 14:59,2025-07-25 05:30:00,2025-07-25 05:33:00,2025-07-25 05:38:00,2025-07-25 06:07:00,,4.894,114.93164,4.95329,114.94433,3.5,7.14,2.93,20.36,FQ-9351,INV-505010,BND,VEH-473,Yes,Belait,13,High Demand Zone,1,1/12/2024,Pass
2025-07-14,10:05:53,"""CNR8467869""",Completed,"""CID3130096""",Compact,Jerudong,Lambak,3.2,14.4,,,,5.72,4.5,4.5,Dart Wallet,20.69,Belait,Belait,,2.95,14.67,June,2024,Thursday,,6.2,OFF-200151,6/20/2024 10:05,accepted,6/20/2024 10:05,SESS-16338,6/20/2024 8:05,6/20/2024 12:05,6/20/2024 10:05,2025-07-14 11:09:00,2025-07-14 11:14:00,2025-07-14 11:22:00,2025-07-14 12:01:00,,4.58805,114.24636,4.67083,114.25141,3.5,3.92,1.15,13.57,FQ-8742,INV-105149,BND,VEH-510,Yes,Tutong,5,Normal,8,7/25/2023,Pass
2025-07-21,10:56:12,"""CNR2608448""",Cancelled,"""CID5169769""",Compact,Bandar Seri Begawan,Gadong,6.1,40.5,,,,15.6,3.8,4.8,Cash,23.27,Brunei-Muara,Tutong,Abdul Rahman,4.66,18.65,February,2024,Thursday,1.0,9.0,OFF-200139,2/8/2024 10:55,accepted,2/8/2024 10:55,SESS-85776,2/8/2024 7:56,2/8/2024 12:56,2/8/2024 10:56,2025-07-21 09:40:00,2025-07-21 09:41:00,2025-07-21 09:44:00,2025-07-21 10:28:00,,4.91423,114.9531,4.68149,114.62119,3.5,9.56,3.24,14.8,FQ-7105,INV-933646,BND,VEH-428,Yes,Brunei-Muara,9,Normal,7,4/8/2023,Pass
2025-07-25,20:31:41,"""CNR6760475""",Cancelled,"""CID2785792""",Compact,Jerudong,Sengkurong,11.8,39.2,,,,23.68,4.0,4.5,Dart Wallet,33.07,Belait,Tutong,,4.63,24.04,December,2024,Friday,,5.8,OFF-200177,12/27/2024 20:30,accepted,12/27/2024 20:31,SESS-16338,12/27/2024 18:31,12/27/2024 22:31,12/27/2024 20:31,2025-07-25 14:30:00,2025-07-25 14:32:00,2025-07-25 14:35:00,2025-07-25 15:04:00,,4.64322,114.34329,4.70581,114.68612,3.5,3.92,3.14,15.56,FQ-9122,INV-765025,BND,VEH-510,Yes,Temburong,13,Normal,8,9/12/2023,Pass
2025-07-29,18:57:42,"""CNR1401168""",Cancelled by Driver,"""CID2578107""",SUV,Gadong,Gadong,12.4,24.6,,,,28.82,3.8,5.0,Online Banking,13.72,Brunei-Muara,Brunei-Muara,Haji Ramli,1.87,11.64,May,2024,Saturday,1.0,7.2,OFF-200162,5/25/2024 18:57,accepted,5/25/2024 18:57,SESS-68895,5/25/2024 15:57,5/25/2024 19:57,5/25/2024 18:57,2025-07-29 13:37:00,2025-07-29 13:41:00,2025-07-29 13:43:00,2025-07-29 14:03:00,,4.90637,114.97589,4.91939,114.85413,3.5,9.32,1.97,18.79,FQ-5954,INV-736927,BND,VEH-355,Yes,Brunei-Muara,12,Normal,2,7/29/2023,Pass
2025-07-21,11:54:01,"""CNR5104565""",Cancelled,"""CID1463708""",Premium,Lambak,Rimba,12.3,39.4,,,,24.23,4.8,4.7,Card,6.19,Tutong,Brunei-Muara,Aiman Hakim,1.21,4.49,June,2024,Tuesday,0.0,8.3,OFF-200123,6/18/2024 11:53,accepted,6/18/2024 11:53,SESS-93521,6/18/2024 9:54,6/18/2024 14:54,6/18/2024 11:54,2025-07-21 12:43:00,2025-07-21 12:45:00,2025-07-21 12:53:00,2025-07-21 13:01:00,,4.77393,114.7443,4.9316,114.86791,3.5,6.15,3.15,17.0,FQ-8434,INV-155340,BND,VEH-146,Yes,Temburong,11,High Demand Zone,6,12/8/2023,Pass
2025-07-21,15:25:55,"""CNR7374583""",Completed,"""CID2049576""",Sedan,Bandar Seri Begawan,Bandar Seri Begawan,11.6,11.6,,,,21.52,4.6,4.1,Dart Wallet,3.89,Belait,Brunei-Muara,Roslan Ahmad,0.43,3.23,February,2024,Friday,1.0,5.6,OFF-200032,2/2/2024 15:25,accepted,2/2/2024 15:25,SESS-14930,2/2/2024 10:25,2/2/2024 17:25,2/2/2024 15:25,2025-07-21 08:46:00,2025-07-21 08:49:00,2025-07-21 08:53:00,2025-07-21 09:33:00,,4.63734,114.1876,4.89436,114.89808,3.5,5.36,0.93,14.79,FQ-8563,INV-787245,BND,VEH-675,Yes,Belait,6,Normal,9,12/12/2023,Pass
2025-07-05,20:28:37,"""CNR5239998""",Cancelled,"""CID1535942""",SUV,Muara,Kuala Belait,8.7,30.6,,,,8.97,4.4,4.5,Card,24.1,Belait,Brunei-Muara,Ahmad Zaki,4.68,20.09,April,2024,Wednesday,1.0,7.2,OFF-200160,4/24/2024 20:27,accepted,4/24/2024 20:27,SESS-75925,4/24/2024 15:28,4/24/2024 21:28,4/24/2024 20:28,2025-07-05 14:31:00,2025-07-05 14:33:00,2025-07-05 14:40:00,2025-07-05 15:25:00,,4.51696,114.13943,4.8616,114.86799,3.5,16.78,2.45,23.73,FQ-6399,INV-765728,BND,VEH-696,Yes,Belait,8,Normal,13,7/17/2023,Pass
2025-07-04,17:23:20,"""CNR5411958""",Completed,"""CID4138382""",SUV,Kuala Belait,Tutong Town,11.2,39.1,,1.0,Vehicle Breakdown,27.47,4.1,4.7,Cash,30.03,Belait,Brunei-Muara,Abdul Rahman,3.46,19.58,February,2024,Saturday,1.0,11.0,OFF-200188,2/3/2024 17:22,rejected,2/3/2024 17:22,SESS-85776,2/3/2024 14:23,2/3/2024 20:23,2/3/2024 17:23,2025-07-04 03:25:00,2025-07-04 03:26:00,2025-07-04 03:29:00,2025-07-04 04:12:00,,4.56702,114.28703,4.90079,114.96501,3.5,7.38,3.13,15.01,FQ-8424,INV-948366,BND,VEH-428,Yes,Belait,10,Normal,10,11/10/2023,Pass
2025-07-16,14:11:18,"""CNR7599370""",Completed,"""CID2185983""",SUV,Jangsak,Lambak,11.3,32.9,,,,19.31,4.0,4.0,Online Banking,24.11,Brunei-Muara,Brunei-Muara,Ibrahim Daud,2.83,19.62,May,2024,Friday,1.0,11.2,OFF-200178,5/17/2024 14:10,accepted,5/17/2024 14:10,SESS-97398,5/17/2024 10:11,5/17/2024 16:11,5/17/2024 14:11,2025-07-16 19:52:00,2025-07-16 19:56:00,2025-07-16 20:04:00,2025-07-16 20:22:00,5/17/2024 14:13,4.8752,114.94021,4.90569,114.86229,3.5,3.92,2.63,10.05,FQ-5244,INV-752074,BND,VEH-819,Yes,Tutong,10,Normal,6,2/12/2023,Pass
2025-07-20,18:51:11,"""CNR5215080""",Cancelled by Driver,"""CID8772824""",Sedan,Jerudong,Berakas,3.8,43.0,,,,11.58,3.6,3.7,Cash,9.92,Brunei-Muara,Belait,Nurul Izzah,1.04,8.18,March,2024,Friday,0.0,9.6,OFF-200170,3/29/2024 18:50,accepted,3/29/2024 18:51,SESS-35224,3/29/2024 16:51,3/29/2024 19:51,3/29/2024 18:51,2025-07-20 19:25:00,2025-07-20 19:30:00,2025-07-20 19:34:00,2025-07-20 19:39:00,3/29/2024 18:57,4.87112,114.94696,4.60348,114.26603,3.5,3.92,3.44,18.29,FQ-9633,INV-387567,BND,VEH-204,Yes,Tutong,6,High Demand Zone,6,2/2/2024,Pass
2025-07-23,10:01:49,"""CNR5994386""",Cancelled,"""CID5100180""",Premium,Sengkurong,Bangar,9.6,17.4,,,,12.6,4.8,4.5,Dart Wallet,19.41,Brunei-Muara,Brunei-Muara,Hamid Rashid,2.44,12.58,June,2024,Wednesday,0.0,6.7,OFF-200100,6/12/2024 10:01,rejected,6/12/2024 10:01,SESS-39154,6/12/2024 6:01,6/12/2024 11:01,6/12/2024 10:01,2025-07-23 04:06:00,2025-07-23 04:08:00,2025-07-23 04:17:00,2025-07-23 04:39:00,,4.85784,114.86004,4.91782,114.92255,3.5,6.97,1.39,10.86,FQ-9392,INV-788877,BND,VEH-750,Yes,Brunei-Muara,10,Normal,2,1/1/2024,Pass
2025-07-09,5:42:27,"""CNR9492586""",Cancelled by Driver,"""CID7425592""",Compact,Lumut,Mata-Mata,8.7,44.4,,,,19.06,4.1,4.4,Dart Wallet,29.11,Brunei-Muara,Belait,Nabilah Hassan,4.79,21.89,July,2024,Tuesday,1.0,7.1,OFF-200011,7/16/2024 5:41,accepted,7/16/2024 5:41,SESS-68128,7/16/2024 2:42,7/16/2024 7:42,7/16/2024 5:42,2025-07-09 11:58:00,2025-07-09 12:00:00,2025-07-09 12:06:00,2025-07-09 12:48:00,,4.90991,114.86397,4.57885,114.17193,3.5,13.43,3.55,20.48,FQ-7000,INV-642952,BND,VEH-713,Yes,Belait,11,Normal,9,10/11/2023,Pass
2025-07-21,3:53:28,"""CNR5222189""",Completed,"""CID1300727""",Premium,Mata-Mata,Kuala Belait,8.1,33.7,,,,10.36,4.5,3.6,Dart Wallet,8.76,Belait,Brunei-Muara,Ibrahim Daud,1.35,6.99,August,2024,Monday,0.0,10.8,OFF-200066,8/19/2024 3:52,accepted,8/19/2024 3:52,SESS-97398,8/18/2024 22:53,8/19/2024 4:53,8/19/2024 3:53,2025-07-21 02:21:00,2025-07-21 02:26:00,2025-07-21 02:28:00,2025-07-21 02:43:00,,4.55687,114.10796,4.90694,114.94762,3.5,4.61,2.7,12.81,FQ-9266,INV-235946,BND,VEH-819,Yes,Tutong,13,Normal,11,11/14/2023,Pass
2025-07-12,15:00:48,"""CNR5307735""",Cancelled by Driver,"""CID5073889""",SUV,Gadong,Mentiri,8.5,34.8,,,,17.29,3.7,4.3,Dart Wallet,31.76,Belait,Belait,Faisal Hakimi,6.04,22.12,August,2024,Saturday,1.0,11.7,OFF-200064,8/24/2024 15:00,accepted,8/24/2024 15:00,SESS-85181,8/24/2024 12:00,8/24/2024 17:00,8/24/2024 15:00,2025-07-12 04:45:00,2025-07-12 04:46:00,2025-07-12 04:49:00,2025-07-12 05:14:00,,4.66511,114.13113,4.58069,114.2856,3.5,4.2,2.78,11.48,FQ-8743,INV-246818,BND,VEH-126,Yes,Tutong,7,Normal,5,8/20/2023,Pass
2025-07-09,20:28:37,"""CNR5239998""",Cancelled,"""CID1535942""",SUV,Mentiri,Berakas,8.7,30.6,,,,8.96,4.4,4.4,Cash,4.5,Belait,Brunei-Muara,Ahmad Zaki,0.76,2.83,April,2024,Wednesday,1.0,7.2,OFF-200160,4/24/2024 20:27,rejected,4/24/2024 20:27,SESS-75925,4/24/2024 15:28,4/24/2024 21:28,4/24/2024 20:28,2025-07-09 22:26:00,2025-07-09 22:30:00,2025-07-09 22:38:00,2025-07-09 22:47:00,,4.51696,114.13943,4.8616,114.86799,3.5,16.78,2.45,23.73,FQ-6399,INV-765728,BND,VEH-696,Yes,Tutong,8,Normal,13,7/17/2023,Pass
2025-07-08,5:07:15,"""CNR2934263""",Completed,"""CID3123182""",SUV,Jangsak,Kuala Belait,9.5,22.1,,,,1.47,4.0,4.1,Dart Wallet,13.8,Belait,Brunei-Muara,Khairul Anuar,3.1,9.9,March,2024,Monday,0.0,11.4,OFF-200167,3/25/2024 5:06,accepted,3/25/2024 5:06,SESS-78148,3/25/2024 2:07,3/25/2024 7:07,3/25/2024 5:07,2025-07-08 17:54:00,2025-07-08 17:59:00,2025-07-08 18:01:00,2025-07-08 18:24:00,,4.62353,114.31096,4.95954,114.93956,3.5,13.26,1.77,23.53,FQ-8646,INV-555702,BND,VEH-476,Yes,Brunei-Muara,14,Normal,2,6/14/2023,Pass
2025-07-11,20:07:52,"""CNR3734577""",Cancelled,"""CID4874936""",Premium,Kiulap,Rimba,5.5,30.4,,,,28.19,3.7,4.7,Dart Wallet,29.98,Tutong,Brunei-Muara,Sufian bin Haji Ali,4.01,18.76,October,2024,Tuesday,0.0,10.1,OFF-200073,10/1/2024 20:07,accepted,10/1/2024 20:07,SESS-22883,10/1/2024 15:07,10/1/2024 22:07,10/1/2024 20:07,2025-07-11 11:12:00,2025-07-11 11:15:00,2025-07-11 11:25:00,2025-07-11 11:35:00,,4.65284,114.72336,4.888,114.87296,3.5,5.38,2.43,10.81,FQ-9229,INV-676519,BND,VEH-473,Yes,Temburong,5,Normal,10,4/23/2023,Pass
2025-07-11,8:30:02,"""CNR5318170""",Completed,"""CID4771912""",Sedan,Berakas,Sengkurong,6.6,28.7,,,,28.47,4.7,4.4,Cash,6.55,Brunei-Muara,Brunei-Muara,Faisal Hakimi,0.98,4.05,April,2024,Tuesday,0.0,10.1,OFF-200042,4/23/2024 8:29,accepted,4/23/2024 8:29,SESS-85181,4/23/2024 4:30,4/23/2024 10:30,4/23/2024 8:30,2025-07-11 22:39:00,2025-07-11 22:41:00,2025-07-11 22:46:00,2025-07-11 23:18:00,,4.89597,114.89751,4.92782,114.92492,3.5,9.73,2.3,15.53,FQ-9536,INV-686288,BND,VEH-126,Yes,Brunei-Muara,13,Normal,3,10/3/2023,Pass
2025-07-09,20:43:20,"""CNR4712889""",Completed,"""CID6274332""",Compact,Mentiri,Serusop,14.3,13.6,,,,20.18,3.8,4.6,Dart Wallet,21.49,Brunei-Muara,Brunei-Muara,Mohd Hafiz,3.19,18.14,October,2024,Thursday,1.0,11.4,OFF-200043,10/31/2024 20:42,accepted,10/31/2024 20:42,SESS-37455,10/31/2024 16:43,10/31/2024 23:43,10/31/2024 20:43,2025-07-09 22:00:00,2025-07-09 22:01:00,2025-07-09 22:10:00,2025-07-09 22:23:00,,4.95094,114.93896,4.92561,114.94744,3.5,4.42,1.09,11.01,FQ-7673,INV-226844,BND,VEH-678,Yes,Belait,8,Normal,5,4/8/2023,Pass
2025-07-09,18:45:44,"""CNR8732810""",Completed,"""CID7655227""",Sedan,Berakas,Bandar Seri Begawan,2.9,15.8,,,,7.27,3.8,3.7,Dart Wallet,3.42,Belait,Belait,Awangku Mohd,0.44,2.75,December,2024,Saturday,1.0,7.6,OFF-200028,12/14/2024 18:45,accepted,12/14/2024 18:45,SESS-35925,12/14/2024 13:45,12/14/2024 21:45,12/14/2024 18:45,2025-07-09 09:33:00,2025-07-09 09:38:00,2025-07-09 09:45:00,2025-07-09 09:55:00,,4.68325,114.27029,4.57895,114.31538,3.5,20.26,1.26,37.53,FQ-7757,INV-663724,BND,VEH-727,Yes,Belait,11,High Demand Zone,5,5/3/2023,Pass
2025-07-19,22:15:02,"""CNR6026851""",Completed,"""CID6133594""",SUV,Tutong Beach,Jerudong,6.4,20.7,,,,26.17,3.9,3.8,Card,34.2,Brunei-Muara,Brunei-Muara,Abdul Rahman,7.42,24.91,October,2024,Saturday,1.0,8.9,OFF-200140,10/5/2024 22:14,rejected,10/5/2024 22:14,SESS-85776,10/5/2024 18:15,10/5/2024 23:15,10/5/2024 22:15,2025-07-19 16:22:00,2025-07-19 16:26:00,2025-07-19 16:32:00,2025-07-19 16:57:00,,4.9225,114.96828,4.89399,114.9767,3.5,13.76,1.66,25.65,FQ-6476,INV-839344,BND,VEH-428,Yes,Belait,8,High Demand Zone,4,1/28/2023,Pass
2025-07-06,5:42:27,"""CNR9492586""",Cancelled,"""CID7425592""",SUV,Jerudong,Jerudong,8.7,44.4,,,,14.81,4.3,3.7,Cash,11.54,Brunei-Muara,Belait,Nabilah Hassan,1.76,8.46,July,2024,Tuesday,1.0,7.1,OFF-200011,7/16/2024 5:41,accepted,7/16/2024 5:41,SESS-68128,7/16/2024 2:42,7/16/2024 7:42,7/16/2024 5:42,2025-07-06 21:14:00,2025-07-06 21:16:00,2025-07-06 21:19:00,2025-07-06 22:00:00,,4.90991,114.86397,4.57885,114.17193,3.5,13.43,3.55,20.48,FQ-7000,INV-642952,BND,VEH-713,Yes,Temburong,11,Normal,9,10/11/2023,Pass
2025-07-12,6:18:50,"""CNR3626259""",Completed,"""CID1114091""",Sedan,Tutong Beach,Mentiri,12.5,41.0,,,,19.81,4.1,3.9,Dart Wallet,6.13,Brunei-Muara,Brunei-Muara,,1.0,4.8,August,2024,Wednesday,,8.4,OFF-200094,8/14/2024 6:18,accepted,8/14/2024 6:18,SESS-16338,8/14/2024 2:18,8/14/2024 9:18,8/14/2024 6:18,2025-07-12 13:00:00,2025-07-12 13:05:00,2025-07-12 13:13:00,2025-07-12 13:27:00,,4.86875,114.89987,4.95623,114.97711,3.5,3.92,3.28,12.7,FQ-9945,INV-209040,BND,VEH-510,Yes,Temburong,12,Normal,5,1/15/2023,Pass
2025-07-20,11:28:33,"""CNR1941394""",Completed,"""CID6286517""",SUV,Jerudong,Kiulap,6.3,31.1,,,,2.03,3.8,3.7,Cash,4.7,Belait,Brunei-Muara,Faisal Hakimi,0.52,3.13,February,2024,Wednesday,1.0,11.7,OFF-200045,2/7/2024 11:27,accepted,2/7/2024 11:27,SESS-85181,2/7/2024 9:28,2/7/2024 12:28,2/7/2024 11:28,2025-07-20 08:19:00,2025-07-20 08:24:00,2025-07-20 08:33:00,2025-07-20 09:16:00,,4.68402,114.39582,4.85542,114.96918,3.5,8.2,2.49,22.28,FQ-6778,INV-391132,BND,VEH-126,Yes,Temburong,14,High Demand Zone,9,12/26/2023,Pass
2025-07-20,13:43:11,"""CNR9249380""",Completed,"""CID5685213""",Compact,Muara,Tutong Town,7.0,31.9,,,,9.35,4.3,3.6,Card,14.12,Belait,Brunei-Muara,Nurul Izzah,2.97,10.58,September,2024,Thursday,1.0,11.1,OFF-200129,9/12/2024 13:42,accepted,9/12/2024 13:42,SESS-35224,9/12/2024 11:43,9/12/2024 16:43,9/12/2024 13:43,2025-07-20 22:33:00,2025-07-20 22:37:00,2025-07-20 22:45:00,2025-07-20 23:15:00,,4.60794,114.25377,4.90001,114.92623,3.5,13.05,2.55,29.65,FQ-5272,INV-376808,BND,VEH-204,Yes,Brunei-Muara,13,High Demand Zone,1,7/10/2023,Pass
2025-07-23,20:46:16,"""CNR5874746""",Cancelled,"""CID9596834""",SUV,Bandar Seri Begawan,Lambak,8.5,33.8,,,,20.31,4.8,5.0,Online Banking,33.79,Belait,Brunei-Muara,Faisal Hakimi,3.48,23.89,June,2024,Sunday,1.0,9.9,OFF-200034,6/23/2024 20:45,accepted,6/23/2024 20:45,SESS-85181,6/23/2024 15:46,6/23/2024 22:46,6/23/2024 20:46,2025-07-23 19:23:00,2025-07-23 19:25:00,2025-07-23 19:30:00,2025-07-23 19:54:00,6/23/2024 20:54,4.66917,114.28965,4.89813,114.86034,3.5,3.92,2.7,15.12,FQ-8476,INV-245076,BND,VEH-126,Yes,Tutong,9,Normal,13,12/8/2023,Pass
2025-07-06,7:43:45,"""CNR8952764""",Completed,"""CID4343834""",Compact,Lumut,Muara,14.2,33.0,,,,29.72,3.7,3.8,Cash,21.15,Belait,Brunei-Muara,Hamid Rashid,3.78,17.11,March,2024,Thursday,1.0,5.0,OFF-200080,3/14/2024 7:43,accepted,3/14/2024 7:43,SESS-39154,3/14/2024 3:43,3/14/2024 10:43,3/14/2024 7:43,2025-07-06 21:37:00,2025-07-06 21:41:00,2025-07-06 21:48:00,2025-07-06 21:53:00,3/14/2024 7:50,4.68688,114.38432,4.85825,114.97259,3.5,3.92,2.64,17.09,FQ-8954,INV-357026,BND,VEH-750,Yes,Brunei-Muara,4,High Demand Zone,5,3/26/2023,Pass
2025-07-04,16:37:19,"""CNR7492796""",Completed,"""CID7866026""",Compact,Bangar,Tutong Town,2.3,31.7,,,,11.23,4.8,4.7,Online Banking,3.43,Belait,Brunei-Muara,,0.8,2.67,March,2024,Wednesday,,6.0,OFF-200089,3/13/2024 16:36,rejected,3/13/2024 16:36,SESS-16338,3/13/2024 13:37,3/13/2024 18:37,3/13/2024 16:37,2025-07-04 03:06:00,2025-07-04 03:10:00,2025-07-04 03:19:00,2025-07-04 03:45:00,,4.6872,114.36158,4.8765,114.87703,3.5,3.92,2.54,14.94,FQ-6417,INV-489304,BND,VEH-510,Yes,Tutong,12,High Demand Zone,13,7/31/2023,Pass
2025-07-29,15:21:24,"""CNR1726678""",Completed,"""CID2637835""",SUV,Serusop,Mata-Mata,7.1,13.1,,,,17.75,3.6,3.8,Card,3.99,Tutong,Brunei-Muara,Ahmad Zaki,0.66,3.09,May,2024,Sunday,0.0,5.6,OFF-200007,5/19/2024 15:20,rejected,5/19/2024 15:20,SESS-75925,5/19/2024 10:21,5/19/2024 16:21,5/19/2024 15:21,2025-07-29 19:19:00,2025-07-29 19:24:00,2025-07-29 19:30:00,2025-07-29 19:42:00,,4.66308,114.65802,4.9547,114.94315,3.5,8.73,1.05,15.28,FQ-9838,INV-276437,BND,VEH-696,Yes,Brunei-Muara,4,Normal,13,2/20/2023,Pass
2025-07-30,11:35:20,"""CNR3950515""",Completed,"""CID9062603""",Premium,Tutong Beach,Lambak,8.2,14.2,1.0,,,28.41,4.6,4.4,Online Banking,21.85,Brunei-Muara,Belait,Abdul Rahman,2.81,14.62,December,2024,Thursday,1.0,8.1,OFF-200092,12/26/2024 11:34,rejected,12/26/2024 11:34,SESS-85776,12/26/2024 6:35,12/26/2024 12:35,12/26/2024 11:35,2025-07-30 12:29:00,2025-07-30 12:34:00,2025-07-30 12:40:00,2025-07-30 12:51:00,12/26/2024 11:44,4.90952,114.9285,4.53955,114.11603,3.5,3.92,1.14,15.7,FQ-9328,INV-348133,BND,VEH-428,Yes,Temburong,11,High Demand Zone,3,1/1/2023,Pass
2025-07-27,17:46:33,"""CNR2831131""",Completed,"""CID1170263""",Sedan,Kuala Belait,Jerudong,12.4,34.3,1.0,,,16.17,4.2,3.7,Dart Wallet,24.79,Tutong,Brunei-Muara,Aiman Hakim,4.55,16.67,May,2024,Sunday,0.0,10.5,OFF-200153,5/19/2024 17:46,rejected,5/19/2024 17:46,SESS-93521,5/19/2024 13:46,5/19/2024 18:46,5/19/2024 17:46,2025-07-27 18:53:00,2025-07-27 18:58:00,2025-07-27 19:07:00,2025-07-27 19:39:00,5/19/2024 17:51,4.66044,114.7135,4.89094,114.97557,3.5,3.92,2.74,15.2,FQ-9764,INV-621374,BND,VEH-146,Yes,Tutong,12,High Demand Zone,6,5/20/2023,Pass
2025-07-03,16:37:19,"""CNR7492796""",Completed,"""CID7866026""",Compact,Jerudong,Kiulap,2.3,31.7,,,,25.19,4.7,4.8,Online Banking,14.27,Belait,Brunei-Muara,,1.72,8.74,March,2024,Wednesday,,6.0,OFF-200089,3/13/2024 16:36,rejected,3/13/2024 16:36,SESS-16338,3/13/2024 13:37,3/13/2024 18:37,3/13/2024 16:37,2025-07-03 08:56:00,2025-07-03 08:58:00,2025-07-03 09:00:00,2025-07-03 09:34:00,,4.6872,114.36158,4.8765,114.87703,3.5,3.92,2.54,14.94,FQ-6417,INV-489304,BND,VEH-510,Yes,Tutong,12,High Demand Zone,13,7/31/2023,Pass
2025-07-17,14:48:47,"""CNR8626386""",Completed,"""CID6488104""",Compact,Serusop,Berakas,13.2,29.6,,,,28.06,4.1,4.1,Cash,4.03,Belait,Brunei-Muara,Azizul Hasni,0.81,2.67,October,2024,Sunday,1.0,10.5,OFF-200161,10/27/2024 14:48,accepted,10/27/2024 14:48,SESS-32577,10/27/2024 9:48,10/27/2024 17:48,10/27/2024 14:48,2025-07-17 21:44:00,2025-07-17 21:45:00,2025-07-17 21:49:00,2025-07-17 22:29:00,,4.67317,114.37449,4.94355,114.888,3.5,3.42,2.37,9.29,FQ-9476,INV-887065,BND,VEH-480,Yes,Tutong,9,Normal,7,10/2/2023,Pass
2025-07-29,7:50:30,"""CNR6197135""",Completed,"""CID5014483""",Premium,Lambak,Mata-Mata,3.8,22.2,,,,17.07,4.4,4.3,Card,7.34,Brunei-Muara,Brunei-Muara,Syafiqah Yusof,0.83,4.96,November,2024,Tuesday,0.0,9.7,OFF-200114,11/12/2024 7:49,accepted,11/12/2024 7:49,SESS-20137,11/12/2024 3:50,11/12/2024 9:50,11/12/2024 7:50,2025-07-29 03:46:00,2025-07-29 03:51:00,2025-07-29 03:57:00,2025-07-29 04:18:00,,4.88027,114.87663,4.88441,114.97508,3.5,21.26,1.78,26.54,FQ-6469,INV-297736,BND,VEH-214,Yes,Tutong,6,Normal,11,10/11/2023,Pass
2025-07-18,20:47:53,"""CNR3122045""",Completed,"""CID3241966""",Premium,Mentiri,Tutong Beach,10.5,33.1,,,,28.88,4.7,3.5,Dart Wallet,17.93,Belait,Tutong,Zulhelmi Ishak,4.25,12.83,July,2024,Thursday,0.0,7.7,OFF-200104,7/11/2024 20:47,rejected,7/11/2024 20:47,SESS-38008,7/11/2024 17:47,7/11/2024 21:47,7/11/2024 20:47,2025-07-18 05:19:00,2025-07-18 05:21:00,2025-07-18 05:24:00,2025-07-18 05:56:00,,4.5563,114.25526,4.72672,114.73274,3.5,1.02,2.65,14.76,FQ-9811,INV-950112,BND,VEH-353,Yes,Temburong,8,High Demand Zone,9,8/23/2023,Pass
2025-07-03,22:11:25,"""CNR1993047""",Cancelled,"""CID2155317""",Premium,Serusop,Bangar,14.8,42.7,,,,1.17,3.6,4.2,Cash,15.89,Brunei-Muara,Brunei-Muara,Syafiqah Yusof,3.67,12.74,June,2024,Sunday,1.0,10.0,OFF-200134,6/30/2024 22:11,accepted,6/30/2024 22:11,SESS-20137,6/30/2024 17:11,7/1/2024 1:11,6/30/2024 22:11,2025-07-03 04:29:00,2025-07-03 04:34:00,2025-07-03 04:39:00,2025-07-03 05:03:00,,4.91504,114.94118,4.96987,114.87202,3.5,3.22,3.42,15.18,FQ-5376,INV-178320,BND,VEH-214,Yes,Tutong,9,High Demand Zone,8,3/25/2023,Pass
2025-07-02,19:39:10,"""CNR9815636""",Completed,"""CID4412852""",Premium,Kuala Belait,Lumut,4.1,40.1,,,,15.97,4.8,3.7,Cash,25.45,Brunei-Muara,Tutong,Ahmad Zaki,6.24,18.85,November,2024,Friday,0.0,8.2,OFF-200195,11/1/2024 19:38,accepted,11/1/2024 19:38,SESS-75925,11/1/2024 16:39,11/1/2024 22:39,11/1/2024 19:39,2025-07-02 08:41:00,2025-07-02 08:46:00,2025-07-02 08:53:00,2025-07-02 09:04:00,,4.93874,114.93587,4.66206,114.61835,3.5,6.77,3.21,13.48,FQ-5429,INV-993095,BND,VEH-696,Yes,Brunei-Muara,11,Normal,8,6/7/2023,Pass
2025-07-21,18:22:17,"""CNR2591553""",Completed,"""CID8719421""",Sedan,Berakas,Jerudong,11.2,10.6,,,,8.17,4.1,4.3,Cash,19.63,Brunei-Muara,Brunei-Muara,Mohd Hafiz,2.04,12.29,June,2024,Saturday,0.0,4.7,OFF-200057,6/1/2024 18:21,accepted,6/1/2024 18:21,SESS-37455,6/1/2024 13:22,6/1/2024 20:22,6/1/2024 18:22,2025-07-21 04:12:00,2025-07-21 04:13:00,2025-07-21 04:19:00,2025-07-21 05:04:00,,4.91962,114.9778,4.86975,114.96503,3.5,13.64,0.85,25.49,FQ-7803,INV-510877,BND,VEH-678,Yes,Temburong,10,High Demand Zone,8,7/5/2023,Pass
2025-07-30,11:30:11,"""CNR4645249""",Cancelled,"""CID5962991""",Compact,Bangar,Tutong Town,10.9,20.2,,,,6.36,4.6,3.8,Cash,23.36,Brunei-Muara,Brunei-Muara,Mohd Hafiz,4.64,18.8,November,2024,Monday,1.0,11.8,OFF-200113,11/25/2024 11:29,accepted,11/25/2024 11:29,SESS-37455,11/25/2024 7:30,11/25/2024 12:30,11/25/2024 11:30,2025-07-30 03:08:00,2025-07-30 03:10:00,2025-07-30 03:19:00,2025-07-30 03:49:00,,4.95986,114.91957,4.96214,114.86915,3.5,5.53,1.62,12.65,FQ-6461,INV-161985,BND,VEH-678,Yes,Belait,13,Normal,9,11/5/2023,Pass
2025-07-18,18:04:38,"""CNR7294023""",Cancelled,"""CID4171544""",Premium,Lumut,Sengkurong,10.8,42.3,,1.0,Customer Demand,24.59,4.1,3.7,Dart Wallet,17.85,Tutong,Brunei-Muara,Ibrahim Daud,2.54,11.37,February,2024,Saturday,1.0,7.9,OFF-200074,2/24/2024 18:03,accepted,2/24/2024 18:03,SESS-97398,2/24/2024 14:04,2/24/2024 21:04,2/24/2024 18:04,2025-07-18 06:21:00,2025-07-18 06:24:00,2025-07-18 06:30:00,2025-07-18 07:05:00,,4.80558,114.7372,4.90277,114.88197,3.5,4.92,3.38,11.8,FQ-7097,INV-940986,BND,VEH-819,Yes,Brunei-Muara,8,Normal,3,10/12/2023,Pass
2025-07-19,21:38:19,"""CNR5641229""",Completed,"""CID6884557""",Compact,Serusop,Jangsak,7.9,34.7,,,,25.82,4.1,4.6,Online Banking,14.45,Tutong,Tutong,Zulhelmi Ishak,2.2,10.49,August,2024,Saturday,1.0,9.3,OFF-200156,8/10/2024 21:37,accepted,8/10/2024 21:37,SESS-38008,8/10/2024 17:38,8/11/2024 0:38,8/10/2024 21:38,2025-07-19 08:52:00,2025-07-19 08:53:00,2025-07-19 09:02:00,2025-07-19 09:46:00,,4.75138,114.66938,4.71459,114.78805,3.5,20.18,2.78,44.69,FQ-7952,INV-574905,BND,VEH-353,Yes,Tutong,12,High Demand Zone,1,3/14/2023,Pass
2025-07-03,15:20:46,"""CNR4215294""",Cancelled,"""CID4665477""",Premium,Jangsak,Serusop,4.8,13.5,,,,19.71,4.4,4.5,Online Banking,32.32,Belait,Brunei-Muara,Faisal Hakimi,5.52,22.43,January,2024,Wednesday,0.0,5.7,OFF-200119,1/10/2024 15:20,accepted,1/10/2024 15:20,SESS-85181,1/10/2024 11:20,1/10/2024 16:20,1/10/2024 15:20,2025-07-03 05:29:00,2025-07-03 05:34:00,2025-07-03 05:41:00,2025-07-03 05:55:00,,4.53101,114.19478,4.91683,114.93668,3.5,6.58,1.08,11.16,FQ-5787,INV-530245,BND,VEH-126,Yes,Tutong,7,Normal,6,5/5/2023,Pass
2025-07-30,4:39:18,"""CNR8910332""",Completed,"""CID1229941""",Sedan,Sengkurong,Rimba,4.5,11.0,,,,20.29,3.8,4.0,Cash,10.41,Brunei-Muara,Brunei-Muara,,2.1,7.55,November,2024,Tuesday,,4.3,OFF-200163,11/19/2024 4:39,accepted,11/19/2024 4:39,SESS-16338,11/19/2024 1:39,11/19/2024 6:39,11/19/2024 4:39,2025-07-30 16:41:00,2025-07-30 16:43:00,2025-07-30 16:49:00,2025-07-30 17:27:00,,4.88914,114.88394,4.95473,114.87104,3.5,3.92,0.88,17.45,FQ-7055,INV-883339,BND,VEH-510,Yes,Tutong,8,High Demand Zone,10,8/21/2023,Pass
2025-07-25,17:31:04,"""CNR6842007""",Completed,"""CID5905633""",Sedan,Mata-Mata,Bandar Seri Begawan,8.2,12.1,,,,3.11,4.9,4.8,Online Banking,30.1,Brunei-Muara,Brunei-Muara,Aiman Hakim,5.75,23.8,March,2024,Monday,1.0,11.8,OFF-200020,3/11/2024 17:30,accepted,3/11/2024 17:30,SESS-93521,3/11/2024 12:31,3/11/2024 19:31,3/11/2024 17:31,2025-07-25 23:45:00,2025-07-25 23:47:00,2025-07-25 23:50:00,2025-07-26 00:10:00,3/11/2024 17:35,4.85469,114.90842,4.87973,114.89058,3.5,3.92,0.97,6.89,FQ-8752,INV-828783,BND,VEH-146,Yes,Temburong,10,Normal,8,9/9/2023,Pass
2025-07-11,4:39:18,"""CNR8910332""",Completed,"""CID1229941""",Compact,Berakas,Tutong Town,4.5,11.0,,,,5.7,4.4,3.8,Dart Wallet,9.44,Brunei-Muara,Brunei-Muara,,2.09,7.58,November,2024,Tuesday,,4.3,OFF-200163,11/19/2024 4:39,accepted,11/19/2024 4:39,SESS-16338,11/19/2024 1:39,11/19/2024 6:39,11/19/2024 4:39,2025-07-11 03:34:00,2025-07-11 03:36:00,2025-07-11 03:44:00,2025-07-11 04:17:00,,4.88914,114.88394,4.95473,114.87104,3.5,3.92,0.88,17.45,FQ-7055,INV-883339,BND,VEH-510,Yes,Belait,8,High Demand Zone,10,8/21/2023,Pass
2025-07-21,14:54:46,"""CNR4762531""",Completed,"""CID9791511""",Sedan,Sengkurong,Mata-Mata,5.5,38.2,,,,7.02,4.8,4.0,Online Banking,9.08,Brunei-Muara,Brunei-Muara,Ibrahim Daud,1.59,7.33,May,2024,Sunday,1.0,6.4,OFF-200137,5/12/2024 14:54,rejected,5/12/2024 14:54,SESS-97398,5/12/2024 11:54,5/12/2024 15:54,5/12/2024 14:54,2025-07-21 21:02:00,2025-07-21 21:04:00,2025-07-21 21:06:00,2025-07-21 21:24:00,,4.88485,114.97826,4.85334,114.94048,3.5,9.57,3.06,22.16,FQ-7858,INV-169076,BND,VEH-819,Yes,Brunei-Muara,13,High Demand Zone,3,2/24/2023,Pass
2025-07-28,10:01:49,"""CNR5994386""",Completed,"""CID5100180""",SUV,Bandar Seri Begawan,Bandar Seri Begawan,9.6,17.4,,,,2.49,3.9,4.7,Online Banking,18.96,Brunei-Muara,Brunei-Muara,Hamid Rashid,1.96,13.94,June,2024,Wednesday,0.0,6.7,OFF-200100,6/12/2024 10:01,accepted,6/12/2024 10:01,SESS-39154,6/12/2024 6:01,6/12/2024 11:01,6/12/2024 10:01,2025-07-28 04:38:00,2025-07-28 04:42:00,2025-07-28 04:51:00,2025-07-28 05:00:00,,4.85784,114.86004,4.91782,114.92255,3.5,6.97,1.39,10.86,FQ-9392,INV-788877,BND,VEH-750,Yes,Temburong,10,Normal,2,1/1/2024,Pass
2025-07-27,10:05:53,"""CNR8467869""",Cancelled,"""CID3130096""",SUV,Bandar Seri Begawan,Bangar,3.2,14.4,,,,26.86,4.5,5.0,Online Banking,20.47,Belait,Belait,,4.92,15.26,June,2024,Thursday,,6.2,OFF-200151,6/20/2024 10:05,accepted,6/20/2024 10:05,SESS-16338,6/20/2024 8:05,6/20/2024 12:05,6/20/2024 10:05,2025-07-27 08:19:00,2025-07-27 08:21:00,2025-07-27 08:24:00,2025-07-27 08:51:00,,4.58805,114.24636,4.67083,114.25141,3.5,3.92,1.15,13.57,FQ-8742,INV-105149,BND,VEH-510,Yes,Tutong,5,Normal,8,7/25/2023,Pass
2025-07-02,20:22:11,"""CNR7665294""",Completed,"""CID5596375""",Premium,Serusop,Berakas,3.1,22.3,,,,28.49,3.6,4.6,Cash,5.33,Brunei-Muara,Belait,Fadhil Junaidi,1.1,4.4,November,2024,Friday,1.0,7.6,OFF-200191,11/29/2024 20:21,rejected,11/29/2024 20:21,SESS-29233,11/29/2024 15:22,11/29/2024 22:22,11/29/2024 20:22,2025-07-02 10:18:00,2025-07-02 10:21:00,2025-07-02 10:26:00,2025-07-02 10:47:00,11/29/2024 20:24,4.86634,114.86194,4.61182,114.16108,3.5,3.92,1.78,10.2,FQ-8230,INV-513393,BND,VEH-642,Yes,Brunei-Muara,13,Normal,6,9/21/2023,Pass
2025-07-03,20:52:36,"""CNR1405417""",Completed,"""CID1941374""",Sedan,Serusop,Tutong Town,5.7,22.3,,1.0,Vehicle Breakdown,19.86,5.0,4.8,Cash,19.24,Brunei-Muara,Tutong,Ahmad Zaki,2.8,13.62,March,2024,Friday,1.0,8.8,OFF-200176,3/15/2024 20:51,rejected,3/15/2024 20:51,SESS-75925,3/15/2024 18:52,3/15/2024 22:52,3/15/2024 20:52,2025-07-03 13:30:00,2025-07-03 13:35:00,2025-07-03 13:38:00,2025-07-03 14:22:00,,4.87009,114.9696,4.7414,114.63634,3.5,1.92,1.78,10.0,FQ-5340,INV-106569,BND,VEH-696,Yes,Temburong,8,High Demand Zone,3,2/3/2023,Pass
2025-07-01,14:41:56,"""CNR3422152""",Cancelled,"""CID9604726""",Compact,Gadong,Bangar,13.5,42.5,,,,13.46,4.8,4.2,Cash,25.25,Tutong,Brunei-Muara,Siti Aminah,3.05,17.84,December,2024,Thursday,0.0,11.0,OFF-200098,12/26/2024 14:41,rejected,12/26/2024 14:41,SESS-19622,12/26/2024 9:41,12/26/2024 17:41,12/26/2024 14:41,2025-07-01 00:46:00,2025-07-01 00:51:00,2025-07-01 01:01:00,2025-07-01 01:18:00,,4.71618,114.76674,4.86274,114.94378,3.5,12.76,3.4,26.57,FQ-7001,INV-280068,BND,VEH-614,Yes,Temburong,11,High Demand Zone,14,1/29/2023,Pass
2025-07-29,12:29:52,"""CNR6025689""",Completed,"""CID8921108""",Sedan,Muara,Muara,4.7,10.3,,,,26.76,3.5,5.0,Cash,26.92,Brunei-Muara,Tutong,,4.99,21.49,January,2024,Wednesday,,4.1,OFF-200035,1/10/2024 12:29,rejected,1/10/2024 12:29,SESS-16338,1/10/2024 7:29,1/10/2024 13:29,1/10/2024 12:29,2025-07-29 11:11:00,2025-07-29 11:15:00,2025-07-29 11:22:00,2025-07-29 11:39:00,,4.88513,114.87098,4.72785,114.79049,3.5,3.92,0.82,10.74,FQ-7079,INV-366816,BND,VEH-510,Yes,Brunei-Muara,12,Normal,1,5/27/2023,Pass
2025-07-24,18:13:05,"""CNR8068577""",Completed,"""CID2385957""",Premium,Jangsak,Lambak,6.2,12.8,,,,26.82,4.5,4.1,Cash,22.28,Brunei-Muara,Brunei-Muara,Ahmad Zaki,2.66,18.93,May,2024,Wednesday,1.0,8.7,OFF-200095,5/22/2024 18:12,accepted,5/22/2024 18:12,SESS-75925,5/22/2024 13:13,5/22/2024 19:13,5/22/2024 18:13,2025-07-24 07:48:00,2025-07-24 07:49:00,2025-07-24 07:52:00,2025-07-24 08:00:00,,4.94939,114.8792,4.89032,114.95803,3.5,3.61,1.02,8.66,FQ-8741,INV-864083,BND,VEH-696,Yes,Belait,8,High Demand Zone,5,4/25/2023,Pass
2025-07-22,10:05:53,"""CNR8467869""",Completed,"""CID3130096""",Compact,Sengkurong,Muara,3.2,14.4,,,,8.08,3.7,4.3,Online Banking,30.81,Belait,Belait,,4.55,25.36,June,2024,Thursday,,6.2,OFF-200151,6/20/2024 10:05,accepted,6/20/2024 10:05,SESS-16338,6/20/2024 8:05,6/20/2024 12:05,6/20/2024 10:05,2025-07-22 01:52:00,2025-07-22 01:54:00,2025-07-22 02:04:00,2025-07-22 02:25:00,,4.58805,114.24636,4.67083,114.25141,3.5,3.92,1.15,13.57,FQ-8742,INV-105149,BND,VEH-510,Yes,Temburong,5,Normal,8,7/25/2023,Pass
2025-07-12,11:19:06,"""CNR3609994""",Cancelled by Driver,"""CID2703039""",SUV,Berakas,Serusop,11.0,40.1,,,,22.02,4.2,3.9,Online Banking,6.93,Brunei-Muara,Belait,,0.73,5.52,February,2024,Thursday,,8.5,OFF-200150,2/22/2024 11:18,accepted,2/22/2024 11:18,SESS-16338,2/22/2024 9:19,2/22/2024 12:19,2/22/2024 11:19,2025-07-12 13:33:00,2025-07-12 13:36:00,2025-07-12 13:45:00,2025-07-12 14:29:00,,4.9529,114.92257,4.60565,114.22755,3.5,3.92,3.21,15.94,FQ-6583,INV-561935,BND,VEH-510,Yes,Brunei-Muara,9,High Demand Zone,12,7/18/2023,Pass
2025-07-25,2:54:41,"""CNR4689937""",Completed,"""CID3896706""",Premium,Tutong Town,Rimba,4.1,44.0,,,,12.13,3.8,4.2,Cash,30.35,Brunei-Muara,Belait,Abdul Rahman,4.78,18.35,August,2024,Wednesday,1.0,7.0,OFF-200189,8/28/2024 2:54,accepted,8/28/2024 2:54,SESS-85776,8/27/2024 21:54,8/28/2024 4:54,8/28/2024 2:54,2025-07-25 13:57:00,2025-07-25 13:58:00,2025-07-25 14:07:00,2025-07-25 14:13:00,8/28/2024 2:58,4.91149,114.92542,4.69683,114.35312,3.5,3.92,3.52,14.68,FQ-6394,INV-575507,BND,VEH-428,Yes,Tutong,10,High Demand Zone,13,4/3/2023,Pass
2025-07-13,14:08:13,"""CNR8483311""",Cancelled by Driver,"""CID5335612""",Premium,Kiulap,Bangar,14.7,36.8,1.0,,,27.32,4.0,4.6,Cash,32.53,Brunei-Muara,Brunei-Muara,Khairul Anuar,6.14,26.11,March,2024,Thursday,0.0,8.3,OFF-200036,3/7/2024 14:07,accepted,3/7/2024 14:08,SESS-78148,3/7/2024 12:08,3/7/2024 16:08,3/7/2024 14:08,2025-07-13 05:31:00,2025-07-13 05:32:00,2025-07-13 05:42:00,2025-07-13 06:14:00,3/7/2024 14:16,4.87607,114.91628,4.89107,114.95041,3.5,3.92,2.94,16.54,FQ-8173,INV-250204,BND,VEH-476,Yes,Tutong,12,High Demand Zone,13,10/17/2023,Pass
2025-07-27,5:42:27,"""CNR9492586""",Cancelled by Driver,"""CID7425592""",Compact,Kuala Belait,Bangar,8.7,44.4,,,,12.06,3.5,3.7,Dart Wallet,8.2,Brunei-Muara,Belait,Nabilah Hassan,1.96,6.45,July,2024,Tuesday,1.0,7.1,OFF-200011,7/16/2024 5:41,accepted,7/16/2024 5:41,SESS-68128,7/16/2024 2:42,7/16/2024 7:42,7/16/2024 5:42,2025-07-27 19:24:00,2025-07-27 19:25:00,2025-07-27 19:27:00,2025-07-27 19:59:00,,4.90991,114.86397,4.57885,114.17193,3.5,13.43,3.55,20.48,FQ-7000,INV-642952,BND,VEH-713,Yes,Temburong,11,Normal,9,10/11/2023,Pass
2025-07-26,20:04:40,"""CNR3050672""",Completed,"""CID7072566""",Sedan,Mentiri,Rimba,13.7,44.0,,,,23.69,4.4,3.7,Online Banking,24.1,Belait,Brunei-Muara,Mustafa Kamal,4.61,19.34,April,2024,Saturday,1.0,9.2,OFF-200112,4/6/2024 20:04,accepted,4/6/2024 20:04,SESS-19846,4/6/2024 15:04,4/6/2024 22:04,4/6/2024 20:04,2025-07-26 21:07:00,2025-07-26 21:12:00,2025-07-26 21:17:00,2025-07-26 21:27:00,4/6/2024 20:11,4.52321,114.23055,4.88918,114.91799,3.5,3.92,3.52,18.91,FQ-5816,INV-979031,BND,VEH-726,Yes,Tutong,9,High Demand Zone,3,5/20/2023,Pass
2025-07-11,8:57:26,"""CNR5472109""",Completed,"""CID5048206""",Compact,Jangsak,Gadong,12.9,30.6,,,,17.14,4.8,3.6,Cash,23.41,Brunei-Muara,Brunei-Muara,Fadhil Junaidi,4.38,16.44,August,2024,Monday,1.0,6.7,OFF-200182,8/12/2024 8:57,rejected,8/12/2024 8:57,SESS-29233,8/12/2024 6:57,8/12/2024 9:57,8/12/2024 8:57,2025-07-11 08:41:00,2025-07-11 08:45:00,2025-07-11 08:54:00,2025-07-11 09:10:00,,4.91086,114.85067,4.89067,114.95317,3.5,7.64,2.45,16.09,FQ-6003,INV-661710,BND,VEH-642,Yes,Brunei-Muara,13,Normal,12,11/17/2023,Pass
2025-07-18,16:14:46,"""CNR8215682""",Completed,"""CID4968980""",SUV,Tutong Town,Lumut,14.6,11.8,,,,20.02,4.3,3.8,Card,30.88,Brunei-Muara,Tutong,Awangku Mohd,6.12,20.32,February,2024,Saturday,0.0,6.9,OFF-200012,2/10/2024 16:14,accepted,2/10/2024 16:14,SESS-35925,2/10/2024 11:14,2/10/2024 17:14,2/10/2024 16:14,2025-07-18 09:57:00,2025-07-18 10:00:00,2025-07-18 10:04:00,2025-07-18 10:37:00,,4.93645,114.91644,4.81403,114.7482,3.5,10.1,0.94,14.54,FQ-9491,INV-310926,BND,VEH-727,Yes,Tutong,12,Normal,11,2/3/2023,Pass
2025-07-15,20:58:36,"""CNR2834318""",Cancelled by Driver,"""CID5225614""",Sedan,Tutong Town,Tutong Town,5.0,33.7,,,,11.14,3.9,4.3,Online Banking,22.22,Tutong,Brunei-Muara,Azizul Hasni,3.7,13.76,September,2024,Tuesday,1.0,8.3,OFF-200022,9/24/2024 20:57,accepted,9/24/2024 20:57,SESS-32577,9/24/2024 18:58,9/24/2024 21:58,9/24/2024 20:58,2025-07-15 18:08:00,2025-07-15 18:10:00,2025-07-15 18:20:00,2025-07-15 18:27:00,9/24/2024 21:06,4.6951,114.61724,4.93418,114.88213,3.5,3.92,2.7,12.65,FQ-9106,INV-154394,BND,VEH-480,Yes,Brunei-Muara,13,High Demand Zone,14,9/1/2023,Pass
2025-07-11,14:41:56,"""CNR3422152""",Completed,"""CID9604726""",Premium,Serusop,Gadong,13.5,42.5,,,,11.87,4.1,3.5,Online Banking,31.72,Tutong,Brunei-Muara,Siti Aminah,4.57,26.51,December,2024,Thursday,0.0,11.0,OFF-200098,12/26/2024 14:41,rejected,12/26/2024 14:41,SESS-19622,12/26/2024 9:41,12/26/2024 17:41,12/26/2024 14:41,2025-07-11 18:16:00,2025-07-11 18:20:00,2025-07-11 18:23:00,2025-07-11 18:54:00,,4.71618,114.76674,4.86274,114.94378,3.5,12.76,3.4,26.57,FQ-7001,INV-280068,BND,VEH-614,Yes,Tutong,11,High Demand Zone,14,1/29/2023,Pass
2025-07-10,20:47:53,"""CNR3122045""",Cancelled,"""CID3241966""",Premium,Mentiri,Tutong Beach,10.5,33.1,,,,5.35,4.9,4.9,Card,24.03,Belait,Tutong,Zulhelmi Ishak,4.74,19.0,July,2024,Thursday,0.0,7.7,OFF-200104,7/11/2024 20:47,accepted,7/11/2024 20:47,SESS-38008,7/11/2024 17:47,7/11/2024 21:47,7/11/2024 20:47,2025-07-10 04:55:00,2025-07-10 04:56:00,2025-07-10 04:58:00,2025-07-10 05:40:00,,4.5563,114.25526,4.72672,114.73274,3.5,1.02,2.65,14.76,FQ-9811,INV-950112,BND,VEH-353,Yes,Belait,8,High Demand Zone,9,8/23/2023,Pass
2025-07-08,17:26:43,"""CNR5058425""",Completed,"""CID8939404""",Compact,Tutong Beach,Kiulap,2.4,35.3,,,,17.68,5.0,4.7,Dart Wallet,9.24,Brunei-Muara,Belait,Ridhwan Bakar,1.38,7.65,July,2024,Saturday,0.0,4.9,OFF-200029,7/6/2024 17:26,accepted,7/6/2024 17:26,SESS-20959,7/6/2024 13:26,7/6/2024 18:26,7/6/2024 17:26,2025-07-08 18:18:00,2025-07-08 18:22:00,2025-07-08 18:32:00,2025-07-08 19:13:00,,4.96512,114.89779,4.62049,114.24781,3.5,3.67,2.82,17.48,FQ-8863,INV-156526,BND,VEH-504,Yes,Brunei-Muara,9,High Demand Zone,4,1/1/2023,Pass
2025-07-08,14:44:07,"""CNR3009174""",Completed,"""CID4686557""",Premium,Sengkurong,Bandar Seri Begawan,10.2,11.3,,,,14.02,3.7,4.7,Cash,22.37,Brunei-Muara,Belait,Syafiqah Yusof,4.15,15.76,January,2024,Saturday,0.0,9.9,OFF-200016,1/13/2024 14:43,rejected,1/13/2024 14:43,SESS-20137,1/13/2024 11:44,1/13/2024 17:44,1/13/2024 14:44,2025-07-08 14:11:00,2025-07-08 14:15:00,2025-07-08 14:20:00,2025-07-08 14:32:00,1/13/2024 14:48,4.9107,114.89467,4.57992,114.32022,3.5,3.92,0.9,10.4,FQ-5713,INV-816454,BND,VEH-214,Yes,Temburong,4,High Demand Zone,7,11/2/2023,Pass
2025-07-18,20:04:40,"""CNR3050672""",Completed,"""CID7072566""",Premium,Kuala Belait,Mentiri,13.7,44.0,,,,29.51,4.8,4.7,Cash,16.47,Belait,Brunei-Muara,Mustafa Kamal,3.21,12.25,April,2024,Saturday,1.0,9.2,OFF-200112,4/6/2024 20:04,rejected,4/6/2024 20:04,SESS-19846,4/6/2024 15:04,4/6/2024 22:04,4/6/2024 20:04,2025-07-18 07:40:00,2025-07-18 07:45:00,2025-07-18 07:49:00,2025-07-18 08:20:00,4/6/2024 20:11,4.52321,114.23055,4.88918,114.91799,3.5,3.92,3.52,18.91,FQ-5816,INV-979031,BND,VEH-726,Yes,Tutong,9,High Demand Zone,3,5/20/2023,Pass
2025-07-29,22:34:44,"""CNR2832932""",Completed,"""CID2093358""",Sedan,Bangar,Lumut,4.0,33.3,,,,5.84,4.1,4.3,Card,3.77,Brunei-Muara,Belait,Shahrul Nizam,0.67,2.33,September,2024,Thursday,1.0,9.3,OFF-200061,9/19/2024 22:33,rejected,9/19/2024 22:33,SESS-93507,9/19/2024 17:34,9/20/2024 0:34,9/19/2024 22:34,2025-07-29 13:53:00,2025-07-29 13:57:00,2025-07-29 14:00:00,2025-07-29 14:15:00,,4.97195,114.87802,4.52003,114.28066,3.5,18.22,2.66,35.47,FQ-5020,INV-287413,BND,VEH-252,Yes,Tutong,12,High Demand Zone,9,9/7/2023,Pass
2025-07-14,14:59:17,"""CNR6784305""",Completed,"""CID9250370""",Premium,Jerudong,Mentiri,11.5,36.6,,,,11.29,4.8,4.2,Cash,26.64,Brunei-Muara,Brunei-Muara,Sufian bin Haji Ali,4.3,18.97,July,2024,Saturday,0.0,11.8,OFF-200083,7/6/2024 14:58,accepted,7/6/2024 14:58,SESS-22883,7/6/2024 9:59,7/6/2024 16:59,7/6/2024 14:59,2025-07-14 10:56:00,2025-07-14 10:58:00,2025-07-14 11:08:00,2025-07-14 11:38:00,,4.894,114.93164,4.95329,114.94433,3.5,7.14,2.93,20.36,FQ-9351,INV-505010,BND,VEH-473,Yes,Tutong,13,High Demand Zone,1,1/12/2024,Pass
2025-07-10,21:00:23,"""CNR5065800""",Cancelled,"""CID8927033""",Premium,Serusop,Gadong,12.4,41.2,,,,15.75,3.9,3.6,Dart Wallet,17.03,Brunei-Muara,Brunei-Muara,Roslan Ahmad,4.12,12.72,December,2024,Monday,1.0,7.0,OFF-200111,12/23/2024 20:59,accepted,12/23/2024 20:59,SESS-14930,12/23/2024 16:00,12/23/2024 23:00,12/23/2024 21:00,2025-07-10 15:35:00,2025-07-10 15:40:00,2025-07-10 15:44:00,2025-07-10 15:57:00,12/23/2024 21:04,4.90875,114.85801,4.93801,114.93077,3.5,3.92,3.3,12.72,FQ-6863,INV-640532,BND,VEH-675,Yes,Brunei-Muara,8,Normal,6,6/19/2023,Pass
2025-07-11,10:41:11,"""CNR1282098""",Completed,"""CID4893475""",Compact,Kuala Belait,Mentiri,11.5,13.3,,,,28.41,3.9,4.1,Online Banking,4.34,Brunei-Muara,Tutong,Noraini Kassim,0.91,3.56,December,2024,Monday,1.0,10.8,OFF-200085,12/16/2024 10:40,accepted,12/16/2024 10:40,SESS-88755,12/16/2024 8:41,12/16/2024 13:41,12/16/2024 10:41,2025-07-11 01:21:00,2025-07-11 01:26:00,2025-07-11 01:36:00,2025-07-11 02:14:00,,4.85943,114.89897,4.79064,114.74205,3.5,17.09,1.06,22.65,FQ-8604,INV-541408,BND,VEH-967,Yes,Temburong,8,Normal,9,4/8/2023,Pass
2025-07-29,22:15:02,"""CNR6026851""",Cancelled,"""CID6133594""",Premium,Jerudong,Kuala Belait,6.4,20.7,,,,9.37,4.9,4.6,Dart Wallet,31.33,Brunei-Muara,Brunei-Muara,Abdul Rahman,7.78,25.99,October,2024,Saturday,1.0,8.9,OFF-200140,10/5/2024 22:14,accepted,10/5/2024 22:14,SESS-85776,10/5/2024 18:15,10/5/2024 23:15,10/5/2024 22:15,2025-07-29 19:10:00,2025-07-29 19:13:00,2025-07-29 19:20:00,2025-07-29 19:31:00,,4.9225,114.96828,4.89399,114.9767,3.5,13.76,1.66,25.65,FQ-6476,INV-839344,BND,VEH-428,Yes,Belait,8,High Demand Zone,4,1/28/2023,Pass
2025-07-22,9:12:30,"""CNR2094763""",Cancelled,"""CID8322650""",SUV,Gadong,Kiulap,14.0,16.5,,,,9.17,3.7,4.2,Cash,14.83,Brunei-Muara,Brunei-Muara,Abdul Rahman,2.43,12.41,July,2024,Tuesday,0.0,8.3,OFF-200186,7/2/2024 9:11,accepted,7/2/2024 9:11,SESS-85776,7/2/2024 4:12,7/2/2024 10:12,7/2/2024 9:12,2025-07-22 07:59:00,2025-07-22 08:04:00,2025-07-22 08:09:00,2025-07-22 08:20:00,,4.90088,114.88958,4.92678,114.91289,3.5,1.64,1.32,10.07,FQ-9280,INV-856112,BND,VEH-428,Yes,Belait,7,High Demand Zone,11,12/10/2023,Pass
2025-07-15,18:24:57,"""CNR2835455""",Completed,"""CID5855006""",Sedan,Lumut,Tutong Town,3.2,17.1,,,,24.31,3.7,3.6,Card,33.99,Brunei-Muara,Brunei-Muara,Shahrul Nizam,4.53,26.72,July,2024,Thursday,1.0,4.2,OFF-200018,7/4/2024 18:24,accepted,7/4/2024 18:24,SESS-93507,7/4/2024 14:24,7/4/2024 20:24,7/4/2024 18:24,2025-07-15 09:51:00,2025-07-15 09:55:00,2025-07-15 09:58:00,2025-07-15 10:10:00,,4.86728,114.89368,4.93924,114.92949,3.5,8.09,1.37,18.44,FQ-5925,INV-540658,BND,VEH-252,Yes,Temburong,5,High Demand Zone,4,12/29/2023,Pass
2025-07-11,20:52:36,"""CNR1405417""",Completed,"""CID1941374""",Sedan,Kiulap,Mata-Mata,5.7,22.3,,1.0,Vehicle Breakdown,19.19,3.8,4.8,Online Banking,33.37,Brunei-Muara,Tutong,Ahmad Zaki,6.27,22.07,March,2024,Friday,1.0,8.8,OFF-200176,3/15/2024 20:51,accepted,3/15/2024 20:51,SESS-75925,3/15/2024 18:52,3/15/2024 22:52,3/15/2024 20:52,2025-07-11 08:18:00,2025-07-11 08:19:00,2025-07-11 08:29:00,2025-07-11 09:14:00,,4.87009,114.9696,4.7414,114.63634,3.5,1.92,1.78,10.0,FQ-5340,INV-106569,BND,VEH-696,Yes,Tutong,8,High Demand Zone,3,2/3/2023,Pass
2025-07-07,16:58:40,"""CNR3034053""",Cancelled by Driver,"""CID7011064""",SUV,Kuala Belait,Serusop,5.4,17.4,,,,2.95,4.1,3.8,Cash,3.1,Brunei-Muara,Brunei-Muara,Ahmad Zaki,0.41,2.29,May,2024,Tuesday,1.0,12.0,OFF-200099,5/21/2024 16:58,accepted,5/21/2024 16:58,SESS-75925,5/21/2024 12:58,5/21/2024 18:58,5/21/2024 16:58,2025-07-07 08:19:00,2025-07-07 08:21:00,2025-07-07 08:30:00,2025-07-07 08:44:00,,4.95755,114.97649,4.93414,114.8688,3.5,2.52,1.39,12.41,FQ-7603,INV-358639,BND,VEH-696,Yes,Temburong,13,Normal,14,2/4/2024,Pass
2025-07-09,10:56:12,"""CNR2608448""",Completed,"""CID5169769""",Premium,Tutong Beach,Lambak,6.1,40.5,,,,19.27,3.8,3.9,Card,18.69,Brunei-Muara,Tutong,Abdul Rahman,3.39,14.01,February,2024,Thursday,1.0,9.0,OFF-200139,2/8/2024 10:55,rejected,2/8/2024 10:55,SESS-85776,2/8/2024 7:56,2/8/2024 12:56,2/8/2024 10:56,2025-07-09 19:16:00,2025-07-09 19:19:00,2025-07-09 19:24:00,2025-07-09 20:09:00,,4.91423,114.9531,4.68149,114.62119,3.5,9.56,3.24,14.8,FQ-7105,INV-933646,BND,VEH-428,Yes,Temburong,9,Normal,7,4/8/2023,Pass
2025-07-31,17:23:20,"""CNR5411958""",Completed,"""CID4138382""",Compact,Jerudong,Lambak,11.2,39.1,,1.0,Vehicle Breakdown,21.44,4.2,4.7,Online Banking,25.3,Belait,Brunei-Muara,Abdul Rahman,4.37,20.07,February,2024,Saturday,1.0,11.0,OFF-200188,2/3/2024 17:22,accepted,2/3/2024 17:22,SESS-85776,2/3/2024 14:23,2/3/2024 20:23,2/3/2024 17:23,2025-07-31 09:17:00,2025-07-31 09:19:00,2025-07-31 09:26:00,2025-07-31 09:59:00,,4.56702,114.28703,4.90079,114.96501,3.5,7.38,3.13,15.01,FQ-8424,INV-948366,BND,VEH-428,Yes,Temburong,10,Normal,10,11/10/2023,Pass
2025-07-14,13:58:55,"""CNR4363142""",Completed,"""CID4559451""",Premium,Mata-Mata,Kiulap,6.9,14.2,,1.0,Vehicle Breakdown,13.82,4.6,3.9,Online Banking,15.52,Brunei-Muara,Brunei-Muara,Aiman Hakim,3.68,10.86,February,2024,Sunday,1.0,11.9,OFF-200146,2/18/2024 13:58,rejected,2/18/2024 13:58,SESS-93521,2/18/2024 10:58,2/18/2024 14:58,2/18/2024 13:58,2025-07-14 21:06:00,2025-07-14 21:09:00,2025-07-14 21:15:00,2025-07-14 21:21:00,,4.95034,114.9427,4.92638,114.97539,3.5,8.78,1.14,18.42,FQ-5217,INV-534343,BND,VEH-146,Yes,Belait,6,Normal,11,6/17/2023,Pass
2025-07-11,12:06:32,"""CNR1755879""",Cancelled by Driver,"""CID1823373""",SUV,Muara,Lambak,2.3,13.8,,,,16.65,4.7,4.1,Cash,7.13,Brunei-Muara,Brunei-Muara,,0.74,5.97,July,2024,Sunday,,11.0,OFF-200075,7/21/2024 12:05,accepted,7/21/2024 12:06,SESS-16338,7/21/2024 10:06,7/21/2024 13:06,7/21/2024 12:06,2025-07-11 20:42:00,2025-07-11 20:46:00,2025-07-11 20:52:00,2025-07-11 20:59:00,,4.88843,114.92228,4.88137,114.91752,3.5,3.92,1.1,12.65,FQ-8727,INV-645832,BND,VEH-510,Yes,Temburong,11,High Demand Zone,8,8/10/2023,Pass
2025-07-11,8:36:52,"""CNR2600511""",Cancelled by Driver,"""CID9938842""",SUV,Sengkurong,Bangar,7.6,14.3,,,,7.65,3.8,4.0,Card,30.51,Belait,Belait,Ibrahim Daud,7.22,24.42,December,2024,Wednesday,0.0,9.1,OFF-200008,12/25/2024 8:36,rejected,12/25/2024 8:36,SESS-97398,12/25/2024 3:36,12/25/2024 10:36,12/25/2024 8:36,2025-07-11 11:45:00,2025-07-11 11:46:00,2025-07-11 11:49:00,2025-07-11 12:29:00,,4.51527,114.27945,4.60612,114.1339,3.5,6.22,1.14,18.29,FQ-9134,INV-912270,BND,VEH-819,Yes,Belait,4,High Demand Zone,11,11/3/2023,Pass
2025-07-24,0:26:09,"""CNR5317954""",Completed,"""CID7826673""",Compact,Tutong Beach,Rimba,5.5,33.0,,,,7.67,3.7,3.9,Cash,12.65,Brunei-Muara,Brunei-Muara,Fadhil Junaidi,1.73,10.03,February,2024,Friday,0.0,11.1,OFF-200198,2/9/2024 0:25,accepted,2/9/2024 0:25,SESS-29233,2/8/2024 22:26,2/9/2024 3:26,2/9/2024 0:26,2025-07-24 06:53:00,2025-07-24 06:58:00,2025-07-24 07:00:00,2025-07-24 07:07:00,,4.89355,114.90455,4.87904,114.87111,3.5,15.26,2.64,32.1,FQ-6804,INV-550724,BND,VEH-642,Yes,Brunei-Muara,12,High Demand Zone,14,11/12/2023,Pass
2025-07-26,8:12:03,"""CNR8336735""",Completed,"""CID2161274""",Compact,Bandar Seri Begawan,Bandar Seri Begawan,3.7,22.4,,,,18.06,4.7,4.8,Cash,6.06,Brunei-Muara,Brunei-Muara,Siti Aminah,1.36,4.23,October,2024,Friday,0.0,7.9,OFF-200027,10/18/2024 8:11,accepted,10/18/2024 8:11,SESS-19622,10/18/2024 5:12,10/18/2024 11:12,10/18/2024 8:12,2025-07-26 12:34:00,2025-07-26 12:37:00,2025-07-26 12:41:00,2025-07-26 13:11:00,,4.86262,114.96797,4.89841,114.88537,3.5,22.27,1.79,27.56,FQ-5309,INV-505061,BND,VEH-614,Yes,Brunei-Muara,11,Normal,6,4/7/2023,Pass
2025-07-14,14:27:41,"""CNR7498137""",Cancelled,"""CID9299897""",Premium,Berakas,Jerudong,12.3,38.7,,,,7.45,4.6,3.9,Dart Wallet,16.75,Brunei-Muara,Brunei-Muara,Faisal Hakimi,2.37,11.75,January,2024,Friday,1.0,8.5,OFF-200127,1/12/2024 14:26,accepted,1/12/2024 14:26,SESS-85181,1/12/2024 11:27,1/12/2024 16:27,1/12/2024 14:27,2025-07-14 16:38:00,2025-07-14 16:41:00,2025-07-14 16:47:00,2025-07-14 16:53:00,,4.89756,114.89802,4.93703,114.92727,3.5,1.57,3.1,8.71,FQ-7692,INV-195013,BND,VEH-126,Yes,Temburong,13,High Demand Zone,10,6/16/2023,Pass
2025-07-17,12:28:08,"""CNR8559128""",Cancelled by Driver,"""CID1831657""",Compact,Bangar,Jerudong,4.4,42.0,,,,7.73,4.0,4.5,Card,15.72,Brunei-Muara,Tutong,Mustafa Kamal,2.9,10.89,October,2024,Monday,0.0,6.2,OFF-200051,10/14/2024 12:27,accepted,10/14/2024 12:27,SESS-19846,10/14/2024 8:28,10/14/2024 13:28,10/14/2024 12:28,2025-07-17 07:11:00,2025-07-17 07:15:00,2025-07-17 07:24:00,2025-07-17 07:30:00,,4.91015,114.9056,4.7977,114.71322,3.5,12.08,3.36,33.41,FQ-9715,INV-567503,BND,VEH-726,Yes,Tutong,7,High Demand Zone,12,3/3/2023,Pass
2025-07-26,20:17:18,"""CNR6724544""",Cancelled,"""CID8999095""",Sedan,Lumut,Muara,3.4,43.5,,,,25.35,4.1,4.2,Card,19.75,Brunei-Muara,Brunei-Muara,Khairul Anuar,2.15,15.61,January,2024,Friday,0.0,9.4,OFF-200082,1/5/2024 20:16,rejected,1/5/2024 20:16,SESS-78148,1/5/2024 16:17,1/5/2024 21:17,1/5/2024 20:17,2025-07-26 19:53:00,2025-07-26 19:55:00,2025-07-26 20:05:00,2025-07-26 20:16:00,1/5/2024 20:21,4.89792,114.88277,4.89921,114.883,3.5,3.92,3.48,13.4,FQ-7573,INV-473089,BND,VEH-476,Yes,Belait,14,Normal,13,4/7/2023,Pass
2025-07-24,16:23:55,"""CNR2775531""",Cancelled by Driver,"""CID3611959""",SUV,Gadong,Tutong Town,3.4,34.7,,,,19.91,4.8,4.3,Dart Wallet,13.02,Brunei-Muara,Brunei-Muara,Siti Aminah,2.69,8.86,September,2024,Tuesday,0.0,5.7,OFF-200110,9/24/2024 16:23,rejected,9/24/2024 16:23,SESS-19622,9/24/2024 12:23,9/24/2024 17:23,9/24/2024 16:23,2025-07-24 10:48:00,2025-07-24 10:51:00,2025-07-24 10:53:00,2025-07-24 11:07:00,,4.97314,114.93464,4.96064,114.90285,3.5,16.15,2.78,20.93,FQ-9653,INV-443473,BND,VEH-614,Yes,Temburong,8,Normal,10,4/26/2023,Pass
2025-07-24,13:57:22,"""CNR8878134""",Completed,"""CID7848826""",SUV,Serusop,Gadong,14.1,10.4,,,,29.19,4.7,3.8,Cash,17.0,Belait,Brunei-Muara,Sufian bin Haji Ali,2.78,10.37,May,2024,Saturday,1.0,4.9,OFF-200143,5/18/2024 13:56,accepted,5/18/2024 13:56,SESS-22883,5/18/2024 9:57,5/18/2024 16:57,5/18/2024 13:57,2025-07-24 02:49:00,2025-07-24 02:50:00,2025-07-24 02:58:00,2025-07-24 03:09:00,5/18/2024 14:03,4.58179,114.11543,4.8958,114.95953,3.5,3.92,0.83,10.25,FQ-9245,INV-966726,BND,VEH-473,Yes,Temburong,12,Normal,2,5/17/2023,Pass
2025-07-16,17:37:07,"""CNR6403761""",Completed,"""CID4335550""",Compact,Kuala Belait,Jerudong,4.6,32.9,1.0,,,11.78,3.8,4.3,Online Banking,22.68,Belait,Belait,Haji Ramli,2.75,17.29,May,2024,Thursday,0.0,9.3,OFF-200116,5/9/2024 17:36,accepted,5/9/2024 17:36,SESS-68895,5/9/2024 13:37,5/9/2024 18:37,5/9/2024 17:37,2025-07-16 04:35:00,2025-07-16 04:39:00,2025-07-16 04:47:00,2025-07-16 05:27:00,5/9/2024 17:43,4.56322,114.35532,4.52656,114.19165,3.5,3.92,2.63,12.05,FQ-5044,INV-648494,BND,VEH-355,Yes,Brunei-Muara,6,Normal,11,5/25/2023,Pass
2025-07-20,11:54:21,"""CNR2312430""",Cancelled by Driver,"""CID9761509""",SUV,Berakas,Mentiri,10.0,39.5,,,,13.07,4.0,5.0,Card,3.31,Brunei-Muara,Tutong,Shahrul Nizam,0.36,2.11,August,2024,Monday,0.0,8.1,OFF-200068,8/26/2024 11:53,rejected,8/26/2024 11:53,SESS-93507,8/26/2024 9:54,8/26/2024 12:54,8/26/2024 11:54,2025-07-20 22:13:00,2025-07-20 22:17:00,2025-07-20 22:23:00,2025-07-20 23:01:00,,4.93963,114.89716,4.80297,114.68201,3.5,7.54,3.16,16.2,FQ-6291,INV-968820,BND,VEH-252,Yes,Temburong,11,Normal,8,11/13/2023,Pass
2025-07-07,14:41:56,"""CNR3422152""",Completed,"""CID9604726""",Compact,Jerudong,Kiulap,13.5,42.5,,,,26.62,3.9,3.8,Card,23.36,Tutong,Brunei-Muara,Siti Aminah,2.39,16.03,December,2024,Thursday,0.0,11.0,OFF-200098,12/26/2024 14:41,accepted,12/26/2024 14:41,SESS-19622,12/26/2024 9:41,12/26/2024 17:41,12/26/2024 14:41,2025-07-07 06:30:00,2025-07-07 06:34:00,2025-07-07 06:44:00,2025-07-07 06:55:00,,4.71618,114.76674,4.86274,114.94378,3.5,12.76,3.4,26.57,FQ-7001,INV-280068,BND,VEH-614,Yes,Tutong,11,High Demand Zone,14,1/29/2023,Pass
2025-07-30,10:56:12,"""CNR2608448""",Cancelled by Driver,"""CID5169769""",SUV,Tutong Town,Bangar,6.1,40.5,,,,7.28,4.3,3.7,Cash,6.3,Brunei-Muara,Tutong,Abdul Rahman,1.16,4.06,February,2024,Thursday,1.0,9.0,OFF-200139,2/8/2024 10:55,accepted,2/8/2024 10:55,SESS-85776,2/8/2024 7:56,2/8/2024 12:56,2/8/2024 10:56,2025-07-30 13:25:00,2025-07-30 13:30:00,2025-07-30 13:37:00,2025-07-30 14:01:00,,4.91423,114.9531,4.68149,114.62119,3.5,9.56,3.24,14.8,FQ-7105,INV-933646,BND,VEH-428,Yes,Temburong,9,Normal,7,4/8/2023,Pass
2025-07-21,17:49:20,"""CNR4918246""",Completed,"""CID2808277""",Sedan,Berakas,Lambak,6.0,10.7,,,,18.83,3.6,3.5,Card,32.75,Tutong,Belait,Mohd Hafiz,5.61,20.82,April,2024,Monday,0.0,6.6,OFF-200024,4/8/2024 17:49,accepted,4/8/2024 17:49,SESS-37455,4/8/2024 15:49,4/8/2024 19:49,4/8/2024 17:49,2025-07-21 12:10:00,2025-07-21 12:15:00,2025-07-21 12:21:00,2025-07-21 13:02:00,,4.82489,114.71429,4.64969,114.34022,3.5,16.98,0.86,33.01,FQ-6504,INV-669462,BND,VEH-678,Yes,Temburong,5,High Demand Zone,6,1/6/2024,Pass
2025-07-02,18:52:21,"""CNR5527486""",Cancelled by Driver,"""CID1522967""",Sedan,Kuala Belait,Tutong Beach,3.1,10.9,,,,12.18,4.3,4.3,Card,15.07,Brunei-Muara,Tutong,Ridhwan Bakar,2.21,10.83,November,2024,Tuesday,1.0,11.1,OFF-200179,11/12/2024 18:51,rejected,11/12/2024 18:51,SESS-20959,11/12/2024 15:52,11/12/2024 20:52,11/12/2024 18:52,2025-07-02 04:20:00,2025-07-02 04:24:00,2025-07-02 04:32:00,2025-07-02 05:05:00,,4.91079,114.87978,4.68273,114.73974,3.5,2.04,0.87,10.62,FQ-7306,INV-318395,BND,VEH-504,Yes,Tutong,12,High Demand Zone,9,6/20/2023,Pass
2025-07-29,11:06:44,"""CNR8442785""",Completed,"""CID7651154""",Compact,Mata-Mata,Bangar,3.2,43.6,,,,13.63,4.2,4.0,Dart Wallet,20.85,Tutong,Brunei-Muara,Ahmad Zaki,2.16,14.32,September,2024,Wednesday,0.0,4.5,OFF-200122,9/4/2024 11:05,accepted,9/4/2024 11:06,SESS-75925,9/4/2024 8:06,9/4/2024 14:06,9/4/2024 11:06,2025-07-29 19:46:00,2025-07-29 19:49:00,2025-07-29 19:53:00,2025-07-29 20:11:00,,4.67843,114.76523,4.9107,114.96154,3.5,13.79,3.49,25.78,FQ-8406,INV-615153,BND,VEH-696,Yes,Belait,6,Normal,13,6/11/2023,Pass
2025-07-22,8:02:31,"""CNR9210055""",Completed,"""CID2341391""",SUV,Rimba,Sengkurong,9.5,34.1,1.0,,,6.65,4.9,4.9,Cash,14.55,Brunei-Muara,Brunei-Muara,Fadhil Junaidi,2.17,10.86,March,2024,Friday,0.0,7.6,OFF-200052,3/8/2024 8:02,rejected,3/8/2024 8:02,SESS-29233,3/8/2024 4:02,3/8/2024 9:02,3/8/2024 8:02,2025-07-22 11:36:00,2025-07-22 11:41:00,2025-07-22 11:46:00,2025-07-22 12:18:00,3/8/2024 8:04,4.89535,114.86483,4.86959,114.89999,3.5,3.92,2.73,10.15,FQ-6058,INV-126854,BND,VEH-642,Yes,Belait,13,Normal,8,8/20/2023,Pass
2025-07-17,11:19:06,"""CNR3609994""",Completed,"""CID2703039""",Premium,Rimba,Kiulap,11.0,40.1,,,,27.9,4.2,4.2,Online Banking,30.62,Brunei-Muara,Belait,,5.97,26.01,February,2024,Thursday,,8.5,OFF-200150,2/22/2024 11:18,accepted,2/22/2024 11:18,SESS-16338,2/22/2024 9:19,2/22/2024 12:19,2/22/2024 11:19,2025-07-17 00:33:00,2025-07-17 00:36:00,2025-07-17 00:38:00,2025-07-17 01:00:00,,4.9529,114.92257,4.60565,114.22755,3.5,3.92,3.21,15.94,FQ-6583,INV-561935,BND,VEH-510,Yes,Temburong,9,High Demand Zone,12,7/18/2023,Pass
2025-07-28,13:57:22,"""CNR8878134""",Completed,"""CID7848826""",SUV,Gadong,Serusop,14.1,10.4,,,,4.46,4.8,4.0,Card,29.69,Belait,Brunei-Muara,Sufian bin Haji Ali,6.13,21.1,May,2024,Saturday,1.0,4.9,OFF-200143,5/18/2024 13:56,rejected,5/18/2024 13:56,SESS-22883,5/18/2024 9:57,5/18/2024 16:57,5/18/2024 13:57,2025-07-28 20:44:00,2025-07-28 20:45:00,2025-07-28 20:48:00,2025-07-28 21:27:00,5/18/2024 14:03,4.58179,114.11543,4.8958,114.95953,3.5,3.92,0.83,10.25,FQ-9245,INV-966726,BND,VEH-473,Yes,Tutong,12,Normal,2,5/17/2023,Pass
2025-07-09,18:36:55,"""CNR6363970""",Cancelled,"""CID3593238""",Sedan,Lambak,Sengkurong,13.4,12.7,,,,24.93,4.2,3.6,Dart Wallet,5.08,Tutong,Brunei-Muara,Khairul Anuar,1.06,3.68,April,2024,Tuesday,1.0,10.8,OFF-200056,4/16/2024 18:36,accepted,4/16/2024 18:36,SESS-78148,4/16/2024 14:36,4/16/2024 19:36,4/16/2024 18:36,2025-07-09 06:36:00,2025-07-09 06:39:00,2025-07-09 06:41:00,2025-07-09 07:25:00,,4.77461,114.76049,4.94219,114.88607,3.5,12.96,1.02,18.48,FQ-6092,INV-678197,BND,VEH-476,Yes,Tutong,8,Normal,5,8/19/2023,Pass
2025-08-09,23:33:25,"""CNR6408706""",Completed,"""CID1966936""",Premium,Kuala Belait,Tutong Town,13.9,28.7,,,,21.19,3.6,3.7,Cash,21.18,Belait,Tutong,Haji Ramli,3.59,15.71,January,2024,Sunday,1.0,4.3,OFF-200038,1/7/2024 23:32,rejected,1/7/2024 23:32,SESS-68895,1/7/2024 20:33,1/8/2024 0:33,1/7/2024 23:33,2025-08-09 19:02:00,2025-08-09 19:04:00,2025-08-09 19:12:00,2025-08-09 19:49:00,,4.52471,114.10833,4.71093,114.747,3.5,10.45,2.3,22.31,FQ-9577,INV-981907,BND,VEH-355,Yes,Brunei-Muara,6,High Demand Zone,3,4/15/2023,Pass
2025-08-24,16:48:05,"""CNR9060565""",Completed,"""CID8916050""",Compact,Berakas,Sengkurong,7.7,28.4,,,,19.63,3.7,4.6,Cash,29.79,Brunei-Muara,Brunei-Muara,Syafiqah Yusof,3.83,24.59,July,2024,Monday,1.0,5.7,OFF-200108,7/29/2024 16:47,accepted,7/29/2024 16:47,SESS-20137,7/29/2024 14:48,7/29/2024 17:48,7/29/2024 16:48,2025-08-24 02:07:00,2025-08-24 02:09:00,2025-08-24 02:11:00,2025-08-24 02:36:00,,4.94133,114.96168,4.92891,114.91703,3.5,12.7,2.27,26.2,FQ-7952,INV-884997,BND,VEH-214,Yes,Brunei-Muara,9,High Demand Zone,6,11/4/2023,Pass
2025-08-02,17:05:41,"""CNR9229091""",Completed,"""CID2105258""",SUV,Mentiri,Mata-Mata,12.2,20.5,,,,9.55,4.4,4.2,Card,8.67,Brunei-Muara,Brunei-Muara,Ibrahim Daud,1.21,6.71,October,2024,Wednesday,1.0,9.1,OFF-200180,10/2/2024 17:04,accepted,10/2/2024 17:04,SESS-97398,10/2/2024 13:05,10/2/2024 18:05,10/2/2024 17:05,2025-08-02 12:38:00,2025-08-02 12:41:00,2025-08-02 12:45:00,2025-08-02 13:08:00,10/2/2024 17:13,4.96821,114.93056,4.87758,114.91649,3.5,3.92,1.64,10.32,FQ-9129,INV-854465,BND,VEH-819,Yes,Belait,12,High Demand Zone,10,8/5/2023,Pass
2025-08-12,18:22:20,"""CNR7385162""",Completed,"""CID4223292""",SUV,Serusop,Bangar,12.9,29.0,,,,21.29,3.6,4.7,Dart Wallet,9.64,Belait,Brunei-Muara,,2.16,7.0,July,2024,Sunday,,5.2,OFF-200041,7/14/2024 18:21,accepted,7/14/2024 18:21,SESS-16338,7/14/2024 14:22,7/14/2024 21:22,7/14/2024 18:22,2025-08-12 20:28:00,2025-08-12 20:29:00,2025-08-12 20:33:00,2025-08-12 21:06:00,,4.57838,114.37354,4.96925,114.91966,3.5,3.92,2.32,10.74,FQ-6215,INV-299624,BND,VEH-510,Yes,Temburong,4,Normal,4,9/17/2023,Pass
2025-08-25,5:04:40,"""CNR7372127""",Completed,"""CID2108992""",SUV,Jerudong,Tutong Beach,12.9,14.9,,,,11.8,4.6,3.6,Dart Wallet,21.78,Tutong,Belait,Awangku Mohd,4.1,15.13,December,2024,Wednesday,0.0,8.2,OFF-200185,12/25/2024 5:04,rejected,12/25/2024 5:04,SESS-35925,12/25/2024 2:04,12/25/2024 7:04,12/25/2024 5:04,2025-08-25 06:04:00,2025-08-25 06:07:00,2025-08-25 06:16:00,2025-08-25 06:34:00,12/25/2024 5:08,4.71344,114.77428,4.61808,114.2021,3.5,3.92,1.19,7.11,FQ-5965,INV-272196,BND,VEH-727,Yes,Brunei-Muara,6,Normal,11,6/8/2023,Pass
2025-08-21,16:17:41,"""CNR3870348""",Completed,"""CID6667215""",Sedan,Mentiri,Mentiri,11.4,15.9,,,,16.86,4.4,4.4,Card,8.21,Brunei-Muara,Brunei-Muara,Aiman Hakim,1.36,6.47,November,2024,Monday,1.0,9.8,OFF-200166,11/25/2024 16:17,accepted,11/25/2024 16:17,SESS-93521,11/25/2024 12:17,11/25/2024 18:17,11/25/2024 16:17,2025-08-21 11:47:00,2025-08-21 11:51:00,2025-08-21 11:55:00,2025-08-21 12:00:00,,4.90184,114.86996,4.89424,114.9317,3.5,12.45,1.27,30.83,FQ-5436,INV-142363,BND,VEH-146,Yes,Temburong,5,High Demand Zone,2,5/23/2023,Pass
2025-08-23,13:52:53,"""CNR6076037""",Completed,"""CID7062179""",Compact,Sengkurong,Mentiri,11.4,12.8,1.0,,,26.45,4.1,4.3,Dart Wallet,34.06,Belait,Tutong,Ibrahim Daud,8.01,26.93,January,2024,Monday,0.0,4.0,OFF-200141,1/15/2024 13:51,accepted,1/15/2024 13:52,SESS-97398,1/15/2024 9:52,1/15/2024 16:52,1/15/2024 13:52,2025-08-23 13:35:00,2025-08-23 13:37:00,2025-08-23 13:46:00,2025-08-23 14:16:00,1/15/2024 13:55,4.66258,114.38961,4.84392,114.7965,3.5,3.92,1.02,15.55,FQ-8235,INV-478504,BND,VEH-819,Yes,Tutong,8,High Demand Zone,2,2/22/2023,Pass
2025-08-25,20:35:44,"""CNR4134932""",Completed,"""CID6712001""",SUV,Kuala Belait,Tutong Beach,14.8,17.1,,,,2.56,4.0,3.7,Card,28.23,Belait,Brunei-Muara,Syafiqah Yusof,6.18,17.58,July,2024,Friday,1.0,9.4,OFF-200121,7/19/2024 20:35,accepted,7/19/2024 20:35,SESS-20137,7/19/2024 16:35,7/19/2024 22:35,7/19/2024 20:35,2025-08-25 08:32:00,2025-08-25 08:34:00,2025-08-25 08:36:00,2025-08-25 09:06:00,,4.65002,114.36316,4.85119,114.97616,3.5,21.95,1.37,27.82,FQ-6666,INV-235039,BND,VEH-214,Yes,Belait,5,Normal,1,6/4/2023,Pass
2025-08-13,18:33:33,"""CNR1951748""",Completed,"""CID2938002""",Sedan,Kuala Belait,Kuala Belait,4.7,38.4,,,,22.0,3.5,4.7,Card,16.97,Brunei-Muara,Tutong,,3.11,10.84,April,2024,Wednesday,,11.8,OFF-200132,4/10/2024 18:33,accepted,4/10/2024 18:33,SESS-16338,4/10/2024 13:33,4/10/2024 19:33,4/10/2024 18:33,2025-08-13 05:23:00,2025-08-13 05:25:00,2025-08-13 05:29:00,2025-08-13 05:34:00,,4.85975,114.97263,4.65284,114.64541,3.5,3.92,3.07,15.49,FQ-9621,INV-292992,BND,VEH-510,Yes,Belait,12,Normal,11,4/28/2023,Pass
2025-08-06,18:57:42,"""CNR1401168""",Completed,"""CID2578107""",Compact,Lumut,Rimba,12.4,24.6,,,,23.13,4.7,4.8,Card,7.11,Brunei-Muara,Brunei-Muara,Haji Ramli,1.54,4.5,May,2024,Saturday,1.0,7.2,OFF-200162,5/25/2024 18:57,rejected,5/25/2024 18:57,SESS-68895,5/25/2024 15:57,5/25/2024 19:57,5/25/2024 18:57,2025-08-06 10:52:00,2025-08-06 10:56:00,2025-08-06 11:06:00,2025-08-06 11:41:00,,4.90637,114.97589,4.91939,114.85413,3.5,9.32,1.97,18.79,FQ-5954,INV-736927,BND,VEH-355,Yes,Belait,12,Normal,2,7/29/2023,Pass
2025-08-24,18:04:38,"""CNR7294023""",Completed,"""CID4171544""",SUV,Lumut,Gadong,10.8,42.3,,1.0,Customer Demand,15.54,3.6,4.1,Card,14.59,Tutong,Brunei-Muara,Ibrahim Daud,2.77,8.76,February,2024,Saturday,1.0,7.9,OFF-200074,2/24/2024 18:03,accepted,2/24/2024 18:03,SESS-97398,2/24/2024 14:04,2/24/2024 21:04,2/24/2024 18:04,2025-08-24 13:27:00,2025-08-24 13:28:00,2025-08-24 13:38:00,2025-08-24 14:08:00,,4.80558,114.7372,4.90277,114.88197,3.5,4.92,3.38,11.8,FQ-7097,INV-940986,BND,VEH-819,Yes,Tutong,8,Normal,3,10/12/2023,Pass
2025-08-08,14:20:44,"""CNR8878477""",Completed,"""CID5259729""",Premium,Mata-Mata,Bandar Seri Begawan,4.3,10.7,1.0,,,10.02,4.9,3.9,Dart Wallet,7.82,Belait,Belait,Shahrul Nizam,1.35,6.01,July,2024,Saturday,0.0,8.3,OFF-200145,7/20/2024 14:20,rejected,7/20/2024 14:20,SESS-93507,7/20/2024 12:20,7/20/2024 16:20,7/20/2024 14:20,2025-08-08 04:27:00,2025-08-08 04:29:00,2025-08-08 04:31:00,2025-08-08 04:48:00,7/20/2024 14:29,4.66899,114.2119,4.56758,114.15712,3.5,3.92,0.86,9.28,FQ-7781,INV-502556,BND,VEH-252,Yes,Tutong,12,Normal,7,12/7/2023,Pass
2025-08-06,12:06:32,"""CNR1755879""",Completed,"""CID1823373""",Compact,Sengkurong,Jerudong,2.3,13.8,,,,15.7,4.5,4.5,Cash,7.12,Brunei-Muara,Brunei-Muara,,0.72,5.49,July,2024,Sunday,,11.0,OFF-200075,7/21/2024 12:05,accepted,7/21/2024 12:06,SESS-16338,7/21/2024 10:06,7/21/2024 13:06,7/21/2024 12:06,2025-08-06 05:18:00,2025-08-06 05:22:00,2025-08-06 05:25:00,2025-08-06 06:03:00,,4.88843,114.92228,4.88137,114.91752,3.5,3.92,1.1,12.65,FQ-8727,INV-645832,BND,VEH-510,Yes,Brunei-Muara,11,High Demand Zone,8,8/10/2023,Pass
2025-08-14,8:36:52,"""CNR2600511""",Cancelled by Driver,"""CID9938842""",Compact,Tutong Beach,Sengkurong,7.6,14.3,,,,6.19,3.6,4.8,Online Banking,6.57,Belait,Belait,Ibrahim Daud,1.41,4.64,December,2024,Wednesday,0.0,9.1,OFF-200008,12/25/2024 8:36,accepted,12/25/2024 8:36,SESS-97398,12/25/2024 3:36,12/25/2024 10:36,12/25/2024 8:36,2025-08-14 01:12:00,2025-08-14 01:13:00,2025-08-14 01:19:00,2025-08-14 01:51:00,,4.51527,114.27945,4.60612,114.1339,3.5,6.22,1.14,18.29,FQ-9134,INV-912270,BND,VEH-819,Yes,Temburong,4,High Demand Zone,11,11/3/2023,Pass
2025-08-01,20:07:52,"""CNR3734577""",Completed,"""CID4874936""",Compact,Mata-Mata,Kiulap,5.5,30.4,,,,14.35,4.1,4.1,Online Banking,30.77,Tutong,Brunei-Muara,Sufian bin Haji Ali,5.84,18.85,October,2024,Tuesday,0.0,10.1,OFF-200073,10/1/2024 20:07,accepted,10/1/2024 20:07,SESS-22883,10/1/2024 15:07,10/1/2024 22:07,10/1/2024 20:07,2025-08-01 10:51:00,2025-08-01 10:53:00,2025-08-01 10:59:00,2025-08-01 11:41:00,,4.65284,114.72336,4.888,114.87296,3.5,5.38,2.43,10.81,FQ-9229,INV-676519,BND,VEH-473,Yes,Temburong,5,Normal,10,4/23/2023,Pass
2025-08-22,5:04:40,"""CNR7372127""",Cancelled,"""CID2108992""",Compact,Kuala Belait,Sengkurong,12.9,14.9,,,,2.03,4.1,4.3,Cash,12.53,Tutong,Belait,Awangku Mohd,2.63,7.87,December,2024,Wednesday,0.0,8.2,OFF-200185,12/25/2024 5:04,accepted,12/25/2024 5:04,SESS-35925,12/25/2024 2:04,12/25/2024 7:04,12/25/2024 5:04,2025-08-22 09:36:00,2025-08-22 09:39:00,2025-08-22 09:49:00,2025-08-22 09:55:00,12/25/2024 5:08,4.71344,114.77428,4.61808,114.2021,3.5,3.92,1.19,7.11,FQ-5965,INV-272196,BND,VEH-727,Yes,Belait,6,Normal,11,6/8/2023,Pass
2025-08-06,18:03:59,"""CNR6443443""",Cancelled by Driver,"""CID1686959""",Premium,Mata-Mata,Tutong Town,7.6,16.6,,,,27.2,3.6,4.4,Dart Wallet,32.4,Brunei-Muara,Brunei-Muara,Hamid Rashid,7.23,26.99,December,2024,Tuesday,1.0,4.3,OFF-200144,12/10/2024 18:03,accepted,12/10/2024 18:03,SESS-39154,12/10/2024 15:03,12/10/2024 21:03,12/10/2024 18:03,2025-08-06 02:28:00,2025-08-06 02:30:00,2025-08-06 02:34:00,2025-08-06 02:45:00,12/10/2024 18:08,4.88354,114.93049,4.97936,114.95369,3.5,3.92,1.33,17.12,FQ-6220,INV-852305,BND,VEH-750,Yes,Temburong,11,High Demand Zone,10,2/3/2023,Pass
2025-08-11,13:05:11,"""CNR4338511""",Completed,"""CID5489012""",Compact,Mentiri,Kuala Belait,5.6,21.0,,,,8.45,4.2,4.8,Dart Wallet,33.41,Brunei-Muara,Tutong,,7.77,25.5,December,2024,Friday,,9.0,OFF-200006,12/27/2024 13:04,accepted,12/27/2024 13:04,SESS-16338,12/27/2024 8:05,12/27/2024 15:05,12/27/2024 13:05,2025-08-11 10:55:00,2025-08-11 10:59:00,2025-08-11 11:02:00,2025-08-11 11:16:00,,4.95854,114.86804,4.7445,114.70676,3.5,3.92,1.68,16.38,FQ-7848,INV-611636,BND,VEH-510,Yes,Brunei-Muara,11,High Demand Zone,7,11/23/2023,Pass
2025-08-04,21:33:57,"""CNR4549763""",Cancelled,"""CID7659002""",Compact,Kiulap,Sengkurong,11.0,28.7,,,,23.57,4.9,4.4,Card,26.9,Tutong,Belait,Syafiqah Yusof,5.4,18.0,June,2024,Wednesday,1.0,11.1,OFF-200173,6/26/2024 21:33,accepted,6/26/2024 21:33,SESS-20137,6/26/2024 18:33,6/27/2024 0:33,6/26/2024 21:33,2025-08-04 06:25:00,2025-08-04 06:30:00,2025-08-04 06:36:00,2025-08-04 06:57:00,,4.82413,114.71252,4.55719,114.33598,3.5,17.71,2.3,31.89,FQ-6080,INV-849475,BND,VEH-214,Yes,Belait,6,High Demand Zone,13,6/1/2023,Pass
2025-08-22,22:15:02,"""CNR6026851""",Cancelled,"""CID6133594""",Premium,Mata-Mata,Serusop,6.4,20.7,,,,7.52,4.6,4.4,Online Banking,6.11,Brunei-Muara,Brunei-Muara,Abdul Rahman,0.81,4.75,October,2024,Saturday,1.0,8.9,OFF-200140,10/5/2024 22:14,accepted,10/5/2024 22:14,SESS-85776,10/5/2024 18:15,10/5/2024 23:15,10/5/2024 22:15,2025-08-22 09:07:00,2025-08-22 09:09:00,2025-08-22 09:17:00,2025-08-22 09:22:00,,4.9225,114.96828,4.89399,114.9767,3.5,13.76,1.66,25.65,FQ-6476,INV-839344,BND,VEH-428,Yes,Brunei-Muara,8,High Demand Zone,4,1/28/2023,Pass
2025-08-20,5:07:15,"""CNR2934263""",Completed,"""CID3123182""",Sedan,Lumut,Bangar,9.5,22.1,,,,13.89,4.5,3.8,Online Banking,14.08,Belait,Brunei-Muara,Khairul Anuar,2.98,10.07,March,2024,Monday,0.0,11.4,OFF-200167,3/25/2024 5:06,accepted,3/25/2024 5:06,SESS-78148,3/25/2024 2:07,3/25/2024 7:07,3/25/2024 5:07,2025-08-20 14:25:00,2025-08-20 14:30:00,2025-08-20 14:37:00,2025-08-20 15:08:00,,4.62353,114.31096,4.95954,114.93956,3.5,13.26,1.77,23.53,FQ-8646,INV-555702,BND,VEH-476,Yes,Temburong,14,Normal,2,6/14/2023,Pass
2025-08-22,17:14:49,"""CNR1552056""",Completed,"""CID6419575""",Premium,Lumut,Bangar,5.3,43.3,1.0,,,22.77,4.4,3.7,Cash,12.73,Belait,Brunei-Muara,Ahmad Zaki,2.17,9.07,January,2024,Monday,0.0,11.1,OFF-200169,1/29/2024 17:14,accepted,1/29/2024 17:14,SESS-75925,1/29/2024 13:14,1/29/2024 19:14,1/29/2024 17:14,2025-08-22 12:09:00,2025-08-22 12:14:00,2025-08-22 12:16:00,2025-08-22 12:46:00,1/29/2024 17:16,4.51246,114.39622,4.87596,114.88295,3.5,3.92,3.46,14.6,FQ-8820,INV-663993,BND,VEH-696,Yes,Brunei-Muara,11,High Demand Zone,6,7/20/2023,Pass
2025-08-20,22:24:03,"""CNR9205944""",Cancelled by Driver,"""CID2975665""",SUV,Bangar,Lumut,10.1,35.5,,,,28.52,3.7,3.8,Dart Wallet,15.11,Belait,Brunei-Muara,,2.41,9.53,July,2024,Sunday,,7.6,OFF-200136,7/14/2024 22:23,accepted,7/14/2024 22:23,SESS-16338,7/14/2024 17:24,7/15/2024 1:24,7/14/2024 22:24,2025-08-20 11:27:00,2025-08-20 11:28:00,2025-08-20 11:36:00,2025-08-20 12:08:00,,4.65695,114.26303,4.96827,114.92521,3.5,3.92,2.84,10.26,FQ-7907,INV-658083,BND,VEH-510,Yes,Tutong,10,Normal,14,9/8/2023,Pass
2025-08-10,20:31:41,"""CNR6760475""",Completed,"""CID2785792""",Compact,Sengkurong,Berakas,11.8,39.2,,,,20.26,4.3,4.5,Online Banking,23.17,Belait,Tutong,,4.52,17.88,December,2024,Friday,,5.8,OFF-200177,12/27/2024 20:30,accepted,12/27/2024 20:31,SESS-16338,12/27/2024 18:31,12/27/2024 22:31,12/27/2024 20:31,2025-08-10 05:42:00,2025-08-10 05:47:00,2025-08-10 05:55:00,2025-08-10 06:10:00,,4.64322,114.34329,4.70581,114.68612,3.5,3.92,3.14,15.56,FQ-9122,INV-765025,BND,VEH-510,Yes,Temburong,13,Normal,8,9/12/2023,Pass
2025-08-18,15:46:39,"""CNR1091682""",Completed,"""CID1131593""",SUV,Jangsak,Lambak,3.4,14.7,1.0,,,10.69,4.1,4.9,Dart Wallet,20.05,Belait,Tutong,Abdul Rahman,2.52,14.36,July,2024,Thursday,0.0,11.0,OFF-200026,7/4/2024 15:45,accepted,7/4/2024 15:45,SESS-85776,7/4/2024 12:46,7/4/2024 18:46,7/4/2024 15:46,2025-08-18 12:01:00,2025-08-18 12:05:00,2025-08-18 12:14:00,2025-08-18 12:44:00,7/4/2024 15:55,4.65763,114.19244,4.65554,114.72602,3.5,3.92,1.18,10.75,FQ-9428,INV-959254,BND,VEH-428,Yes,Tutong,6,High Demand Zone,6,9/11/2023,Pass
2025-08-21,20:35:44,"""CNR4134932""",Completed,"""CID6712001""",Sedan,Serusop,Tutong Beach,14.8,17.1,,,,5.83,3.5,4.9,Dart Wallet,22.51,Belait,Brunei-Muara,Syafiqah Yusof,4.56,17.03,July,2024,Friday,1.0,9.4,OFF-200121,7/19/2024 20:35,accepted,7/19/2024 20:35,SESS-20137,7/19/2024 16:35,7/19/2024 22:35,7/19/2024 20:35,2025-08-21 13:20:00,2025-08-21 13:21:00,2025-08-21 13:26:00,2025-08-21 13:57:00,,4.65002,114.36316,4.85119,114.97616,3.5,21.95,1.37,27.82,FQ-6666,INV-235039,BND,VEH-214,Yes,Belait,5,Normal,1,6/4/2023,Pass
2025-08-20,20:55:21,"""CNR7116878""",Cancelled,"""CID8235642""",SUV,Jangsak,Sengkurong,8.3,34.3,,,,9.5,3.9,4.2,Card,13.33,Brunei-Muara,Brunei-Muara,Aiman Hakim,1.75,10.98,January,2024,Sunday,0.0,11.5,OFF-200193,1/14/2024 20:54,accepted,1/14/2024 20:54,SESS-93521,1/14/2024 15:55,1/14/2024 21:55,1/14/2024 20:55,2025-08-20 20:12:00,2025-08-20 20:14:00,2025-08-20 20:24:00,2025-08-20 21:04:00,,4.8613,114.97933,4.9221,114.87937,3.5,7.26,2.74,13.5,FQ-5308,INV-972168,BND,VEH-146,Yes,Belait,7,Normal,5,4/2/2023,Pass
2025-08-20,9:55:48,"""CNR4076785""",Completed,"""CID4419792""",SUV,Mentiri,Lambak,11.7,29.7,,,,20.78,4.1,4.2,Dart Wallet,26.96,Brunei-Muara,Belait,Ahmad Zaki,4.8,18.91,December,2024,Tuesday,1.0,7.7,OFF-200004,12/3/2024 9:55,accepted,12/3/2024 9:55,SESS-75925,12/3/2024 4:55,12/3/2024 11:55,12/3/2024 9:55,2025-08-20 14:01:00,2025-08-20 14:06:00,2025-08-20 14:15:00,2025-08-20 14:31:00,,4.89715,114.85574,4.588,114.39263,3.5,5.43,2.38,10.81,FQ-9216,INV-903863,BND,VEH-696,Yes,Brunei-Muara,5,Normal,6,1/15/2024,Pass
2025-08-26,18:45:44,"""CNR8732810""",Cancelled,"""CID7655227""",Sedan,Jangsak,Lumut,2.9,15.8,,,,21.78,3.7,4.1,Online Banking,14.63,Belait,Belait,Awangku Mohd,2.89,10.65,December,2024,Saturday,1.0,7.6,OFF-200028,12/14/2024 18:45,accepted,12/14/2024 18:45,SESS-35925,12/14/2024 13:45,12/14/2024 21:45,12/14/2024 18:45,2025-08-26 13:08:00,2025-08-26 13:13:00,2025-08-26 13:16:00,2025-08-26 13:55:00,,4.68325,114.27029,4.57895,114.31538,3.5,20.26,1.26,37.53,FQ-7757,INV-663724,BND,VEH-727,Yes,Brunei-Muara,11,High Demand Zone,5,5/3/2023,Pass
2025-08-05,14:00:27,"""CNR3467080""",Cancelled,"""CID3327954""",SUV,Mata-Mata,Mentiri,4.5,33.4,,,,10.57,4.6,4.6,Card,11.46,Brunei-Muara,Tutong,Nabilah Hassan,1.93,8.86,April,2024,Friday,1.0,9.4,OFF-200164,4/5/2024 13:59,accepted,4/5/2024 13:59,SESS-68128,4/5/2024 9:00,4/5/2024 16:00,4/5/2024 14:00,2025-08-05 08:43:00,2025-08-05 08:45:00,2025-08-05 08:48:00,2025-08-05 09:30:00,,4.89059,114.94448,4.74366,114.75213,3.5,8.89,2.67,15.06,FQ-9454,INV-776049,BND,VEH-713,Yes,Tutong,14,Normal,9,6/18/2023,Pass
2025-08-25,21:24:21,"""CNR4588860""",Completed,"""CID6823367""",Sedan,Tutong Town,Tutong Town,13.4,17.2,,,,26.52,4.6,4.0,Card,3.83,Belait,Brunei-Muara,Zulhelmi Ishak,0.79,2.84,November,2024,Monday,0.0,7.3,OFF-200165,11/4/2024 21:23,accepted,11/4/2024 21:23,SESS-38008,11/4/2024 18:24,11/5/2024 0:24,11/4/2024 21:24,2025-08-25 08:09:00,2025-08-25 08:12:00,2025-08-25 08:21:00,2025-08-25 08:44:00,,4.52914,114.21041,4.8514,114.97435,3.5,5.56,1.38,14.05,FQ-9700,INV-394972,BND,VEH-353,Yes,Temburong,12,High Demand Zone,6,9/9/2023,Pass
2025-08-19,20:17:18,"""CNR6724544""",Completed,"""CID8999095""",Premium,Serusop,Serusop,3.4,43.5,,,,7.14,4.6,3.9,Dart Wallet,3.9,Brunei-Muara,Brunei-Muara,Khairul Anuar,0.73,2.64,January,2024,Friday,0.0,9.4,OFF-200082,1/5/2024 20:16,accepted,1/5/2024 20:16,SESS-78148,1/5/2024 16:17,1/5/2024 21:17,1/5/2024 20:17,2025-08-19 20:07:00,2025-08-19 20:10:00,2025-08-19 20:19:00,2025-08-19 20:54:00,1/5/2024 20:21,4.89792,114.88277,4.89921,114.883,3.5,3.92,3.48,13.4,FQ-7573,INV-473089,BND,VEH-476,Yes,Belait,14,Normal,13,4/7/2023,Pass
2025-08-24,17:57:12,"""CNR7253777""",Cancelled,"""CID3783637""",Premium,Tutong Beach,Mentiri,13.6,42.3,,,,14.98,3.6,4.5,Dart Wallet,30.87,Brunei-Muara,Brunei-Muara,Mustafa Kamal,4.85,22.26,October,2024,Sunday,1.0,10.8,OFF-200135,10/27/2024 17:56,accepted,10/27/2024 17:56,SESS-19846,10/27/2024 12:57,10/27/2024 19:57,10/27/2024 17:57,2025-08-24 16:18:00,2025-08-24 16:21:00,2025-08-24 16:25:00,2025-08-24 17:00:00,10/27/2024 17:59,4.94548,114.95631,4.97401,114.90117,3.5,3.92,3.38,12.8,FQ-7626,INV-342420,BND,VEH-726,Yes,Belait,14,Normal,3,7/3/2023,Pass
2025-08-08,16:48:05,"""CNR9060565""",Cancelled by Driver,"""CID8916050""",Compact,Berakas,Sengkurong,7.7,28.4,,,,25.53,3.8,3.8,Dart Wallet,29.88,Brunei-Muara,Brunei-Muara,Syafiqah Yusof,5.34,23.78,July,2024,Monday,1.0,5.7,OFF-200108,7/29/2024 16:47,accepted,7/29/2024 16:47,SESS-20137,7/29/2024 14:48,7/29/2024 17:48,7/29/2024 16:48,2025-08-08 09:06:00,2025-08-08 09:09:00,2025-08-08 09:13:00,2025-08-08 09:32:00,,4.94133,114.96168,4.92891,114.91703,3.5,12.7,2.27,26.2,FQ-7952,INV-884997,BND,VEH-214,Yes,Brunei-Muara,9,High Demand Zone,6,11/4/2023,Pass
2025-08-22,15:00:48,"""CNR5307735""",Cancelled,"""CID5073889""",Sedan,Tutong Town,Bangar,8.5,34.8,,,,24.12,3.8,4.8,Cash,10.83,Belait,Belait,Faisal Hakimi,2.6,6.99,August,2024,Saturday,1.0,11.7,OFF-200064,8/24/2024 15:00,accepted,8/24/2024 15:00,SESS-85181,8/24/2024 12:00,8/24/2024 17:00,8/24/2024 15:00,2025-08-22 01:19:00,2025-08-22 01:22:00,2025-08-22 01:25:00,2025-08-22 02:10:00,,4.66511,114.13113,4.58069,114.2856,3.5,4.2,2.78,11.48,FQ-8743,INV-246818,BND,VEH-126,Yes,Brunei-Muara,7,Normal,5,8/20/2023,Pass
2025-08-23,10:41:11,"""CNR1282098""",Cancelled by Driver,"""CID4893475""",Sedan,Bandar Seri Begawan,Berakas,11.5,13.3,,,,7.6,4.3,4.2,Card,4.95,Brunei-Muara,Tutong,Noraini Kassim,0.93,3.69,December,2024,Monday,1.0,10.8,OFF-200085,12/16/2024 10:40,accepted,12/16/2024 10:40,SESS-88755,12/16/2024 8:41,12/16/2024 13:41,12/16/2024 10:41,2025-08-23 14:00:00,2025-08-23 14:05:00,2025-08-23 14:11:00,2025-08-23 14:18:00,,4.85943,114.89897,4.79064,114.74205,3.5,17.09,1.06,22.65,FQ-8604,INV-541408,BND,VEH-967,Yes,Tutong,8,Normal,9,4/8/2023,Pass
2025-08-26,18:03:59,"""CNR6443443""",Completed,"""CID1686959""",Sedan,Jerudong,Jangsak,7.6,16.6,,,,7.23,4.8,4.4,Dart Wallet,20.36,Brunei-Muara,Brunei-Muara,Hamid Rashid,3.77,14.7,December,2024,Tuesday,1.0,4.3,OFF-200144,12/10/2024 18:03,accepted,12/10/2024 18:03,SESS-39154,12/10/2024 15:03,12/10/2024 21:03,12/10/2024 18:03,2025-08-26 01:15:00,2025-08-26 01:17:00,2025-08-26 01:20:00,2025-08-26 02:05:00,12/10/2024 18:08,4.88354,114.93049,4.97936,114.95369,3.5,3.92,1.33,17.12,FQ-6220,INV-852305,BND,VEH-750,Yes,Temburong,11,High Demand Zone,10,2/3/2023,Pass
2025-08-04,22:28:34,"""CNR2006666""",Cancelled,"""CID7686049""",Compact,Gadong,Tutong Town,9.4,15.2,,,,15.02,4.3,3.9,Online Banking,13.52,Tutong,Brunei-Muara,Siti Aminah,2.66,9.07,March,2024,Tuesday,1.0,8.8,OFF-200070,3/5/2024 22:27,accepted,3/5/2024 22:27,SESS-19622,3/5/2024 17:28,3/5/2024 23:28,3/5/2024 22:28,2025-08-04 23:46:00,2025-08-04 23:51:00,2025-08-04 23:56:00,2025-08-05 00:29:00,,4.77975,114.77754,4.97927,114.94094,3.5,3.23,1.22,11.95,FQ-5529,INV-351338,BND,VEH-614,Yes,Temburong,4,Normal,4,7/30/2023,Pass
2025-08-11,15:55:20,"""CNR7252097""",Completed,"""CID3908872""",Compact,Jerudong,Lambak,2.3,12.7,,,,6.19,4.8,3.6,Cash,18.87,Brunei-Muara,Brunei-Muara,Nabilah Hassan,3.79,14.91,February,2024,Sunday,0.0,4.2,OFF-200044,2/25/2024 15:54,rejected,2/25/2024 15:54,SESS-68128,2/25/2024 11:55,2/25/2024 16:55,2/25/2024 15:55,2025-08-11 08:30:00,2025-08-11 08:33:00,2025-08-11 08:43:00,2025-08-11 09:23:00,,4.89414,114.96289,4.94995,114.9185,3.5,6.7,1.02,15.33,FQ-5263,INV-289555,BND,VEH-713,Yes,Temburong,12,High Demand Zone,7,1/9/2024,Pass
2025-08-11,7:00:48,"""CNR4534216""",Completed,"""CID4657162""",Premium,Muara,Berakas,8.8,26.9,,1.0,Customer Demand,9.7,3.7,3.7,Online Banking,6.29,Brunei-Muara,Brunei-Muara,Farhana Yusof,1.17,4.73,September,2024,Monday,1.0,5.2,OFF-200131,9/30/2024 7:00,rejected,9/30/2024 7:00,SESS-31967,9/30/2024 5:00,9/30/2024 8:00,9/30/2024 7:00,2025-08-11 20:37:00,2025-08-11 20:39:00,2025-08-11 20:43:00,2025-08-11 21:22:00,,4.95842,114.96845,4.97889,114.8587,3.5,1.35,2.15,8.75,FQ-5227,INV-291739,BND,VEH-674,Yes,Brunei-Muara,8,High Demand Zone,12,2/4/2023,Pass
2025-08-25,12:29:52,"""CNR6025689""",Completed,"""CID8921108""",Compact,Mentiri,Tutong Beach,4.7,10.3,,,,14.69,4.0,3.7,Dart Wallet,32.85,Brunei-Muara,Tutong,,4.78,26.74,January,2024,Wednesday,,4.1,OFF-200035,1/10/2024 12:29,accepted,1/10/2024 12:29,SESS-16338,1/10/2024 7:29,1/10/2024 13:29,1/10/2024 12:29,2025-08-25 12:41:00,2025-08-25 12:46:00,2025-08-25 12:50:00,2025-08-25 13:05:00,,4.88513,114.87098,4.72785,114.79049,3.5,3.92,0.82,10.74,FQ-7079,INV-366816,BND,VEH-510,Yes,Belait,12,Normal,1,5/27/2023,Pass
2025-08-12,14:10:46,"""CNR2103354""",Cancelled,"""CID6530202""",Compact,Mata-Mata,Gadong,12.6,26.5,,,,5.06,3.8,4.7,Cash,23.67,Belait,Brunei-Muara,Haji Ramli,3.34,16.91,May,2024,Saturday,1.0,4.0,OFF-200069,5/18/2024 14:09,accepted,5/18/2024 14:09,SESS-68895,5/18/2024 12:10,5/18/2024 16:10,5/18/2024 14:10,2025-08-12 23:10:00,2025-08-12 23:14:00,2025-08-12 23:20:00,2025-08-12 23:53:00,,4.51288,114.20722,4.95763,114.92478,3.5,19.42,2.12,25.04,FQ-9309,INV-240062,BND,VEH-355,Yes,Temburong,4,Normal,8,8/9/2023,Pass
2025-08-22,19:14:18,"""CNR7208423""",Completed,"""CID8572144""",Premium,Mata-Mata,Rimba,2.1,34.9,,,,4.1,4.6,4.2,Card,30.4,Belait,Belait,Sufian bin Haji Ali,4.52,20.09,May,2024,Saturday,1.0,5.8,OFF-200158,5/25/2024 19:13,rejected,5/25/2024 19:14,SESS-22883,5/25/2024 14:14,5/25/2024 20:14,5/25/2024 19:14,2025-08-22 22:08:00,2025-08-22 22:09:00,2025-08-22 22:16:00,2025-08-22 22:39:00,,4.5353,114.32541,4.58885,114.25079,3.5,14.58,2.79,26.09,FQ-6919,INV-902186,BND,VEH-473,Yes,Tutong,12,High Demand Zone,4,4/20/2023,Pass
2025-08-16,18:24:57,"""CNR2835455""",Completed,"""CID5855006""",Sedan,Rimba,Kiulap,3.2,17.1,,,,13.71,3.6,4.8,Cash,20.21,Brunei-Muara,Brunei-Muara,Shahrul Nizam,3.45,13.56,July,2024,Thursday,1.0,4.2,OFF-200018,7/4/2024 18:24,accepted,7/4/2024 18:24,SESS-93507,7/4/2024 14:24,7/4/2024 20:24,7/4/2024 18:24,2025-08-16 01:38:00,2025-08-16 01:40:00,2025-08-16 01:49:00,2025-08-16 02:18:00,,4.86728,114.89368,4.93924,114.92949,3.5,8.09,1.37,18.44,FQ-5925,INV-540658,BND,VEH-252,Yes,Tutong,5,High Demand Zone,4,12/29/2023,Pass
2025-08-25,17:23:20,"""CNR5411958""",Completed,"""CID4138382""",Sedan,Berakas,Bangar,11.2,39.1,,1.0,Vehicle Breakdown,23.12,3.5,3.9,Dart Wallet,21.33,Belait,Brunei-Muara,Abdul Rahman,3.83,14.19,February,2024,Saturday,1.0,11.0,OFF-200188,2/3/2024 17:22,accepted,2/3/2024 17:22,SESS-85776,2/3/2024 14:23,2/3/2024 20:23,2/3/2024 17:23,2025-08-25 23:17:00,2025-08-25 23:22:00,2025-08-25 23:26:00,2025-08-25 23:40:00,,4.56702,114.28703,4.90079,114.96501,3.5,7.38,3.13,15.01,FQ-8424,INV-948366,BND,VEH-428,Yes,Tutong,10,Normal,10,11/10/2023,Pass
2025-08-25,10:49:18,"""CNR3535477""",Cancelled,"""CID7165580""",Compact,Lambak,Mentiri,14.2,34.8,,,,20.65,3.5,4.6,Card,13.66,Brunei-Muara,Belait,Awangku Mohd,1.89,10.6,October,2024,Friday,1.0,6.1,OFF-200107,10/25/2024 10:48,accepted,10/25/2024 10:48,SESS-35925,10/25/2024 6:49,10/25/2024 11:49,10/25/2024 10:49,2025-08-25 02:44:00,2025-08-25 02:48:00,2025-08-25 02:55:00,2025-08-25 03:20:00,10/25/2024 10:55,4.9016,114.93996,4.65616,114.3252,3.5,3.92,2.78,15.2,FQ-6907,INV-558468,BND,VEH-727,Yes,Belait,4,Normal,11,2/22/2023,Pass
2025-08-04,18:32:16,"""CNR3882280""",Cancelled by Driver,"""CID8466525""",Premium,Tutong Beach,Kiulap,11.7,43.3,,,,28.83,3.9,4.3,Cash,34.86,Belait,Tutong,Dayangku Siti,5.2,28.52,October,2024,Saturday,0.0,8.9,OFF-200181,10/19/2024 18:31,rejected,10/19/2024 18:31,SESS-38322,10/19/2024 15:32,10/19/2024 20:32,10/19/2024 18:32,2025-08-04 20:14:00,2025-08-04 20:18:00,2025-08-04 20:26:00,2025-08-04 20:58:00,,4.5178,114.1522,4.7887,114.79002,3.5,6.18,3.46,20.42,FQ-7549,INV-941974,BND,VEH-618,Yes,Brunei-Muara,9,High Demand Zone,14,9/12/2023,Pass
2025-08-11,16:17:41,"""CNR3870348""",Cancelled by Driver,"""CID6667215""",Sedan,Bangar,Lambak,11.4,15.9,,,,23.25,4.8,4.2,Dart Wallet,27.06,Brunei-Muara,Brunei-Muara,Aiman Hakim,3.83,19.15,November,2024,Monday,1.0,9.8,OFF-200166,11/25/2024 16:17,accepted,11/25/2024 16:17,SESS-93521,11/25/2024 12:17,11/25/2024 18:17,11/25/2024 16:17,2025-08-11 19:56:00,2025-08-11 20:01:00,2025-08-11 20:04:00,2025-08-11 20:13:00,,4.90184,114.86996,4.89424,114.9317,3.5,12.45,1.27,30.83,FQ-5436,INV-142363,BND,VEH-146,Yes,Brunei-Muara,5,High Demand Zone,2,5/23/2023,Pass
2025-08-24,22:36:05,"""CNR7036055""",Cancelled,"""CID7359512""",Compact,Jangsak,Tutong Beach,7.5,11.3,,,,25.02,3.9,4.1,Cash,3.2,Brunei-Muara,Belait,Ahmad Zaki,0.43,1.94,May,2024,Sunday,1.0,9.0,OFF-200090,5/26/2024 22:35,accepted,5/26/2024 22:35,SESS-75925,5/26/2024 19:36,5/27/2024 0:36,5/26/2024 22:36,2025-08-24 04:36:00,2025-08-24 04:38:00,2025-08-24 04:41:00,2025-08-24 05:07:00,,4.92167,114.95922,4.64596,114.39178,3.5,18.05,0.9,29.06,FQ-6735,INV-335699,BND,VEH-696,Yes,Tutong,14,High Demand Zone,1,3/7/2023,Pass
2025-08-08,16:37:19,"""CNR7492796""",Completed,"""CID7866026""",SUV,Sengkurong,Serusop,2.3,31.7,,,,1.76,4.3,4.7,Card,8.81,Belait,Brunei-Muara,,2.0,6.61,March,2024,Wednesday,,6.0,OFF-200089,3/13/2024 16:36,accepted,3/13/2024 16:36,SESS-16338,3/13/2024 13:37,3/13/2024 18:37,3/13/2024 16:37,2025-08-08 18:29:00,2025-08-08 18:33:00,2025-08-08 18:43:00,2025-08-08 19:08:00,,4.6872,114.36158,4.8765,114.87703,3.5,3.92,2.54,14.94,FQ-6417,INV-489304,BND,VEH-510,Yes,Belait,12,High Demand Zone,13,7/31/2023,Pass
2025-08-31,18:24:57,"""CNR2835455""",Completed,"""CID5855006""",Compact,Kuala Belait,Lambak,3.2,17.1,,,,1.79,4.9,3.7,Online Banking,27.72,Brunei-Muara,Brunei-Muara,Shahrul Nizam,6.7,22.71,July,2024,Thursday,1.0,4.2,OFF-200018,7/4/2024 18:24,accepted,7/4/2024 18:24,SESS-93507,7/4/2024 14:24,7/4/2024 20:24,7/4/2024 18:24,2025-08-31 02:13:00,2025-08-31 02:15:00,2025-08-31 02:20:00,2025-08-31 02:45:00,,4.86728,114.89368,4.93924,114.92949,3.5,8.09,1.37,18.44,FQ-5925,INV-540658,BND,VEH-252,Yes,Belait,5,High Demand Zone,4,12/29/2023,Pass
2025-08-01,23:33:25,"""CNR6408706""",Cancelled,"""CID1966936""",SUV,Jangsak,Rimba,13.9,28.7,,,,6.08,4.6,3.7,Card,5.97,Belait,Tutong,Haji Ramli,1.25,4.95,January,2024,Sunday,1.0,4.3,OFF-200038,1/7/2024 23:32,accepted,1/7/2024 23:32,SESS-68895,1/7/2024 20:33,1/8/2024 0:33,1/7/2024 23:33,2025-08-01 14:46:00,2025-08-01 14:47:00,2025-08-01 14:55:00,2025-08-01 15:13:00,,4.52471,114.10833,4.71093,114.747,3.5,10.45,2.3,22.31,FQ-9577,INV-981907,BND,VEH-355,Yes,Temburong,6,High Demand Zone,3,4/15/2023,Pass
2025-08-04,19:14:34,"""CNR2674741""",Cancelled,"""CID7007482""",Sedan,Berakas,Berakas,6.8,31.6,,,,28.4,4.9,4.1,Online Banking,19.28,Tutong,Brunei-Muara,,3.03,11.65,August,2024,Monday,,5.1,OFF-200125,8/5/2024 19:13,accepted,8/5/2024 19:13,SESS-16338,8/5/2024 15:14,8/5/2024 22:14,8/5/2024 19:14,2025-08-04 15:37:00,2025-08-04 15:40:00,2025-08-04 15:47:00,2025-08-04 16:30:00,,4.71669,114.70873,4.88169,114.90428,3.5,3.92,2.53,17.42,FQ-5760,INV-534541,BND,VEH-510,Yes,Temburong,9,High Demand Zone,4,8/20/2023,Pass
2025-08-04,17:23:58,"""CNR3230933""",Completed,"""CID4183914""",Compact,Muara,Bandar Seri Begawan,10.1,24.1,,,,27.02,3.5,3.8,Dart Wallet,26.35,Belait,Belait,Aiman Hakim,5.98,16.11,October,2024,Tuesday,1.0,11.4,OFF-200194,10/8/2024 17:23,accepted,10/8/2024 17:23,SESS-93521,10/8/2024 14:23,10/8/2024 18:23,10/8/2024 17:23,2025-08-04 11:16:00,2025-08-04 11:20:00,2025-08-04 11:23:00,2025-08-04 11:47:00,,4.5814,114.13564,4.66622,114.18027,3.5,17.27,1.93,28.38,FQ-6764,INV-759040,BND,VEH-146,Yes,Tutong,7,High Demand Zone,3,6/18/2023,Pass
2025-08-17,23:39:52,"""CNR1605575""",Cancelled,"""CID9516426""",Compact,Kuala Belait,Sengkurong,10.7,16.1,,,,16.04,4.0,4.5,Card,8.59,Tutong,Brunei-Muara,Nabilah Hassan,1.9,5.48,July,2024,Wednesday,1.0,9.6,OFF-200172,7/31/2024 23:39,accepted,7/31/2024 23:39,SESS-68128,7/31/2024 19:39,8/1/2024 1:39,7/31/2024 23:39,2025-08-17 04:05:00,2025-08-17 04:06:00,2025-08-17 04:08:00,2025-08-17 04:43:00,,4.76714,114.6423,4.8533,114.97657,3.5,7.34,1.29,13.13,FQ-5562,INV-490763,BND,VEH-713,Yes,Belait,9,Normal,10,8/21/2023,Pass
2025-08-30,22:15:02,"""CNR6026851""",Cancelled by Driver,"""CID6133594""",Premium,Kuala Belait,Rimba,6.4,20.7,,,,1.75,3.7,4.6,Online Banking,3.91,Brunei-Muara,Brunei-Muara,Abdul Rahman,0.67,2.37,October,2024,Saturday,1.0,8.9,OFF-200140,10/5/2024 22:14,accepted,10/5/2024 22:14,SESS-85776,10/5/2024 18:15,10/5/2024 23:15,10/5/2024 22:15,2025-08-30 03:44:00,2025-08-30 03:48:00,2025-08-30 03:50:00,2025-08-30 04:05:00,,4.9225,114.96828,4.89399,114.9767,3.5,13.76,1.66,25.65,FQ-6476,INV-839344,BND,VEH-428,Yes,Belait,8,High Demand Zone,4,1/28/2023,Pass
2025-08-14,19:14:34,"""CNR2674741""",Completed,"""CID7007482""",Premium,Jerudong,Gadong,6.8,31.6,,,,4.26,4.3,4.8,Card,34.62,Tutong,Brunei-Muara,,8.57,24.89,August,2024,Monday,,5.1,OFF-200125,8/5/2024 19:13,rejected,8/5/2024 19:13,SESS-16338,8/5/2024 15:14,8/5/2024 22:14,8/5/2024 19:14,2025-08-14 01:22:00,2025-08-14 01:24:00,2025-08-14 01:34:00,2025-08-14 02:03:00,,4.71669,114.70873,4.88169,114.90428,3.5,3.92,2.53,17.42,FQ-5760,INV-534541,BND,VEH-510,Yes,Belait,9,High Demand Zone,4,8/20/2023,Pass
2025-08-05,18:22:17,"""CNR2591553""",Cancelled by Driver,"""CID8719421""",SUV,Lumut,Tutong Town,11.2,10.6,,,,20.38,4.4,4.7,Online Banking,33.62,Brunei-Muara,Brunei-Muara,Mohd Hafiz,5.85,20.98,June,2024,Saturday,0.0,4.7,OFF-200057,6/1/2024 18:21,accepted,6/1/2024 18:21,SESS-37455,6/1/2024 13:22,6/1/2024 20:22,6/1/2024 18:22,2025-08-05 19:46:00,2025-08-05 19:49:00,2025-08-05 19:51:00,2025-08-05 20:36:00,,4.91962,114.9778,4.86975,114.96503,3.5,13.64,0.85,25.49,FQ-7803,INV-510877,BND,VEH-678,Yes,Temburong,10,High Demand Zone,8,7/5/2023,Pass
2025-08-05,11:25:41,"""CNR2765681""",Completed,"""CID2228162""",Premium,Jerudong,Rimba,3.8,44.0,1.0,,,22.17,4.4,4.2,Cash,11.02,Brunei-Muara,Brunei-Muara,Awangku Mohd,2.28,7.44,July,2024,Wednesday,0.0,5.4,OFF-200147,7/24/2024 11:25,accepted,7/24/2024 11:25,SESS-35925,7/24/2024 9:25,7/24/2024 12:25,7/24/2024 11:25,2025-08-05 07:26:00,2025-08-05 07:28:00,2025-08-05 07:32:00,2025-08-05 07:45:00,7/24/2024 11:27,4.91518,114.87124,4.91739,114.93728,3.5,3.92,3.52,10.94,FQ-5767,INV-212483,BND,VEH-727,Yes,Brunei-Muara,6,Normal,4,12/10/2023,Pass
2025-08-17,13:47:33,"""CNR7496424""",Completed,"""CID5064084""",Sedan,Sengkurong,Serusop,2.4,32.1,,,,1.42,4.1,3.9,Dart Wallet,34.34,Brunei-Muara,Belait,Nabilah Hassan,7.74,26.05,April,2024,Monday,1.0,9.9,OFF-200199,4/29/2024 13:46,accepted,4/29/2024 13:46,SESS-68128,4/29/2024 9:47,4/29/2024 16:47,4/29/2024 13:47,2025-08-17 18:49:00,2025-08-17 18:52:00,2025-08-17 18:56:00,2025-08-17 19:18:00,4/29/2024 13:51,4.89037,114.89512,4.69342,114.1578,3.5,3.92,2.57,13.48,FQ-6861,INV-690894,BND,VEH-713,Yes,Temburong,7,High Demand Zone,6,4/16/2023,Pass
2025-08-01,18:05:04,"""CNR8752515""",Cancelled by Driver,"""CID1018836""",Compact,Jangsak,Berakas,12.0,15.7,,1.0,Customer Demand,9.1,4.8,4.0,Online Banking,6.77,Brunei-Muara,Brunei-Muara,Nurul Izzah,1.62,5.36,November,2024,Saturday,1.0,5.4,OFF-200060,11/9/2024 18:04,rejected,11/9/2024 18:04,SESS-35224,11/9/2024 15:05,11/9/2024 20:05,11/9/2024 18:05,2025-08-01 18:21:00,2025-08-01 18:23:00,2025-08-01 18:30:00,2025-08-01 19:05:00,,4.8587,114.86776,4.86995,114.88622,3.5,3.82,1.26,12.87,FQ-7397,INV-966517,BND,VEH-204,Yes,Temburong,8,High Demand Zone,2,3/30/2023,Pass
2025-08-09,17:20:25,"""CNR7374628""",Completed,"""CID6173671""",Premium,Mentiri,Tutong Beach,12.6,11.9,,,,28.98,3.7,4.2,Cash,23.55,Belait,Belait,Siti Aminah,3.16,14.87,February,2024,Sunday,0.0,8.1,OFF-200126,2/25/2024 17:20,rejected,2/25/2024 17:20,SESS-19622,2/25/2024 14:20,2/25/2024 19:20,2/25/2024 17:20,2025-08-09 10:37:00,2025-08-09 10:41:00,2025-08-09 10:51:00,2025-08-09 11:27:00,2/25/2024 17:27,4.60897,114.3069,4.6399,114.15304,3.5,3.92,0.95,10.37,FQ-6571,INV-794826,BND,VEH-614,Yes,Brunei-Muara,11,Normal,9,1/9/2023,Pass
2025-08-18,20:47:53,"""CNR3122045""",Cancelled,"""CID3241966""",Sedan,Mata-Mata,Bangar,10.5,33.1,,,,20.74,4.3,4.6,Card,7.53,Belait,Tutong,Zulhelmi Ishak,0.98,5.98,July,2024,Thursday,0.0,7.7,OFF-200104,7/11/2024 20:47,accepted,7/11/2024 20:47,SESS-38008,7/11/2024 17:47,7/11/2024 21:47,7/11/2024 20:47,2025-08-18 22:08:00,2025-08-18 22:11:00,2025-08-18 22:18:00,2025-08-18 22:31:00,,4.5563,114.25526,4.72672,114.73274,3.5,1.02,2.65,14.76,FQ-9811,INV-950112,BND,VEH-353,Yes,Temburong,8,High Demand Zone,9,8/23/2023,Pass
2025-08-25,16:17:41,"""CNR3870348""",Completed,"""CID6667215""",SUV,Bangar,Muara,11.4,15.9,,,,19.41,4.6,4.9,Online Banking,24.77,Brunei-Muara,Brunei-Muara,Aiman Hakim,3.32,20.18,November,2024,Monday,1.0,9.8,OFF-200166,11/25/2024 16:17,accepted,11/25/2024 16:17,SESS-93521,11/25/2024 12:17,11/25/2024 18:17,11/25/2024 16:17,2025-08-25 04:25:00,2025-08-25 04:26:00,2025-08-25 04:36:00,2025-08-25 05:14:00,,4.90184,114.86996,4.89424,114.9317,3.5,12.45,1.27,30.83,FQ-5436,INV-142363,BND,VEH-146,Yes,Tutong,5,High Demand Zone,2,5/23/2023,Pass
2025-08-18,16:24:48,"""CNR5785058""",Cancelled,"""CID7525538""",Compact,Kuala Belait,Rimba,11.6,35.9,1.0,,,28.21,4.0,4.3,Dart Wallet,7.36,Brunei-Muara,Brunei-Muara,Aiman Hakim,1.01,4.42,October,2024,Friday,0.0,5.5,OFF-200000,10/25/2024 16:24,accepted,10/25/2024 16:24,SESS-93521,10/25/2024 13:24,10/25/2024 18:24,10/25/2024 16:24,2025-08-18 19:20:00,2025-08-18 19:21:00,2025-08-18 19:27:00,2025-08-18 19:44:00,10/25/2024 16:30,4.87265,114.86109,4.91072,114.91494,3.5,3.92,2.87,12.86,FQ-5728,INV-132772,BND,VEH-146,Yes,Temburong,8,High Demand Zone,6,1/1/2024,Pass
2025-08-30,9:41:19,"""CNR4332965""",Completed,"""CID2809404""",Compact,Serusop,Serusop,8.3,11.7,,,,19.74,3.6,4.8,Card,28.16,Belait,Brunei-Muara,Roslan Ahmad,3.63,19.65,February,2024,Sunday,1.0,8.9,OFF-200130,2/25/2024 9:40,rejected,2/25/2024 9:40,SESS-14930,2/25/2024 5:41,2/25/2024 12:41,2/25/2024 9:41,2025-08-30 23:35:00,2025-08-30 23:36:00,2025-08-30 23:39:00,2025-08-31 00:22:00,2/25/2024 9:47,4.5047,114.21765,4.93141,114.97093,3.5,3.92,0.94,7.95,FQ-7271,INV-680275,BND,VEH-675,Yes,Temburong,5,High Demand Zone,10,3/6/2023,Pass
2025-08-31,16:51:11,"""CNR2860348""",Completed,"""CID5578022""",SUV,Berakas,Jangsak,10.2,34.2,,,,16.1,3.8,4.4,Online Banking,23.38,Brunei-Muara,Brunei-Muara,Aiman Hakim,5.04,17.09,October,2024,Monday,0.0,10.2,OFF-200091,10/7/2024 16:50,accepted,10/7/2024 16:50,SESS-93521,10/7/2024 12:51,10/7/2024 19:51,10/7/2024 16:51,2025-08-31 08:00:00,2025-08-31 08:05:00,2025-08-31 08:08:00,2025-08-31 08:38:00,10/7/2024 16:57,4.85757,114.92409,4.9292,114.97063,3.5,3.92,2.74,9.66,FQ-5293,INV-275833,BND,VEH-146,Yes,Belait,8,Normal,11,1/23/2023,Pass
2025-08-15,2:54:41,"""CNR4689937""",Completed,"""CID3896706""",Premium,Serusop,Bandar Seri Begawan,4.1,44.0,,,,8.41,4.6,3.8,Online Banking,29.82,Brunei-Muara,Belait,Abdul Rahman,4.89,22.57,August,2024,Wednesday,1.0,7.0,OFF-200189,8/28/2024 2:54,rejected,8/28/2024 2:54,SESS-85776,8/27/2024 21:54,8/28/2024 4:54,8/28/2024 2:54,2025-08-15 09:37:00,2025-08-15 09:42:00,2025-08-15 09:52:00,2025-08-15 10:04:00,8/28/2024 2:58,4.91149,114.92542,4.69683,114.35312,3.5,3.92,3.52,14.68,FQ-6394,INV-575507,BND,VEH-428,Yes,Temburong,10,High Demand Zone,13,4/3/2023,Pass
2025-08-28,16:10:39,"""CNR5577217""",Cancelled,"""CID8907160""",SUV,Bandar Seri Begawan,Sengkurong,12.7,11.8,,,,4.05,4.9,4.6,Dart Wallet,4.81,Belait,Brunei-Muara,Nurul Izzah,1.09,3.81,January,2024,Sunday,1.0,9.7,OFF-200190,1/7/2024 16:10,rejected,1/7/2024 16:10,SESS-35224,1/7/2024 14:10,1/7/2024 19:10,1/7/2024 16:10,2025-08-28 15:38:00,2025-08-28 15:43:00,2025-08-28 15:48:00,2025-08-28 16:11:00,,4.57503,114.32022,4.93087,114.86864,3.5,21.26,0.94,32.12,FQ-6966,INV-183163,BND,VEH-204,Yes,Brunei-Muara,11,High Demand Zone,4,1/14/2023,Pass
2025-08-21,20:04:40,"""CNR3050672""",Cancelled by Driver,"""CID7072566""",Compact,Gadong,Jerudong,13.7,44.0,,,,13.58,4.2,4.7,Card,10.08,Belait,Brunei-Muara,Mustafa Kamal,2.52,6.72,April,2024,Saturday,1.0,9.2,OFF-200112,4/6/2024 20:04,rejected,4/6/2024 20:04,SESS-19846,4/6/2024 15:04,4/6/2024 22:04,4/6/2024 20:04,2025-08-21 16:12:00,2025-08-21 16:15:00,2025-08-21 16:21:00,2025-08-21 16:52:00,4/6/2024 20:11,4.52321,114.23055,4.88918,114.91799,3.5,3.92,3.52,18.91,FQ-5816,INV-979031,BND,VEH-726,Yes,Brunei-Muara,9,High Demand Zone,3,5/20/2023,Pass
2025-08-20,7:49:03,"""CNR9435112""",Completed,"""CID8876690""",Sedan,Jerudong,Jerudong,3.9,27.2,,,,21.57,3.6,4.6,Cash,21.56,Brunei-Muara,Brunei-Muara,Aiman Hakim,4.79,16.19,July,2024,Friday,0.0,4.5,OFF-200152,7/5/2024 7:48,accepted,7/5/2024 7:48,SESS-93521,7/5/2024 2:49,7/5/2024 10:49,7/5/2024 7:49,2025-08-20 18:10:00,2025-08-20 18:14:00,2025-08-20 18:24:00,2025-08-20 19:07:00,,4.86425,114.94359,4.88987,114.95656,3.5,16.52,2.18,34.3,FQ-8851,INV-457956,BND,VEH-146,Yes,Brunei-Muara,4,High Demand Zone,3,7/21/2023,Pass
2025-08-21,20:49:13,"""CNR4678687""",Completed,"""CID5606374""",SUV,Mata-Mata,Gadong,7.8,35.6,,,,27.7,3.9,4.8,Card,6.16,Brunei-Muara,Brunei-Muara,Ridhwan Bakar,1.29,4.93,April,2024,Friday,1.0,4.3,OFF-200055,4/26/2024 20:48,accepted,4/26/2024 20:48,SESS-20959,4/26/2024 16:49,4/26/2024 22:49,4/26/2024 20:49,2025-08-21 14:43:00,2025-08-21 14:44:00,2025-08-21 14:54:00,2025-08-21 15:28:00,4/26/2024 20:55,4.86076,114.9049,4.86813,114.96133,3.5,3.92,2.85,11.27,FQ-7342,INV-760202,BND,VEH-504,Yes,Temburong,12,Normal,12,11/24/2023,Pass
2025-08-27,20:28:37,"""CNR5239998""",Completed,"""CID1535942""",Compact,Kiulap,Mentiri,8.7,30.6,,,,26.04,4.7,4.6,Online Banking,20.87,Belait,Brunei-Muara,Ahmad Zaki,4.41,15.9,April,2024,Wednesday,1.0,7.2,OFF-200160,4/24/2024 20:27,accepted,4/24/2024 20:27,SESS-75925,4/24/2024 15:28,4/24/2024 21:28,4/24/2024 20:28,2025-08-27 21:14:00,2025-08-27 21:17:00,2025-08-27 21:22:00,2025-08-27 21:49:00,,4.51696,114.13943,4.8616,114.86799,3.5,16.78,2.45,23.73,FQ-6399,INV-765728,BND,VEH-696,Yes,Temburong,8,Normal,13,7/17/2023,Pass
2025-08-06,21:24:21,"""CNR4588860""",Cancelled,"""CID6823367""",Sedan,Mentiri,Kuala Belait,13.4,17.2,,,,19.54,4.2,4.8,Cash,22.9,Belait,Brunei-Muara,Zulhelmi Ishak,2.98,18.07,November,2024,Monday,0.0,7.3,OFF-200165,11/4/2024 21:23,accepted,11/4/2024 21:23,SESS-38008,11/4/2024 18:24,11/5/2024 0:24,11/4/2024 21:24,2025-08-06 15:44:00,2025-08-06 15:47:00,2025-08-06 15:54:00,2025-08-06 16:04:00,,4.52914,114.21041,4.8514,114.97435,3.5,5.56,1.38,14.05,FQ-9700,INV-394972,BND,VEH-353,Yes,Belait,12,High Demand Zone,6,9/9/2023,Pass
2025-08-11,17:37:07,"""CNR6403761""",Cancelled by Driver,"""CID4335550""",SUV,Gadong,Jerudong,4.6,32.9,1.0,,,16.61,3.6,3.8,Online Banking,27.22,Belait,Belait,Haji Ramli,5.56,19.04,May,2024,Thursday,0.0,9.3,OFF-200116,5/9/2024 17:36,accepted,5/9/2024 17:36,SESS-68895,5/9/2024 13:37,5/9/2024 18:37,5/9/2024 17:37,2025-08-11 14:51:00,2025-08-11 14:53:00,2025-08-11 14:57:00,2025-08-11 15:25:00,5/9/2024 17:43,4.56322,114.35532,4.52656,114.19165,3.5,3.92,2.63,12.05,FQ-5044,INV-648494,BND,VEH-355,Yes,Tutong,6,Normal,11,5/25/2023,Pass
2025-08-20,7:20:29,"""CNR4672986""",Completed,"""CID8960852""",Compact,Rimba,Serusop,13.7,10.3,,,,7.52,5.0,3.7,Cash,13.36,Belait,Brunei-Muara,Ibrahim Daud,1.83,10.78,July,2024,Wednesday,1.0,7.1,OFF-200133,7/31/2024 7:19,accepted,7/31/2024 7:19,SESS-97398,7/31/2024 4:20,7/31/2024 10:20,7/31/2024 7:20,2025-08-20 21:18:00,2025-08-20 21:21:00,2025-08-20 21:25:00,2025-08-20 21:46:00,7/31/2024 7:29,4.58686,114.31698,4.88236,114.96428,3.5,3.92,0.82,8.24,FQ-7037,INV-974938,BND,VEH-819,Yes,Tutong,7,Normal,14,3/7/2023,Pass
2025-08-01,18:22:17,"""CNR2591553""",Completed,"""CID8719421""",Sedan,Berakas,Serusop,11.2,10.6,,,,15.01,3.8,5.0,Online Banking,30.44,Brunei-Muara,Brunei-Muara,Mohd Hafiz,5.58,21.6,June,2024,Saturday,0.0,4.7,OFF-200057,6/1/2024 18:21,accepted,6/1/2024 18:21,SESS-37455,6/1/2024 13:22,6/1/2024 20:22,6/1/2024 18:22,2025-08-01 15:07:00,2025-08-01 15:09:00,2025-08-01 15:14:00,2025-08-01 15:33:00,,4.91962,114.9778,4.86975,114.96503,3.5,13.64,0.85,25.49,FQ-7803,INV-510877,BND,VEH-678,Yes,Temburong,10,High Demand Zone,8,7/5/2023,Pass
2025-08-06,20:43:20,"""CNR4712889""",Completed,"""CID6274332""",Premium,Tutong Town,Mata-Mata,14.3,13.6,,,,3.23,4.6,4.7,Online Banking,20.29,Brunei-Muara,Brunei-Muara,Mohd Hafiz,3.01,15.69,October,2024,Thursday,1.0,11.4,OFF-200043,10/31/2024 20:42,accepted,10/31/2024 20:42,SESS-37455,10/31/2024 16:43,10/31/2024 23:43,10/31/2024 20:43,2025-08-06 16:26:00,2025-08-06 16:29:00,2025-08-06 16:37:00,2025-08-06 17:07:00,,4.95094,114.93896,4.92561,114.94744,3.5,4.42,1.09,11.01,FQ-7673,INV-226844,BND,VEH-678,Yes,Tutong,8,Normal,5,4/8/2023,Pass
2025-08-26,23:39:52,"""CNR1605575""",Completed,"""CID9516426""",Sedan,Bangar,Mentiri,10.7,16.1,,,,17.65,4.2,4.2,Card,17.89,Tutong,Brunei-Muara,Nabilah Hassan,3.45,10.97,July,2024,Wednesday,1.0,9.6,OFF-200172,7/31/2024 23:39,accepted,7/31/2024 23:39,SESS-68128,7/31/2024 19:39,8/1/2024 1:39,7/31/2024 23:39,2025-08-26 17:29:00,2025-08-26 17:34:00,2025-08-26 17:37:00,2025-08-26 17:50:00,,4.76714,114.6423,4.8533,114.97657,3.5,7.34,1.29,13.13,FQ-5562,INV-490763,BND,VEH-713,Yes,Temburong,9,Normal,10,8/21/2023,Pass
2025-08-31,13:13:54,"""CNR3596717""",Completed,"""CID8580939""",SUV,Sengkurong,Lumut,13.7,25.9,,,,9.01,4.4,3.5,Cash,33.55,Brunei-Muara,Tutong,Mustafa Kamal,7.87,22.24,February,2024,Sunday,1.0,11.8,OFF-200159,2/4/2024 13:13,accepted,2/4/2024 13:13,SESS-19846,2/4/2024 9:13,2/4/2024 16:13,2/4/2024 13:13,2025-08-31 04:47:00,2025-08-31 04:52:00,2025-08-31 05:01:00,2025-08-31 05:41:00,2/4/2024 13:21,4.8933,114.97365,4.83844,114.76267,3.5,3.92,2.07,9.49,FQ-7476,INV-342528,BND,VEH-726,Yes,Brunei-Muara,12,Normal,2,7/29/2023,Pass
2025-08-14,23:39:52,"""CNR1605575""",Completed,"""CID9516426""",Premium,Kuala Belait,Bangar,10.7,16.1,,,,16.65,4.4,3.5,Online Banking,7.62,Tutong,Brunei-Muara,Nabilah Hassan,1.12,5.87,July,2024,Wednesday,1.0,9.6,OFF-200172,7/31/2024 23:39,rejected,7/31/2024 23:39,SESS-68128,7/31/2024 19:39,8/1/2024 1:39,7/31/2024 23:39,2025-08-14 22:38:00,2025-08-14 22:40:00,2025-08-14 22:48:00,2025-08-14 23:01:00,,4.76714,114.6423,4.8533,114.97657,3.5,7.34,1.29,13.13,FQ-5562,INV-490763,BND,VEH-713,Yes,Temburong,9,Normal,10,8/21/2023,Pass
2025-08-23,18:05:04,"""CNR8752515""",Completed,"""CID1018836""",SUV,Tutong Beach,Mata-Mata,12.0,15.7,,1.0,Customer Demand,1.86,3.6,4.0,Card,29.74,Brunei-Muara,Brunei-Muara,Nurul Izzah,6.22,24.75,November,2024,Saturday,1.0,5.4,OFF-200060,11/9/2024 18:04,accepted,11/9/2024 18:04,SESS-35224,11/9/2024 15:05,11/9/2024 20:05,11/9/2024 18:05,2025-08-23 11:29:00,2025-08-23 11:34:00,2025-08-23 11:37:00,2025-08-23 11:49:00,,4.8587,114.86776,4.86995,114.88622,3.5,3.82,1.26,12.87,FQ-7397,INV-966517,BND,VEH-204,Yes,Brunei-Muara,8,High Demand Zone,2,3/30/2023,Pass
2025-08-13,11:25:18,"""CNR8311141""",Completed,"""CID4377550""",SUV,Serusop,Mentiri,3.9,21.9,,,,13.48,3.8,3.9,Cash,8.68,Brunei-Muara,Brunei-Muara,Nabilah Hassan,0.99,5.75,July,2024,Saturday,0.0,8.5,OFF-200046,7/6/2024 11:24,accepted,7/6/2024 11:24,SESS-68128,7/6/2024 6:25,7/6/2024 13:25,7/6/2024 11:25,2025-08-13 18:32:00,2025-08-13 18:36:00,2025-08-13 18:44:00,2025-08-13 19:13:00,7/6/2024 11:29,4.85366,114.90238,4.87389,114.88302,3.5,3.92,1.75,10.46,FQ-8617,INV-775885,BND,VEH-713,Yes,Temburong,14,High Demand Zone,9,7/30/2023,Pass
2025-08-12,20:38:53,"""CNR3203477""",Cancelled by Driver,"""CID7343220""",Sedan,Tutong Beach,Tutong Town,2.1,10.8,,,,3.77,4.0,3.5,Cash,24.85,Brunei-Muara,Tutong,Nabilah Hassan,6.16,14.92,February,2024,Saturday,1.0,5.8,OFF-200148,2/17/2024 20:37,accepted,2/17/2024 20:38,SESS-68128,2/17/2024 18:38,2/17/2024 22:38,2/17/2024 20:38,2025-08-12 20:29:00,2025-08-12 20:33:00,2025-08-12 20:40:00,2025-08-12 20:50:00,,4.88489,114.9462,4.69767,114.6044,3.5,14.16,0.86,28.15,FQ-9262,INV-819914,BND,VEH-713,Yes,Brunei-Muara,13,High Demand Zone,5,11/23/2023,Pass
2025-08-10,8:34:38,"""CNR8888208""",Completed,"""CID5821443""",SUV,Berakas,Lumut,8.1,17.6,,,,27.47,4.6,4.8,Card,30.91,Brunei-Muara,Belait,Sufian bin Haji Ali,5.75,23.18,April,2024,Sunday,1.0,10.6,OFF-200079,4/14/2024 8:33,accepted,4/14/2024 8:33,SESS-22883,4/14/2024 3:34,4/14/2024 11:34,4/14/2024 8:34,2025-08-10 00:43:00,2025-08-10 00:44:00,2025-08-10 00:51:00,2025-08-10 01:32:00,,4.97339,114.89282,4.67025,114.25902,3.5,16.24,1.41,30.44,FQ-8646,INV-869474,BND,VEH-473,Yes,Belait,12,High Demand Zone,12,1/28/2024,Pass
2025-08-29,12:20:32,"""CNR5687699""",Completed,"""CID6778217""",Premium,Bangar,Jerudong,9.0,33.6,,,,18.11,3.7,3.8,Online Banking,24.86,Belait,Tutong,,2.86,15.96,January,2024,Friday,,9.9,OFF-200117,1/26/2024 12:20,accepted,1/26/2024 12:20,SESS-16338,1/26/2024 9:20,1/26/2024 15:20,1/26/2024 12:20,2025-08-29 05:22:00,2025-08-29 05:23:00,2025-08-29 05:32:00,2025-08-29 05:46:00,,4.55386,114.17976,4.66007,114.60336,3.5,3.92,2.69,11.11,FQ-6513,INV-209562,BND,VEH-510,Yes,Brunei-Muara,5,Normal,5,1/5/2024,Pass
2025-08-20,4:39:18,"""CNR8910332""",Completed,"""CID1229941""",Premium,Bangar,Bandar Seri Begawan,4.5,11.0,,,,24.71,4.9,4.0,Card,10.66,Brunei-Muara,Brunei-Muara,,1.71,6.9,November,2024,Tuesday,,4.3,OFF-200163,11/19/2024 4:39,accepted,11/19/2024 4:39,SESS-16338,11/19/2024 1:39,11/19/2024 6:39,11/19/2024 4:39,2025-08-20 10:17:00,2025-08-20 10:21:00,2025-08-20 10:29:00,2025-08-20 11:09:00,,4.88914,114.88394,4.95473,114.87104,3.5,3.92,0.88,17.45,FQ-7055,INV-883339,BND,VEH-510,Yes,Brunei-Muara,8,High Demand Zone,10,8/21/2023,Pass
2025-08-30,13:58:55,"""CNR4363142""",Completed,"""CID4559451""",Compact,Mentiri,Tutong Beach,6.9,14.2,,1.0,Vehicle Breakdown,23.14,4.1,4.1,Card,7.34,Brunei-Muara,Brunei-Muara,Aiman Hakim,1.42,4.94,February,2024,Sunday,1.0,11.9,OFF-200146,2/18/2024 13:58,accepted,2/18/2024 13:58,SESS-93521,2/18/2024 10:58,2/18/2024 14:58,2/18/2024 13:58,2025-08-30 15:43:00,2025-08-30 15:48:00,2025-08-30 15:51:00,2025-08-30 16:33:00,,4.95034,114.9427,4.92638,114.97539,3.5,8.78,1.14,18.42,FQ-5217,INV-534343,BND,VEH-146,Yes,Brunei-Muara,6,Normal,11,6/17/2023,Pass
2025-08-16,17:45:00,"""CNR7766262""",Completed,"""CID7685210""",Compact,Rimba,Kuala Belait,2.4,11.6,,,,3.59,3.8,4.4,Online Banking,9.02,Brunei-Muara,Brunei-Muara,Awangku Mohd,1.91,7.42,February,2024,Wednesday,0.0,11.2,OFF-200019,2/7/2024 17:44,accepted,2/7/2024 17:44,SESS-35925,2/7/2024 13:45,2/7/2024 18:45,2/7/2024 17:45,2025-08-16 00:19:00,2025-08-16 00:24:00,2025-08-16 00:31:00,2025-08-16 00:42:00,,4.9711,114.97687,4.92651,114.88183,3.5,18.82,0.93,25.75,FQ-7137,INV-818580,BND,VEH-727,Yes,Temburong,12,Normal,13,8/14/2023,Pass
2025-08-11,7:57:52,"""CNR2678197""",Cancelled,"""CID7334919""",Premium,Rimba,Berakas,9.5,32.7,,,,20.75,3.8,4.2,Cash,19.28,Brunei-Muara,Brunei-Muara,Nurul Izzah,2.55,11.78,September,2024,Wednesday,0.0,4.0,OFF-200184,9/25/2024 7:57,accepted,9/25/2024 7:57,SESS-35224,9/25/2024 2:57,9/25/2024 8:57,9/25/2024 7:57,2025-08-11 23:00:00,2025-08-11 23:01:00,2025-08-11 23:03:00,2025-08-11 23:42:00,,4.85129,114.86578,4.9116,114.86929,3.5,1.26,2.62,14.22,FQ-7563,INV-931902,BND,VEH-204,Yes,Tutong,9,High Demand Zone,14,8/26/2023,Pass
2025-08-08,14:20:44,"""CNR8878477""",Completed,"""CID5259729""",Compact,Gadong,Kiulap,4.3,10.7,1.0,,,7.97,5.0,5.0,Card,3.15,Belait,Belait,Shahrul Nizam,0.71,2.53,July,2024,Saturday,0.0,8.3,OFF-200145,7/20/2024 14:20,accepted,7/20/2024 14:20,SESS-93507,7/20/2024 12:20,7/20/2024 16:20,7/20/2024 14:20,2025-08-08 22:11:00,2025-08-08 22:15:00,2025-08-08 22:20:00,2025-08-08 22:29:00,7/20/2024 14:29,4.66899,114.2119,4.56758,114.15712,3.5,3.92,0.86,9.28,FQ-7781,INV-502556,BND,VEH-252,Yes,Belait,12,Normal,7,12/7/2023,Pass
2025-08-27,11:25:18,"""CNR8311141""",Completed,"""CID4377550""",Compact,Muara,Tutong Town,3.9,21.9,,,,1.3,3.8,4.8,Online Banking,16.09,Brunei-Muara,Brunei-Muara,Nabilah Hassan,2.52,12.97,July,2024,Saturday,0.0,8.5,OFF-200046,7/6/2024 11:24,accepted,7/6/2024 11:24,SESS-68128,7/6/2024 6:25,7/6/2024 13:25,7/6/2024 11:25,2025-08-27 07:19:00,2025-08-27 07:21:00,2025-08-27 07:23:00,2025-08-27 07:53:00,7/6/2024 11:29,4.85366,114.90238,4.87389,114.88302,3.5,3.92,1.75,10.46,FQ-8617,INV-775885,BND,VEH-713,Yes,Belait,14,High Demand Zone,9,7/30/2023,Pass
2025-08-25,11:03:06,"""CNR1752210""",Completed,"""CID3897629""",SUV,Jangsak,Serusop,4.4,30.3,,,,23.94,4.6,3.8,Cash,8.09,Brunei-Muara,Belait,,1.46,4.99,February,2024,Thursday,,5.3,OFF-200048,2/8/2024 11:02,accepted,2/8/2024 11:02,SESS-16338,2/8/2024 8:03,2/8/2024 13:03,2/8/2024 11:03,2025-08-25 15:10:00,2025-08-25 15:14:00,2025-08-25 15:16:00,2025-08-25 15:59:00,,4.85678,114.96516,4.68926,114.35637,3.5,3.92,2.42,9.84,FQ-5275,INV-419149,BND,VEH-510,Yes,Brunei-Muara,11,Normal,12,5/28/2023,Pass
2025-08-31,21:58:45,"""CNR9312414""",Cancelled,"""CID1962689""",Sedan,Kuala Belait,Tutong Town,2.4,16.2,,,,17.09,4.2,5.0,Cash,33.41,Brunei-Muara,Brunei-Muara,Sufian bin Haji Ali,3.98,24.21,January,2024,Saturday,1.0,4.5,OFF-200013,1/13/2024 21:58,accepted,1/13/2024 21:58,SESS-22883,1/13/2024 16:58,1/13/2024 23:58,1/13/2024 21:58,2025-08-31 21:34:00,2025-08-31 21:39:00,2025-08-31 21:45:00,2025-08-31 22:15:00,,4.96477,114.89641,4.93448,114.90409,3.5,20.52,1.3,36.65,FQ-7660,INV-846445,BND,VEH-473,Yes,Tutong,6,High Demand Zone,13,9/4/2023,Pass
2025-08-04,16:17:08,"""CNR3966448""",Cancelled,"""CID4889324""",Compact,Bandar Seri Begawan,Muara,7.3,26.5,,,,23.3,4.7,5.0,Online Banking,17.14,Belait,Belait,Faisal Hakimi,3.01,13.12,February,2024,Friday,1.0,9.2,OFF-200142,2/23/2024 16:16,accepted,2/23/2024 16:16,SESS-85181,2/23/2024 11:17,2/23/2024 18:17,2/23/2024 16:17,2025-08-04 03:04:00,2025-08-04 03:06:00,2025-08-04 03:14:00,2025-08-04 03:21:00,,4.63084,114.22862,4.53255,114.18426,3.5,17.03,2.12,24.65,FQ-6771,INV-391024,BND,VEH-126,Yes,Brunei-Muara,9,Normal,11,11/30/2023,Pass
2025-08-24,19:14:18,"""CNR7208423""",Completed,"""CID8572144""",Premium,Tutong Town,Lambak,2.1,34.9,,,,5.44,3.8,3.8,Dart Wallet,15.52,Belait,Belait,Sufian bin Haji Ali,1.7,10.44,May,2024,Saturday,1.0,5.8,OFF-200158,5/25/2024 19:13,accepted,5/25/2024 19:14,SESS-22883,5/25/2024 14:14,5/25/2024 20:14,5/25/2024 19:14,2025-08-24 09:58:00,2025-08-24 10:00:00,2025-08-24 10:02:00,2025-08-24 10:43:00,,4.5353,114.32541,4.58885,114.25079,3.5,14.58,2.79,26.09,FQ-6919,INV-902186,BND,VEH-473,Yes,Tutong,12,High Demand Zone,4,4/20/2023,Pass
2025-08-22,16:24:48,"""CNR5785058""",Cancelled by Driver,"""CID7525538""",SUV,Tutong Beach,Kuala Belait,11.6,35.9,1.0,,,20.86,3.8,4.4,Card,4.81,Brunei-Muara,Brunei-Muara,Aiman Hakim,0.87,3.38,October,2024,Friday,0.0,5.5,OFF-200000,10/25/2024 16:24,accepted,10/25/2024 16:24,SESS-93521,10/25/2024 13:24,10/25/2024 18:24,10/25/2024 16:24,2025-08-22 23:18:00,2025-08-22 23:19:00,2025-08-22 23:28:00,2025-08-22 23:34:00,10/25/2024 16:30,4.87265,114.86109,4.91072,114.91494,3.5,3.92,2.87,12.86,FQ-5728,INV-132772,BND,VEH-146,Yes,Belait,8,High Demand Zone,6,1/1/2024,Pass
2025-08-30,17:37:07,"""CNR6403761""",Cancelled,"""CID4335550""",Sedan,Gadong,Rimba,4.6,32.9,1.0,,,23.1,4.7,3.5,Cash,30.42,Belait,Belait,Haji Ramli,5.53,18.52,May,2024,Thursday,0.0,9.3,OFF-200116,5/9/2024 17:36,accepted,5/9/2024 17:36,SESS-68895,5/9/2024 13:37,5/9/2024 18:37,5/9/2024 17:37,2025-08-30 10:18:00,2025-08-30 10:19:00,2025-08-30 10:23:00,2025-08-30 10:30:00,5/9/2024 17:43,4.56322,114.35532,4.52656,114.19165,3.5,3.92,2.63,12.05,FQ-5044,INV-648494,BND,VEH-355,Yes,Belait,6,Normal,11,5/25/2023,Pass
2025-08-16,18:36:15,"""CNR1590185""",Completed,"""CID8780721""",Compact,Jangsak,Muara,4.4,39.1,,,,27.06,3.9,3.8,Online Banking,18.33,Brunei-Muara,Belait,Ridhwan Bakar,4.25,13.08,January,2024,Wednesday,1.0,10.5,OFF-200053,1/17/2024 18:35,rejected,1/17/2024 18:35,SESS-20959,1/17/2024 16:36,1/17/2024 21:36,1/17/2024 18:36,2025-08-16 18:30:00,2025-08-16 18:35:00,2025-08-16 18:41:00,2025-08-16 19:10:00,,4.85942,114.88967,4.58792,114.20926,3.5,3.51,3.13,15.18,FQ-5150,INV-947070,BND,VEH-504,Yes,Temburong,4,High Demand Zone,9,3/23/2023,Pass
2025-08-24,12:20:32,"""CNR5687699""",Cancelled,"""CID6778217""",SUV,Mata-Mata,Kuala Belait,9.0,33.6,,,,16.7,4.0,4.8,Cash,25.74,Belait,Tutong,,4.13,16.9,January,2024,Friday,,9.9,OFF-200117,1/26/2024 12:20,rejected,1/26/2024 12:20,SESS-16338,1/26/2024 9:20,1/26/2024 15:20,1/26/2024 12:20,2025-08-24 05:17:00,2025-08-24 05:20:00,2025-08-24 05:24:00,2025-08-24 05:45:00,,4.55386,114.17976,4.66007,114.60336,3.5,3.92,2.69,11.11,FQ-6513,INV-209562,BND,VEH-510,Yes,Brunei-Muara,5,Normal,5,1/5/2024,Pass
2025-08-31,15:35:47,"""CNR1351335""",Completed,"""CID9426219""",Premium,Rimba,Jangsak,13.0,15.6,,,,16.37,4.9,4.4,Online Banking,7.26,Belait,Brunei-Muara,Aiman Hakim,1.5,4.8,December,2024,Saturday,0.0,5.7,OFF-200002,12/7/2024 15:34,rejected,12/7/2024 15:34,SESS-93521,12/7/2024 12:35,12/7/2024 18:35,12/7/2024 15:35,2025-08-31 12:13:00,2025-08-31 12:17:00,2025-08-31 12:26:00,2025-08-31 12:57:00,,4.55591,114.29617,4.86575,114.85667,3.5,4.31,1.25,18.59,FQ-6466,INV-289151,BND,VEH-146,Yes,Temburong,6,High Demand Zone,7,7/9/2023,Pass
2025-08-24,13:57:22,"""CNR8878134""",Completed,"""CID7848826""",SUV,Sengkurong,Kuala Belait,14.1,10.4,,,,19.91,4.4,4.7,Dart Wallet,6.48,Belait,Brunei-Muara,Sufian bin Haji Ali,1.46,4.37,May,2024,Saturday,1.0,4.9,OFF-200143,5/18/2024 13:56,rejected,5/18/2024 13:56,SESS-22883,5/18/2024 9:57,5/18/2024 16:57,5/18/2024 13:57,2025-08-24 21:39:00,2025-08-24 21:43:00,2025-08-24 21:50:00,2025-08-24 22:34:00,5/18/2024 14:03,4.58179,114.11543,4.8958,114.95953,3.5,3.92,0.83,10.25,FQ-9245,INV-966726,BND,VEH-473,Yes,Temburong,12,Normal,2,5/17/2023,Pass
2025-08-02,7:57:52,"""CNR2678197""",Completed,"""CID7334919""",SUV,Tutong Beach,Mata-Mata,9.5,32.7,,,,20.34,3.7,4.3,Dart Wallet,15.35,Brunei-Muara,Brunei-Muara,Nurul Izzah,3.25,10.26,September,2024,Wednesday,0.0,4.0,OFF-200184,9/25/2024 7:57,accepted,9/25/2024 7:57,SESS-35224,9/25/2024 2:57,9/25/2024 8:57,9/25/2024 7:57,2025-08-02 06:01:00,2025-08-02 06:03:00,2025-08-02 06:13:00,2025-08-02 06:39:00,,4.85129,114.86578,4.9116,114.86929,3.5,1.26,2.62,14.22,FQ-7563,INV-931902,BND,VEH-204,Yes,Temburong,9,High Demand Zone,14,8/26/2023,Pass
2025-08-13,5:42:27,"""CNR9492586""",Completed,"""CID7425592""",SUV,Jangsak,Muara,8.7,44.4,,,,23.82,3.6,4.8,Dart Wallet,24.64,Brunei-Muara,Belait,Nabilah Hassan,2.5,15.31,July,2024,Tuesday,1.0,7.1,OFF-200011,7/16/2024 5:41,accepted,7/16/2024 5:41,SESS-68128,7/16/2024 2:42,7/16/2024 7:42,7/16/2024 5:42,2025-08-13 18:42:00,2025-08-13 18:46:00,2025-08-13 18:50:00,2025-08-13 19:07:00,,4.90991,114.86397,4.57885,114.17193,3.5,13.43,3.55,20.48,FQ-7000,INV-642952,BND,VEH-713,Yes,Tutong,11,Normal,9,10/11/2023,Pass
2025-08-28,20:07:52,"""CNR3734577""",Cancelled by Driver,"""CID4874936""",Premium,Kuala Belait,Bandar Seri Begawan,5.5,30.4,,,,21.4,4.9,4.3,Online Banking,18.2,Tutong,Brunei-Muara,Sufian bin Haji Ali,2.1,12.24,October,2024,Tuesday,0.0,10.1,OFF-200073,10/1/2024 20:07,rejected,10/1/2024 20:07,SESS-22883,10/1/2024 15:07,10/1/2024 22:07,10/1/2024 20:07,2025-08-28 02:13:00,2025-08-28 02:15:00,2025-08-28 02:20:00,2025-08-28 02:47:00,,4.65284,114.72336,4.888,114.87296,3.5,5.38,2.43,10.81,FQ-9229,INV-676519,BND,VEH-473,Yes,Belait,5,Normal,10,4/23/2023,Pass
2025-08-05,8:32:15,"""CNR6495467""",Completed,"""CID6878640""",Compact,Lambak,Bangar,11.8,42.6,,,,5.25,4.1,3.7,Online Banking,24.24,Brunei-Muara,Brunei-Muara,Mohd Hafiz,5.17,17.24,March,2024,Saturday,0.0,5.4,OFF-200015,3/16/2024 8:31,accepted,3/16/2024 8:31,SESS-37455,3/16/2024 5:32,3/16/2024 9:32,3/16/2024 8:32,2025-08-05 05:11:00,2025-08-05 05:16:00,2025-08-05 05:26:00,2025-08-05 05:38:00,,4.9304,114.86475,4.90603,114.95647,3.5,14.26,3.41,22.17,FQ-8150,INV-441032,BND,VEH-678,Yes,Temburong,10,Normal,5,10/4/2023,Pass
2025-08-13,13:47:33,"""CNR7496424""",Completed,"""CID5064084""",Compact,Jangsak,Gadong,2.4,32.1,,,,3.0,3.7,4.1,Online Banking,31.37,Brunei-Muara,Belait,Nabilah Hassan,4.55,19.88,April,2024,Monday,1.0,9.9,OFF-200199,4/29/2024 13:46,accepted,4/29/2024 13:46,SESS-68128,4/29/2024 9:47,4/29/2024 16:47,4/29/2024 13:47,2025-08-13 14:59:00,2025-08-13 15:03:00,2025-08-13 15:10:00,2025-08-13 15:16:00,4/29/2024 13:51,4.89037,114.89512,4.69342,114.1578,3.5,3.92,2.57,13.48,FQ-6861,INV-690894,BND,VEH-713,Yes,Belait,7,High Demand Zone,6,4/16/2023,Pass
2025-08-30,2:08:12,"""CNR1973394""",Completed,"""CID7455240""",Sedan,Sengkurong,Lumut,9.0,21.6,,,,6.57,4.2,4.9,Dart Wallet,30.24,Brunei-Muara,Brunei-Muara,Faisal Hakimi,5.38,20.26,March,2024,Sunday,1.0,8.2,OFF-200101,3/17/2024 2:07,accepted,3/17/2024 2:07,SESS-85181,3/16/2024 22:08,3/17/2024 5:08,3/17/2024 2:08,2025-08-30 21:02:00,2025-08-30 21:05:00,2025-08-30 21:12:00,2025-08-30 21:57:00,,4.94723,114.93023,4.91006,114.95454,3.5,14.85,1.73,19.08,FQ-7594,INV-903069,BND,VEH-126,Yes,Brunei-Muara,4,Normal,13,9/17/2023,Pass
2025-08-29,10:05:53,"""CNR8467869""",Cancelled,"""CID3130096""",Sedan,Mata-Mata,Mentiri,3.2,14.4,,,,1.91,4.4,3.5,Online Banking,13.65,Belait,Belait,,3.26,11.17,June,2024,Thursday,,6.2,OFF-200151,6/20/2024 10:05,accepted,6/20/2024 10:05,SESS-16338,6/20/2024 8:05,6/20/2024 12:05,6/20/2024 10:05,2025-08-29 04:54:00,2025-08-29 04:57:00,2025-08-29 05:03:00,2025-08-29 05:23:00,,4.58805,114.24636,4.67083,114.25141,3.5,3.92,1.15,13.57,FQ-8742,INV-105149,BND,VEH-510,Yes,Temburong,5,Normal,8,7/25/2023,Pass
2025-08-10,15:10:15,"""CNR9904470""",Cancelled by Driver,"""CID6725966""",Premium,Tutong Town,Rimba,2.4,38.5,,,,10.92,4.2,4.3,Online Banking,16.03,Brunei-Muara,Tutong,Abdul Rahman,3.33,13.4,June,2024,Sunday,1.0,4.1,OFF-200155,6/23/2024 15:09,rejected,6/23/2024 15:09,SESS-85776,6/23/2024 11:10,6/23/2024 16:10,6/23/2024 15:10,2025-08-10 12:00:00,2025-08-10 12:04:00,2025-08-10 12:12:00,2025-08-10 12:47:00,,4.95652,114.85587,4.68754,114.75849,3.5,11.02,3.08,27.0,FQ-9667,INV-354174,BND,VEH-428,Yes,Brunei-Muara,14,High Demand Zone,1,5/31/2023,Pass
2025-08-09,17:37:07,"""CNR6403761""",Completed,"""CID4335550""",Sedan,Gadong,Serusop,4.6,32.9,1.0,,,5.47,3.5,4.8,Card,14.95,Belait,Belait,Haji Ramli,3.24,11.97,May,2024,Thursday,0.0,9.3,OFF-200116,5/9/2024 17:36,accepted,5/9/2024 17:36,SESS-68895,5/9/2024 13:37,5/9/2024 18:37,5/9/2024 17:37,2025-08-09 02:52:00,2025-08-09 02:55:00,2025-08-09 02:58:00,2025-08-09 03:31:00,5/9/2024 17:43,4.56322,114.35532,4.52656,114.19165,3.5,3.92,2.63,12.05,FQ-5044,INV-648494,BND,VEH-355,Yes,Brunei-Muara,6,Normal,11,5/25/2023,Pass
2025-08-01,15:21:24,"""CNR1726678""",Completed,"""CID2637835""",Sedan,Mentiri,Jerudong,7.1,13.1,,,,27.87,4.1,3.6,Cash,32.38,Tutong,Brunei-Muara,Ahmad Zaki,6.73,20.93,May,2024,Sunday,0.0,5.6,OFF-200007,5/19/2024 15:20,accepted,5/19/2024 15:20,SESS-75925,5/19/2024 10:21,5/19/2024 16:21,5/19/2024 15:21,2025-08-01 23:46:00,2025-08-01 23:48:00,2025-08-01 23:51:00,2025-08-02 00:17:00,,4.66308,114.65802,4.9547,114.94315,3.5,8.73,1.05,15.28,FQ-9838,INV-276437,BND,VEH-696,Yes,Temburong,4,Normal,13,2/20/2023,Pass
2025-08-22,20:35:44,"""CNR4134932""",Cancelled,"""CID6712001""",Compact,Tutong Beach,Berakas,14.8,17.1,,,,22.22,4.3,4.2,Card,18.01,Belait,Brunei-Muara,Syafiqah Yusof,4.13,13.47,July,2024,Friday,1.0,9.4,OFF-200121,7/19/2024 20:35,accepted,7/19/2024 20:35,SESS-20137,7/19/2024 16:35,7/19/2024 22:35,7/19/2024 20:35,2025-08-22 07:06:00,2025-08-22 07:10:00,2025-08-22 07:13:00,2025-08-22 07:21:00,,4.65002,114.36316,4.85119,114.97616,3.5,21.95,1.37,27.82,FQ-6666,INV-235039,BND,VEH-214,Yes,Tutong,5,Normal,1,6/4/2023,Pass
2025-08-03,16:51:11,"""CNR2860348""",Completed,"""CID5578022""",SUV,Jerudong,Bandar Seri Begawan,10.2,34.2,,,,19.42,3.9,4.3,Card,8.2,Brunei-Muara,Brunei-Muara,Aiman Hakim,1.56,6.13,October,2024,Monday,0.0,10.2,OFF-200091,10/7/2024 16:50,accepted,10/7/2024 16:50,SESS-93521,10/7/2024 12:51,10/7/2024 19:51,10/7/2024 16:51,2025-08-03 05:03:00,2025-08-03 05:08:00,2025-08-03 05:12:00,2025-08-03 05:33:00,10/7/2024 16:57,4.85757,114.92409,4.9292,114.97063,3.5,3.92,2.74,9.66,FQ-5293,INV-275833,BND,VEH-146,Yes,Belait,8,Normal,11,1/23/2023,Pass
2025-08-14,4:39:18,"""CNR8910332""",Completed,"""CID1229941""",SUV,Tutong Town,Kuala Belait,4.5,11.0,,,,27.18,4.5,4.1,Cash,18.81,Brunei-Muara,Brunei-Muara,,4.01,11.57,November,2024,Tuesday,,4.3,OFF-200163,11/19/2024 4:39,accepted,11/19/2024 4:39,SESS-16338,11/19/2024 1:39,11/19/2024 6:39,11/19/2024 4:39,2025-08-14 08:42:00,2025-08-14 08:47:00,2025-08-14 08:52:00,2025-08-14 09:19:00,,4.88914,114.88394,4.95473,114.87104,3.5,3.92,0.88,17.45,FQ-7055,INV-883339,BND,VEH-510,Yes,Brunei-Muara,8,High Demand Zone,10,8/21/2023,Pass
2025-08-29,16:37:19,"""CNR7492796""",Completed,"""CID7866026""",Premium,Bandar Seri Begawan,Tutong Town,2.3,31.7,,,,9.71,3.8,4.6,Dart Wallet,14.85,Belait,Brunei-Muara,,2.7,10.73,March,2024,Wednesday,,6.0,OFF-200089,3/13/2024 16:36,rejected,3/13/2024 16:36,SESS-16338,3/13/2024 13:37,3/13/2024 18:37,3/13/2024 16:37,2025-08-29 22:22:00,2025-08-29 22:25:00,2025-08-29 22:28:00,2025-08-29 22:33:00,,4.6872,114.36158,4.8765,114.87703,3.5,3.92,2.54,14.94,FQ-6417,INV-489304,BND,VEH-510,Yes,Tutong,12,High Demand Zone,13,7/31/2023,Pass
2025-08-06,17:57:12,"""CNR7253777""",Cancelled,"""CID3783637""",Compact,Mentiri,Rimba,13.6,42.3,,,,22.77,4.0,3.7,Dart Wallet,7.55,Brunei-Muara,Brunei-Muara,Mustafa Kamal,0.78,5.32,October,2024,Sunday,1.0,10.8,OFF-200135,10/27/2024 17:56,accepted,10/27/2024 17:56,SESS-19846,10/27/2024 12:57,10/27/2024 19:57,10/27/2024 17:57,2025-08-06 01:32:00,2025-08-06 01:36:00,2025-08-06 01:44:00,2025-08-06 02:11:00,10/27/2024 17:59,4.94548,114.95631,4.97401,114.90117,3.5,3.92,3.38,12.8,FQ-7626,INV-342420,BND,VEH-726,Yes,Temburong,14,Normal,3,7/3/2023,Pass
2025-08-28,5:04:40,"""CNR7372127""",Completed,"""CID2108992""",SUV,Lambak,Serusop,12.9,14.9,,,,5.35,4.0,4.1,Card,15.52,Tutong,Belait,Awangku Mohd,1.6,10.62,December,2024,Wednesday,0.0,8.2,OFF-200185,12/25/2024 5:04,accepted,12/25/2024 5:04,SESS-35925,12/25/2024 2:04,12/25/2024 7:04,12/25/2024 5:04,2025-08-28 20:01:00,2025-08-28 20:02:00,2025-08-28 20:09:00,2025-08-28 20:39:00,12/25/2024 5:08,4.71344,114.77428,4.61808,114.2021,3.5,3.92,1.19,7.11,FQ-5965,INV-272196,BND,VEH-727,Yes,Temburong,6,Normal,11,6/8/2023,Pass
2025-08-31,13:56:24,"""CNR5195905""",Completed,"""CID6060819""",SUV,Mata-Mata,Mata-Mata,6.0,37.1,1.0,,,2.94,3.9,3.9,Dart Wallet,33.77,Belait,Tutong,Nabilah Hassan,5.79,22.99,June,2024,Monday,0.0,9.6,OFF-200059,6/10/2024 13:55,accepted,6/10/2024 13:55,SESS-68128,6/10/2024 10:56,6/10/2024 14:56,6/10/2024 13:56,2025-08-31 17:08:00,2025-08-31 17:12:00,2025-08-31 17:17:00,2025-08-31 17:36:00,6/10/2024 14:02,4.67708,114.20374,4.71426,114.64436,3.5,3.92,2.97,14.39,FQ-5551,INV-725131,BND,VEH-713,Yes,Temburong,12,Normal,14,10/24/2023,Pass
2025-08-31,20:31:41,"""CNR6760475""",Cancelled by Driver,"""CID2785792""",Premium,Kuala Belait,Lambak,11.8,39.2,,,,18.37,4.5,4.1,Online Banking,22.57,Belait,Tutong,,3.41,16.53,December,2024,Friday,,5.8,OFF-200177,12/27/2024 20:30,rejected,12/27/2024 20:31,SESS-16338,12/27/2024 18:31,12/27/2024 22:31,12/27/2024 20:31,2025-08-31 15:39:00,2025-08-31 15:43:00,2025-08-31 15:51:00,2025-08-31 16:09:00,,4.64322,114.34329,4.70581,114.68612,3.5,3.92,3.14,15.56,FQ-9122,INV-765025,BND,VEH-510,Yes,Brunei-Muara,13,Normal,8,9/12/2023,Pass
2025-08-05,8:12:03,"""CNR8336735""",Completed,"""CID2161274""",SUV,Sengkurong,Mata-Mata,3.7,22.4,,,,27.17,3.9,4.2,Card,32.12,Brunei-Muara,Brunei-Muara,Siti Aminah,7.56,24.36,October,2024,Friday,0.0,7.9,OFF-200027,10/18/2024 8:11,accepted,10/18/2024 8:11,SESS-19622,10/18/2024 5:12,10/18/2024 11:12,10/18/2024 8:12,2025-08-05 11:32:00,2025-08-05 11:33:00,2025-08-05 11:36:00,2025-08-05 12:11:00,,4.86262,114.96797,4.89841,114.88537,3.5,22.27,1.79,27.56,FQ-5309,INV-505061,BND,VEH-614,Yes,Temburong,11,Normal,6,4/7/2023,Pass
2025-08-11,10:01:49,"""CNR5994386""",Cancelled by Driver,"""CID5100180""",SUV,Muara,Muara,9.6,17.4,,,,10.09,4.0,3.7,Dart Wallet,31.5,Brunei-Muara,Brunei-Muara,Hamid Rashid,4.97,25.84,June,2024,Wednesday,0.0,6.7,OFF-200100,6/12/2024 10:01,rejected,6/12/2024 10:01,SESS-39154,6/12/2024 6:01,6/12/2024 11:01,6/12/2024 10:01,2025-08-11 18:43:00,2025-08-11 18:45:00,2025-08-11 18:50:00,2025-08-11 19:16:00,,4.85784,114.86004,4.91782,114.92255,3.5,6.97,1.39,10.86,FQ-9392,INV-788877,BND,VEH-750,Yes,Tutong,10,Normal,2,1/1/2024,Pass
2025-08-17,19:04:03,"""CNR4022181""",Completed,"""CID2052577""",Premium,Rimba,Berakas,11.3,13.8,,,,7.48,4.3,4.4,Card,18.16,Belait,Tutong,Sufian bin Haji Ali,2.79,10.91,December,2024,Wednesday,0.0,9.2,OFF-200040,12/11/2024 19:03,accepted,12/11/2024 19:03,SESS-22883,12/11/2024 15:04,12/11/2024 20:04,12/11/2024 19:04,2025-08-17 15:22:00,2025-08-17 15:23:00,2025-08-17 15:29:00,2025-08-17 16:12:00,,4.58866,114.2821,4.70237,114.65418,3.5,17.92,1.1,33.15,FQ-9435,INV-592900,BND,VEH-473,Yes,Temburong,7,High Demand Zone,14,10/25/2023,Pass
2025-08-26,20:22:11,"""CNR7665294""",Completed,"""CID5596375""",Premium,Berakas,Jerudong,3.1,22.3,,,,11.9,3.8,3.9,Cash,10.94,Brunei-Muara,Belait,Fadhil Junaidi,2.49,8.48,November,2024,Friday,1.0,7.6,OFF-200191,11/29/2024 20:21,accepted,11/29/2024 20:21,SESS-29233,11/29/2024 15:22,11/29/2024 22:22,11/29/2024 20:22,2025-08-26 08:08:00,2025-08-26 08:13:00,2025-08-26 08:20:00,2025-08-26 08:56:00,11/29/2024 20:24,4.86634,114.86194,4.61182,114.16108,3.5,3.92,1.78,10.2,FQ-8230,INV-513393,BND,VEH-642,Yes,Belait,13,Normal,6,9/21/2023,Pass
2025-08-10,13:14:23,"""CNR9959930""",Cancelled by Driver,"""CID5337972""",Compact,Serusop,Jangsak,6.8,42.9,,,,4.12,4.2,4.6,Card,27.27,Belait,Brunei-Muara,Haji Ramli,3.86,18.23,October,2024,Wednesday,1.0,8.5,OFF-200154,10/16/2024 13:13,rejected,10/16/2024 13:13,SESS-68895,10/16/2024 10:14,10/16/2024 15:14,10/16/2024 13:14,2025-08-09 23:55:00,2025-08-09 23:58:00,2025-08-10 00:01:00,2025-08-10 00:32:00,,4.61501,114.20753,4.8934,114.94653,3.5,2.69,3.43,11.52,FQ-9929,INV-905997,BND,VEH-355,Yes,Temburong,8,High Demand Zone,3,4/17/2023,Pass
2025-08-06,16:10:39,"""CNR5577217""",Completed,"""CID8907160""",Compact,Mentiri,Bangar,12.7,11.8,,,,11.88,3.8,4.0,Online Banking,29.62,Belait,Brunei-Muara,Nurul Izzah,4.89,17.96,January,2024,Sunday,1.0,9.7,OFF-200190,1/7/2024 16:10,accepted,1/7/2024 16:10,SESS-35224,1/7/2024 14:10,1/7/2024 19:10,1/7/2024 16:10,2025-08-06 18:05:00,2025-08-06 18:06:00,2025-08-06 18:08:00,2025-08-06 18:33:00,,4.57503,114.32022,4.93087,114.86864,3.5,21.26,0.94,32.12,FQ-6966,INV-183163,BND,VEH-204,Yes,Brunei-Muara,11,High Demand Zone,4,1/14/2023,Pass
2025-08-20,18:03:59,"""CNR6443443""",Completed,"""CID1686959""",SUV,Tutong Beach,Kiulap,7.6,16.6,,,,3.97,4.0,3.6,Dart Wallet,7.48,Brunei-Muara,Brunei-Muara,Hamid Rashid,1.55,4.79,December,2024,Tuesday,1.0,4.3,OFF-200144,12/10/2024 18:03,accepted,12/10/2024 18:03,SESS-39154,12/10/2024 15:03,12/10/2024 21:03,12/10/2024 18:03,2025-08-20 01:29:00,2025-08-20 01:34:00,2025-08-20 01:41:00,2025-08-20 02:04:00,12/10/2024 18:08,4.88354,114.93049,4.97936,114.95369,3.5,3.92,1.33,17.12,FQ-6220,INV-852305,BND,VEH-750,Yes,Brunei-Muara,11,High Demand Zone,10,2/3/2023,Pass
2025-08-12,20:28:37,"""CNR5239998""",Cancelled,"""CID1535942""",Sedan,Rimba,Bangar,8.7,30.6,,,,3.59,4.8,4.6,Dart Wallet,20.54,Belait,Brunei-Muara,Ahmad Zaki,2.54,13.39,April,2024,Wednesday,1.0,7.2,OFF-200160,4/24/2024 20:27,accepted,4/24/2024 20:27,SESS-75925,4/24/2024 15:28,4/24/2024 21:28,4/24/2024 20:28,2025-08-12 09:57:00,2025-08-12 09:58:00,2025-08-12 10:05:00,2025-08-12 10:36:00,,4.51696,114.13943,4.8616,114.86799,3.5,16.78,2.45,23.73,FQ-6399,INV-765728,BND,VEH-696,Yes,Temburong,8,Normal,13,7/17/2023,Pass
2025-08-08,21:38:19,"""CNR5641229""",Completed,"""CID6884557""",Sedan,Lumut,Kiulap,7.9,34.7,,,,4.99,4.1,4.5,Card,33.54,Tutong,Tutong,Zulhelmi Ishak,5.3,22.8,August,2024,Saturday,1.0,9.3,OFF-200156,8/10/2024 21:37,accepted,8/10/2024 21:37,SESS-38008,8/10/2024 17:38,8/11/2024 0:38,8/10/2024 21:38,2025-08-08 07:00:00,2025-08-08 07:01:00,2025-08-08 07:03:00,2025-08-08 07:43:00,,4.75138,114.66938,4.71459,114.78805,3.5,20.18,2.78,44.69,FQ-7952,INV-574905,BND,VEH-353,Yes,Belait,12,High Demand Zone,1,3/14/2023,Pass
2025-08-17,22:15:02,"""CNR6026851""",Completed,"""CID6133594""",Sedan,Kiulap,Berakas,6.4,20.7,,,,21.35,3.7,4.8,Card,3.23,Brunei-Muara,Brunei-Muara,Abdul Rahman,0.5,2.41,October,2024,Saturday,1.0,8.9,OFF-200140,10/5/2024 22:14,rejected,10/5/2024 22:14,SESS-85776,10/5/2024 18:15,10/5/2024 23:15,10/5/2024 22:15,2025-08-17 09:18:00,2025-08-17 09:23:00,2025-08-17 09:31:00,2025-08-17 09:37:00,,4.9225,114.96828,4.89399,114.9767,3.5,13.76,1.66,25.65,FQ-6476,INV-839344,BND,VEH-428,Yes,Brunei-Muara,8,High Demand Zone,4,1/28/2023,Pass
2025-09-07,11:28:33,"""CNR1941394""",Cancelled by Driver,"""CID6286517""",SUV,Tutong Beach,Rimba,6.3,31.1,,,,10.48,3.5,3.9,Card,13.7,Belait,Brunei-Muara,Faisal Hakimi,1.61,9.11,February,2024,Wednesday,1.0,11.7,OFF-200045,2/7/2024 11:27,accepted,2/7/2024 11:27,SESS-85181,2/7/2024 9:28,2/7/2024 12:28,2/7/2024 11:28,2025-09-07 04:25:00,2025-09-07 04:28:00,2025-09-07 04:34:00,2025-09-07 04:39:00,,4.68402,114.39582,4.85542,114.96918,3.5,8.2,2.49,22.28,FQ-6778,INV-391132,BND,VEH-126,Yes,Tutong,14,High Demand Zone,9,12/26/2023,Pass
2025-09-20,20:46:16,"""CNR5874746""",Completed,"""CID9596834""",Compact,Jerudong,Kiulap,8.5,33.8,,,,22.34,4.4,3.8,Cash,27.31,Belait,Brunei-Muara,Faisal Hakimi,5.56,18.42,June,2024,Sunday,1.0,9.9,OFF-200034,6/23/2024 20:45,accepted,6/23/2024 20:45,SESS-85181,6/23/2024 15:46,6/23/2024 22:46,6/23/2024 20:46,2025-09-20 20:32:00,2025-09-20 20:34:00,2025-09-20 20:42:00,2025-09-20 21:19:00,6/23/2024 20:54,4.66917,114.28965,4.89813,114.86034,3.5,3.92,2.7,15.12,FQ-8476,INV-245076,BND,VEH-126,Yes,Belait,9,Normal,13,12/8/2023,Pass
2025-09-10,7:20:29,"""CNR4672986""",Completed,"""CID8960852""",Sedan,Berakas,Tutong Beach,13.7,10.3,,,,25.95,4.0,4.1,Online Banking,29.55,Belait,Brunei-Muara,Ibrahim Daud,7.15,19.25,July,2024,Wednesday,1.0,7.1,OFF-200133,7/31/2024 7:19,accepted,7/31/2024 7:19,SESS-97398,7/31/2024 4:20,7/31/2024 10:20,7/31/2024 7:20,2025-09-10 11:19:00,2025-09-10 11:24:00,2025-09-10 11:29:00,2025-09-10 11:37:00,7/31/2024 7:29,4.58686,114.31698,4.88236,114.96428,3.5,3.92,0.82,8.24,FQ-7037,INV-974938,BND,VEH-819,Yes,Tutong,7,Normal,14,3/7/2023,Pass
2025-09-13,11:43:18,"""CNR5879277""",Completed,"""CID9602160""",Sedan,Muara,Bandar Seri Begawan,6.7,23.9,,,,28.46,4.4,4.1,Cash,30.43,Brunei-Muara,Brunei-Muara,,4.43,25.33,March,2024,Tuesday,,5.0,OFF-200081,3/26/2024 11:42,accepted,3/26/2024 11:43,SESS-16338,3/26/2024 7:43,3/26/2024 12:43,3/26/2024 11:43,2025-09-13 19:35:00,2025-09-13 19:39:00,2025-09-13 19:48:00,2025-09-13 20:03:00,,4.93083,114.94061,4.97949,114.93079,3.5,3.92,1.91,6.83,FQ-9037,INV-561446,BND,VEH-510,Yes,Tutong,12,Normal,14,2/13/2023,Pass
2025-09-06,7:50:30,"""CNR6197135""",Completed,"""CID5014483""",Premium,Sengkurong,Bandar Seri Begawan,3.8,22.2,,,,27.06,4.8,4.9,Dart Wallet,27.65,Brunei-Muara,Brunei-Muara,Syafiqah Yusof,3.85,18.68,November,2024,Tuesday,0.0,9.7,OFF-200114,11/12/2024 7:49,accepted,11/12/2024 7:49,SESS-20137,11/12/2024 3:50,11/12/2024 9:50,11/12/2024 7:50,2025-09-06 02:56:00,2025-09-06 02:58:00,2025-09-06 03:03:00,2025-09-06 03:31:00,,4.88027,114.87663,4.88441,114.97508,3.5,21.26,1.78,26.54,FQ-6469,INV-297736,BND,VEH-214,Yes,Temburong,6,Normal,11,10/11/2023,Pass
2025-09-26,15:47:22,"""CNR4140742""",Cancelled,"""CID4274650""",Sedan,Gadong,Jerudong,11.1,35.5,,,,21.38,3.6,3.7,Card,11.64,Brunei-Muara,Brunei-Muara,Hamid Rashid,2.44,8.38,January,2024,Monday,1.0,8.6,OFF-200196,1/8/2024 15:46,accepted,1/8/2024 15:46,SESS-39154,1/8/2024 13:47,1/8/2024 17:47,1/8/2024 15:47,2025-09-26 06:01:00,2025-09-26 06:05:00,2025-09-26 06:07:00,2025-09-26 06:52:00,,4.89082,114.88352,4.90863,114.87058,3.5,18.49,2.84,37.24,FQ-6073,INV-930203,BND,VEH-750,Yes,Belait,7,High Demand Zone,13,4/17/2023,Pass
2025-09-22,11:25:18,"""CNR8311141""",Completed,"""CID4377550""",Sedan,Mata-Mata,Lambak,3.9,21.9,,,,21.85,4.9,4.5,Cash,25.72,Brunei-Muara,Brunei-Muara,Nabilah Hassan,3.6,16.74,July,2024,Saturday,0.0,8.5,OFF-200046,7/6/2024 11:24,accepted,7/6/2024 11:24,SESS-68128,7/6/2024 6:25,7/6/2024 13:25,7/6/2024 11:25,2025-09-22 11:48:00,2025-09-22 11:52:00,2025-09-22 12:01:00,2025-09-22 12:08:00,7/6/2024 11:29,4.85366,114.90238,4.87389,114.88302,3.5,3.92,1.75,10.46,FQ-8617,INV-775885,BND,VEH-713,Yes,Temburong,14,High Demand Zone,9,7/30/2023,Pass
2025-09-07,7:49:03,"""CNR9435112""",Completed,"""CID8876690""",SUV,Bangar,Lumut,3.9,27.2,,,,11.65,4.9,4.1,Cash,5.83,Brunei-Muara,Brunei-Muara,Aiman Hakim,1.06,4.69,July,2024,Friday,0.0,4.5,OFF-200152,7/5/2024 7:48,accepted,7/5/2024 7:48,SESS-93521,7/5/2024 2:49,7/5/2024 10:49,7/5/2024 7:49,2025-09-07 07:41:00,2025-09-07 07:42:00,2025-09-07 07:44:00,2025-09-07 08:17:00,,4.86425,114.94359,4.88987,114.95656,3.5,16.52,2.18,34.3,FQ-8851,INV-457956,BND,VEH-146,Yes,Temburong,4,High Demand Zone,3,7/21/2023,Pass
2025-09-24,20:55:21,"""CNR7116878""",Completed,"""CID8235642""",Premium,Lambak,Rimba,8.3,34.3,,,,20.51,4.9,4.1,Dart Wallet,7.72,Brunei-Muara,Brunei-Muara,Aiman Hakim,1.55,6.35,January,2024,Sunday,0.0,11.5,OFF-200193,1/14/2024 20:54,accepted,1/14/2024 20:54,SESS-93521,1/14/2024 15:55,1/14/2024 21:55,1/14/2024 20:55,2025-09-24 17:24:00,2025-09-24 17:27:00,2025-09-24 17:34:00,2025-09-24 17:48:00,,4.8613,114.97933,4.9221,114.87937,3.5,7.26,2.74,13.5,FQ-5308,INV-972168,BND,VEH-146,Yes,Temburong,7,Normal,5,4/2/2023,Pass
2025-09-03,13:43:58,"""CNR2717765""",Completed,"""CID6981040""",SUV,Jangsak,Bangar,11.7,11.0,,,,16.67,3.7,4.7,Cash,22.16,Belait,Belait,Mustafa Kamal,2.75,17.91,September,2024,Thursday,0.0,7.4,OFF-200009,9/12/2024 13:43,accepted,9/12/2024 13:43,SESS-19846,9/12/2024 8:43,9/12/2024 16:43,9/12/2024 13:43,2025-09-03 19:06:00,2025-09-03 19:09:00,2025-09-03 19:16:00,2025-09-03 19:29:00,,4.53623,114.32737,4.67409,114.37873,3.5,17.33,0.88,21.71,FQ-9941,INV-153422,BND,VEH-726,Yes,Temburong,6,Normal,12,9/1/2023,Pass
2025-09-27,20:49:13,"""CNR4678687""",Cancelled by Driver,"""CID5606374""",Sedan,Tutong Beach,Bangar,7.8,35.6,,,,16.96,4.7,4.5,Cash,11.15,Brunei-Muara,Brunei-Muara,Ridhwan Bakar,2.35,9.32,April,2024,Friday,1.0,4.3,OFF-200055,4/26/2024 20:48,accepted,4/26/2024 20:48,SESS-20959,4/26/2024 16:49,4/26/2024 22:49,4/26/2024 20:49,2025-09-27 06:45:00,2025-09-27 06:49:00,2025-09-27 06:52:00,2025-09-27 07:22:00,4/26/2024 20:55,4.86076,114.9049,4.86813,114.96133,3.5,3.92,2.85,11.27,FQ-7342,INV-760202,BND,VEH-504,Yes,Brunei-Muara,12,Normal,12,11/24/2023,Pass
2025-09-16,17:26:43,"""CNR5058425""",Completed,"""CID8939404""",Compact,Muara,Sengkurong,2.4,35.3,,,,21.12,5.0,4.8,Cash,7.98,Brunei-Muara,Belait,Ridhwan Bakar,1.66,6.29,July,2024,Saturday,0.0,4.9,OFF-200029,7/6/2024 17:26,rejected,7/6/2024 17:26,SESS-20959,7/6/2024 13:26,7/6/2024 18:26,7/6/2024 17:26,2025-09-16 03:06:00,2025-09-16 03:10:00,2025-09-16 03:20:00,2025-09-16 03:48:00,,4.96512,114.89779,4.62049,114.24781,3.5,3.67,2.82,17.48,FQ-8863,INV-156526,BND,VEH-504,Yes,Temburong,9,High Demand Zone,4,1/1/2023,Pass
2025-09-26,16:48:05,"""CNR9060565""",Completed,"""CID8916050""",SUV,Rimba,Kuala Belait,7.7,28.4,,,,9.58,3.6,4.5,Cash,3.52,Brunei-Muara,Brunei-Muara,Syafiqah Yusof,0.79,2.29,July,2024,Monday,1.0,5.7,OFF-200108,7/29/2024 16:47,accepted,7/29/2024 16:47,SESS-20137,7/29/2024 14:48,7/29/2024 17:48,7/29/2024 16:48,2025-09-26 03:25:00,2025-09-26 03:28:00,2025-09-26 03:31:00,2025-09-26 03:45:00,,4.94133,114.96168,4.92891,114.91703,3.5,12.7,2.27,26.2,FQ-7952,INV-884997,BND,VEH-214,Yes,Belait,9,High Demand Zone,6,11/4/2023,Pass
2025-09-15,9:55:48,"""CNR4076785""",Completed,"""CID4419792""",Premium,Mentiri,Rimba,11.7,29.7,,,,27.67,5.0,4.5,Card,22.82,Brunei-Muara,Belait,Ahmad Zaki,4.31,17.32,December,2024,Tuesday,1.0,7.7,OFF-200004,12/3/2024 9:55,rejected,12/3/2024 9:55,SESS-75925,12/3/2024 4:55,12/3/2024 11:55,12/3/2024 9:55,2025-09-15 03:18:00,2025-09-15 03:19:00,2025-09-15 03:27:00,2025-09-15 03:54:00,,4.89715,114.85574,4.588,114.39263,3.5,5.43,2.38,10.81,FQ-9216,INV-903863,BND,VEH-696,Yes,Tutong,5,Normal,6,1/15/2024,Pass
2025-09-16,4:58:24,"""CNR7509619""",Cancelled,"""CID4089635""",Compact,Bangar,Jerudong,6.5,12.0,1.0,,,28.92,3.6,3.9,Online Banking,15.16,Tutong,Brunei-Muara,Shahrul Nizam,1.71,11.97,March,2024,Tuesday,0.0,4.7,OFF-200118,3/5/2024 4:57,accepted,3/5/2024 4:57,SESS-93507,3/4/2024 23:58,3/5/2024 5:58,3/5/2024 4:58,2025-09-16 10:12:00,2025-09-16 10:16:00,2025-09-16 10:22:00,2025-09-16 10:28:00,3/5/2024 5:01,4.72008,114.66305,4.93881,114.86471,3.5,3.92,0.96,15.47,FQ-5076,INV-119015,BND,VEH-252,Yes,Temburong,8,High Demand Zone,5,5/29/2023,Pass
2025-09-08,15:25:55,"""CNR7374583""",Completed,"""CID2049576""",Compact,Mentiri,Muara,11.6,11.6,,,,21.42,4.5,3.6,Cash,20.68,Belait,Brunei-Muara,Roslan Ahmad,3.97,14.74,February,2024,Friday,1.0,5.6,OFF-200032,2/2/2024 15:25,accepted,2/2/2024 15:25,SESS-14930,2/2/2024 10:25,2/2/2024 17:25,2/2/2024 15:25,2025-09-08 23:46:00,2025-09-08 23:50:00,2025-09-08 23:53:00,2025-09-09 00:38:00,,4.63734,114.1876,4.89436,114.89808,3.5,5.36,0.93,14.79,FQ-8563,INV-787245,BND,VEH-675,Yes,Temburong,6,Normal,9,12/12/2023,Pass
2025-09-19,12:20:32,"""CNR5687699""",Cancelled by Driver,"""CID6778217""",Compact,Tutong Beach,Lambak,9.0,33.6,,,,16.53,4.3,3.7,Online Banking,28.64,Belait,Tutong,,3.95,22.37,January,2024,Friday,,9.9,OFF-200117,1/26/2024 12:20,rejected,1/26/2024 12:20,SESS-16338,1/26/2024 9:20,1/26/2024 15:20,1/26/2024 12:20,2025-09-19 21:35:00,2025-09-19 21:39:00,2025-09-19 21:49:00,2025-09-19 21:55:00,,4.55386,114.17976,4.66007,114.60336,3.5,3.92,2.69,11.11,FQ-6513,INV-209562,BND,VEH-510,Yes,Brunei-Muara,5,Normal,5,1/5/2024,Pass
2025-09-06,15:00:48,"""CNR5307735""",Completed,"""CID5073889""",SUV,Mata-Mata,Jerudong,8.5,34.8,,,,1.17,4.7,4.9,Cash,18.56,Belait,Belait,Faisal Hakimi,4.1,14.74,August,2024,Saturday,1.0,11.7,OFF-200064,8/24/2024 15:00,rejected,8/24/2024 15:00,SESS-85181,8/24/2024 12:00,8/24/2024 17:00,8/24/2024 15:00,2025-09-06 14:13:00,2025-09-06 14:16:00,2025-09-06 14:18:00,2025-09-06 14:33:00,,4.66511,114.13113,4.58069,114.2856,3.5,4.2,2.78,11.48,FQ-8743,INV-246818,BND,VEH-126,Yes,Tutong,7,Normal,5,8/20/2023,Pass
2025-09-02,14:20:44,"""CNR8878477""",Completed,"""CID5259729""",Sedan,Muara,Jangsak,4.3,10.7,1.0,,,29.39,4.7,4.2,Cash,7.22,Belait,Belait,Shahrul Nizam,0.75,5.42,July,2024,Saturday,0.0,8.3,OFF-200145,7/20/2024 14:20,accepted,7/20/2024 14:20,SESS-93507,7/20/2024 12:20,7/20/2024 16:20,7/20/2024 14:20,2025-09-02 08:59:00,2025-09-02 09:04:00,2025-09-02 09:11:00,2025-09-02 09:30:00,7/20/2024 14:29,4.66899,114.2119,4.56758,114.15712,3.5,3.92,0.86,9.28,FQ-7781,INV-502556,BND,VEH-252,Yes,Temburong,12,Normal,7,12/7/2023,Pass
2025-09-14,20:52:36,"""CNR1405417""",Cancelled,"""CID1941374""",Sedan,Mata-Mata,Lumut,5.7,22.3,,1.0,Vehicle Breakdown,3.53,4.3,4.2,Online Banking,5.14,Brunei-Muara,Tutong,Ahmad Zaki,1.03,4.21,March,2024,Friday,1.0,8.8,OFF-200176,3/15/2024 20:51,rejected,3/15/2024 20:51,SESS-75925,3/15/2024 18:52,3/15/2024 22:52,3/15/2024 20:52,2025-09-14 00:33:00,2025-09-14 00:38:00,2025-09-14 00:45:00,2025-09-14 01:23:00,,4.87009,114.9696,4.7414,114.63634,3.5,1.92,1.78,10.0,FQ-5340,INV-106569,BND,VEH-696,Yes,Brunei-Muara,8,High Demand Zone,3,2/3/2023,Pass
2025-09-08,10:40:22,"""CNR1652765""",Cancelled,"""CID8558813""",Premium,Berakas,Jangsak,6.5,34.4,,1.0,Vehicle Breakdown,20.03,3.8,3.6,Online Banking,34.07,Tutong,Belait,Zulhelmi Ishak,4.0,25.4,December,2024,Sunday,1.0,4.5,OFF-200010,12/1/2024 10:40,accepted,12/1/2024 10:40,SESS-38008,12/1/2024 7:40,12/1/2024 11:40,12/1/2024 10:40,2025-09-08 04:02:00,2025-09-08 04:03:00,2025-09-08 04:07:00,2025-09-08 04:13:00,,4.747,114.67638,4.5337,114.22291,3.5,2.13,2.75,15.47,FQ-6248,INV-952956,BND,VEH-353,Yes,Belait,9,High Demand Zone,11,1/29/2024,Pass
2025-09-10,12:55:50,"""CNR4648667""",Cancelled by Driver,"""CID6849564""",Sedan,Tutong Beach,Gadong,10.4,19.4,,,,24.53,3.8,4.2,Online Banking,12.71,Brunei-Muara,Belait,Faisal Hakimi,1.74,8.64,April,2024,Sunday,1.0,8.7,OFF-200084,4/7/2024 12:55,accepted,4/7/2024 12:55,SESS-85181,4/7/2024 9:55,4/7/2024 15:55,4/7/2024 12:55,2025-09-10 04:42:00,2025-09-10 04:45:00,2025-09-10 04:47:00,2025-09-10 05:17:00,,4.96473,114.95733,4.52883,114.13605,3.5,19.64,1.55,26.69,FQ-6709,INV-684700,BND,VEH-126,Yes,Brunei-Muara,13,Normal,12,7/16/2023,Pass
2025-09-22,20:25:31,"""CNR7128155""",Completed,"""CID5063874""",Sedan,Rimba,Bangar,7.7,30.2,,,,2.97,3.9,4.3,Card,30.56,Belait,Tutong,Noraini Kassim,7.58,22.26,June,2024,Monday,1.0,9.8,OFF-200025,6/24/2024 20:25,accepted,6/24/2024 20:25,SESS-88755,6/24/2024 15:25,6/24/2024 23:25,6/24/2024 20:25,2025-09-22 15:24:00,2025-09-22 15:25:00,2025-09-22 15:30:00,2025-09-22 16:05:00,,4.65754,114.3961,4.67437,114.78719,3.5,9.81,2.42,22.6,FQ-7044,INV-683708,BND,VEH-967,Yes,Belait,5,High Demand Zone,5,3/27/2023,Pass
2025-09-25,22:31:08,"""CNR9701090""",Completed,"""CID5501061""",Compact,Mata-Mata,Kiulap,3.8,12.1,,,,20.48,4.8,4.4,Cash,3.89,Brunei-Muara,Brunei-Muara,Shahrul Nizam,0.62,3.24,April,2024,Wednesday,0.0,8.5,OFF-200062,4/24/2024 22:30,rejected,4/24/2024 22:30,SESS-93507,4/24/2024 20:31,4/25/2024 1:31,4/24/2024 22:31,2025-09-25 13:44:00,2025-09-25 13:46:00,2025-09-25 13:53:00,2025-09-25 14:38:00,4/24/2024 22:35,4.96124,114.90419,4.95828,114.92584,3.5,3.92,0.97,13.39,FQ-8734,INV-511415,BND,VEH-252,Yes,Tutong,7,Normal,14,4/7/2023,Pass
2025-09-24,10:41:11,"""CNR1282098""",Completed,"""CID4893475""",Premium,Muara,Tutong Beach,11.5,13.3,,,,13.1,4.7,4.7,Dart Wallet,22.19,Brunei-Muara,Tutong,Noraini Kassim,4.56,16.43,December,2024,Monday,1.0,10.8,OFF-200085,12/16/2024 10:40,rejected,12/16/2024 10:40,SESS-88755,12/16/2024 8:41,12/16/2024 13:41,12/16/2024 10:41,2025-09-24 04:16:00,2025-09-24 04:20:00,2025-09-24 04:30:00,2025-09-24 05:14:00,,4.85943,114.89897,4.79064,114.74205,3.5,17.09,1.06,22.65,FQ-8604,INV-541408,BND,VEH-967,Yes,Belait,8,Normal,9,4/8/2023,Pass
2025-09-02,12:36:25,"""CNR1592055""",Cancelled,"""CID7228523""",Premium,Kuala Belait,Bangar,13.6,27.4,1.0,,,26.26,4.4,4.9,Online Banking,15.36,Tutong,Tutong,Farhana Yusof,3.14,11.86,March,2024,Saturday,0.0,6.9,OFF-200058,3/30/2024 12:35,rejected,3/30/2024 12:35,SESS-31967,3/30/2024 9:36,3/30/2024 13:36,3/30/2024 12:36,2025-09-02 11:07:00,2025-09-02 11:11:00,2025-09-02 11:17:00,2025-09-02 11:47:00,3/30/2024 12:43,4.66384,114.69476,4.65,114.74439,3.5,3.92,2.19,16.42,FQ-6317,INV-142125,BND,VEH-674,Yes,Tutong,8,High Demand Zone,1,5/9/2023,Pass
2025-09-22,15:46:39,"""CNR1091682""",Completed,"""CID1131593""",Sedan,Mentiri,Bangar,3.4,14.7,1.0,,,18.24,3.9,4.0,Online Banking,30.99,Belait,Tutong,Abdul Rahman,7.41,20.36,July,2024,Thursday,0.0,11.0,OFF-200026,7/4/2024 15:45,accepted,7/4/2024 15:45,SESS-85776,7/4/2024 12:46,7/4/2024 18:46,7/4/2024 15:46,2025-09-22 18:00:00,2025-09-22 18:01:00,2025-09-22 18:08:00,2025-09-22 18:43:00,7/4/2024 15:55,4.65763,114.19244,4.65554,114.72602,3.5,3.92,1.18,10.75,FQ-9428,INV-959254,BND,VEH-428,Yes,Temburong,6,High Demand Zone,6,9/11/2023,Pass
2025-09-07,20:52:36,"""CNR1405417""",Cancelled by Driver,"""CID1941374""",Compact,Tutong Town,Tutong Town,5.7,22.3,,1.0,Vehicle Breakdown,20.96,4.3,4.6,Card,28.67,Brunei-Muara,Tutong,Ahmad Zaki,5.82,18.56,March,2024,Friday,1.0,8.8,OFF-200176,3/15/2024 20:51,accepted,3/15/2024 20:51,SESS-75925,3/15/2024 18:52,3/15/2024 22:52,3/15/2024 20:52,2025-09-07 11:07:00,2025-09-07 11:12:00,2025-09-07 11:19:00,2025-09-07 11:36:00,,4.87009,114.9696,4.7414,114.63634,3.5,1.92,1.78,10.0,FQ-5340,INV-106569,BND,VEH-696,Yes,Temburong,8,High Demand Zone,3,2/3/2023,Pass
2025-09-07,20:28:37,"""CNR5239998""",Cancelled,"""CID1535942""",Premium,Muara,Berakas,8.7,30.6,,,,15.05,3.7,4.3,Card,10.86,Belait,Brunei-Muara,Ahmad Zaki,2.01,7.25,April,2024,Wednesday,1.0,7.2,OFF-200160,4/24/2024 20:27,accepted,4/24/2024 20:27,SESS-75925,4/24/2024 15:28,4/24/2024 21:28,4/24/2024 20:28,2025-09-07 14:32:00,2025-09-07 14:33:00,2025-09-07 14:37:00,2025-09-07 15:15:00,,4.51696,114.13943,4.8616,114.86799,3.5,16.78,2.45,23.73,FQ-6399,INV-765728,BND,VEH-696,Yes,Tutong,8,Normal,13,7/17/2023,Pass
2025-09-20,19:52:59,"""CNR7386689""",Cancelled,"""CID2377603""",SUV,Gadong,Bandar Seri Begawan,13.2,36.1,,,,16.97,3.9,4.1,Online Banking,32.91,Brunei-Muara,Brunei-Muara,Mustafa Kamal,5.81,26.5,September,2024,Saturday,0.0,6.1,OFF-200097,9/21/2024 19:52,rejected,9/21/2024 19:52,SESS-19846,9/21/2024 14:52,9/21/2024 21:52,9/21/2024 19:52,2025-09-20 02:03:00,2025-09-20 02:08:00,2025-09-20 02:16:00,2025-09-20 02:28:00,,4.90288,114.85225,4.93783,114.93135,3.5,7.77,2.89,18.7,FQ-7660,INV-127899,BND,VEH-726,Yes,Temburong,9,High Demand Zone,14,7/18/2023,Pass
2025-09-14,20:47:53,"""CNR3122045""",Completed,"""CID3241966""",Sedan,Rimba,Mentiri,10.5,33.1,,,,24.24,4.3,3.9,Card,14.56,Belait,Tutong,Zulhelmi Ishak,3.31,8.93,July,2024,Thursday,0.0,7.7,OFF-200104,7/11/2024 20:47,accepted,7/11/2024 20:47,SESS-38008,7/11/2024 17:47,7/11/2024 21:47,7/11/2024 20:47,2025-09-14 20:24:00,2025-09-14 20:28:00,2025-09-14 20:31:00,2025-09-14 21:14:00,,4.5563,114.25526,4.72672,114.73274,3.5,1.02,2.65,14.76,FQ-9811,INV-950112,BND,VEH-353,Yes,Temburong,8,High Demand Zone,9,8/23/2023,Pass
2025-09-09,14:41:56,"""CNR3422152""",Cancelled by Driver,"""CID9604726""",Sedan,Kiulap,Gadong,13.5,42.5,,,,7.98,4.9,4.6,Online Banking,12.09,Tutong,Brunei-Muara,Siti Aminah,2.3,7.92,December,2024,Thursday,0.0,11.0,OFF-200098,12/26/2024 14:41,accepted,12/26/2024 14:41,SESS-19622,12/26/2024 9:41,12/26/2024 17:41,12/26/2024 14:41,2025-09-09 04:40:00,2025-09-09 04:42:00,2025-09-09 04:50:00,2025-09-09 05:01:00,,4.71618,114.76674,4.86274,114.94378,3.5,12.76,3.4,26.57,FQ-7001,INV-280068,BND,VEH-614,Yes,Brunei-Muara,11,High Demand Zone,14,1/29/2023,Pass
2025-09-12,17:19:45,"""CNR6672970""",Cancelled by Driver,"""CID7564583""",Compact,Muara,Lambak,8.0,31.7,,,,3.64,4.2,3.9,Card,33.54,Brunei-Muara,Brunei-Muara,Siti Aminah,8.28,26.33,June,2024,Tuesday,1.0,6.1,OFF-200128,6/25/2024 17:19,accepted,6/25/2024 17:19,SESS-19622,6/25/2024 15:19,6/25/2024 18:19,6/25/2024 17:19,2025-09-12 06:54:00,2025-09-12 06:59:00,2025-09-12 07:09:00,2025-09-12 07:15:00,,4.9663,114.86208,4.96658,114.88619,3.5,14.81,2.54,21.85,FQ-7717,INV-467365,BND,VEH-614,Yes,Tutong,14,Normal,10,2/25/2023,Pass
2025-09-04,20:38:53,"""CNR3203477""",Completed,"""CID7343220""",SUV,Lambak,Lambak,2.1,10.8,,,,9.95,3.8,4.1,Online Banking,10.64,Brunei-Muara,Tutong,Nabilah Hassan,2.02,7.93,February,2024,Saturday,1.0,5.8,OFF-200148,2/17/2024 20:37,accepted,2/17/2024 20:38,SESS-68128,2/17/2024 18:38,2/17/2024 22:38,2/17/2024 20:38,2025-09-04 07:47:00,2025-09-04 07:49:00,2025-09-04 07:54:00,2025-09-04 08:25:00,,4.88489,114.9462,4.69767,114.6044,3.5,14.16,0.86,28.15,FQ-9262,INV-819914,BND,VEH-713,Yes,Temburong,13,High Demand Zone,5,11/23/2023,Pass
2025-09-04,11:31:06,"""CNR6103529""",Cancelled,"""CID5523739""",Premium,Rimba,Gadong,13.3,43.0,,1.0,Other Issue,16.19,4.8,4.4,Card,28.27,Tutong,Brunei-Muara,Haji Ramli,4.94,19.24,May,2024,Friday,1.0,10.0,OFF-200054,5/17/2024 11:30,rejected,5/17/2024 11:30,SESS-68895,5/17/2024 7:31,5/17/2024 13:31,5/17/2024 11:31,2025-09-04 02:15:00,2025-09-04 02:17:00,2025-09-04 02:26:00,2025-09-04 02:59:00,,4.75317,114.63822,4.85107,114.9304,3.5,2.7,3.44,12.05,FQ-5830,INV-335610,BND,VEH-355,Yes,Temburong,4,High Demand Zone,8,1/28/2023,Pass
2025-09-20,14:52:48,"""CNR8894376""",Completed,"""CID3051177""",SUV,Lambak,Rimba,12.8,14.5,,,,8.21,4.2,4.4,Card,15.96,Brunei-Muara,Brunei-Muara,Haji Ramli,2.15,10.74,May,2024,Thursday,1.0,10.6,OFF-200005,5/30/2024 14:51,accepted,5/30/2024 14:52,SESS-68895,5/30/2024 9:52,5/30/2024 15:52,5/30/2024 14:52,2025-09-20 06:15:00,2025-09-20 06:20:00,2025-09-20 06:23:00,2025-09-20 06:37:00,,4.9457,114.87944,4.90929,114.97515,3.5,10.93,1.16,15.59,FQ-5230,INV-964154,BND,VEH-355,Yes,Temburong,4,Normal,5,10/1/2023,Pass
2025-09-01,15:47:22,"""CNR4140742""",Cancelled,"""CID4274650""",Premium,Gadong,Rimba,11.1,35.5,,,,22.0,3.8,3.9,Online Banking,18.71,Brunei-Muara,Brunei-Muara,Hamid Rashid,2.12,15.48,January,2024,Monday,1.0,8.6,OFF-200196,1/8/2024 15:46,accepted,1/8/2024 15:46,SESS-39154,1/8/2024 13:47,1/8/2024 17:47,1/8/2024 15:47,2025-09-01 21:53:00,2025-09-01 21:54:00,2025-09-01 21:59:00,2025-09-01 22:40:00,,4.89082,114.88352,4.90863,114.87058,3.5,18.49,2.84,37.24,FQ-6073,INV-930203,BND,VEH-750,Yes,Temburong,7,High Demand Zone,13,4/17/2023,Pass
2025-09-12,6:18:50,"""CNR3626259""",Completed,"""CID1114091""",Premium,Kiulap,Rimba,12.5,41.0,,,,5.6,4.3,3.9,Cash,25.63,Brunei-Muara,Brunei-Muara,,4.69,19.32,August,2024,Wednesday,,8.4,OFF-200094,8/14/2024 6:18,accepted,8/14/2024 6:18,SESS-16338,8/14/2024 2:18,8/14/2024 9:18,8/14/2024 6:18,2025-09-12 08:24:00,2025-09-12 08:26:00,2025-09-12 08:30:00,2025-09-12 08:45:00,,4.86875,114.89987,4.95623,114.97711,3.5,3.92,3.28,12.7,FQ-9945,INV-209040,BND,VEH-510,Yes,Belait,12,Normal,5,1/15/2023,Pass
2025-09-09,18:33:33,"""CNR1951748""",Completed,"""CID2938002""",Compact,Lambak,Muara,4.7,38.4,,,,3.68,4.9,4.7,Online Banking,10.42,Brunei-Muara,Tutong,,2.07,6.39,April,2024,Wednesday,,11.8,OFF-200132,4/10/2024 18:33,accepted,4/10/2024 18:33,SESS-16338,4/10/2024 13:33,4/10/2024 19:33,4/10/2024 18:33,2025-09-09 14:01:00,2025-09-09 14:05:00,2025-09-09 14:09:00,2025-09-09 14:32:00,,4.85975,114.97263,4.65284,114.64541,3.5,3.92,3.07,15.49,FQ-9621,INV-292992,BND,VEH-510,Yes,Tutong,12,Normal,11,4/28/2023,Pass
2025-09-24,2:08:12,"""CNR1973394""",Completed,"""CID7455240""",SUV,Muara,Gadong,9.0,21.6,,,,23.71,4.1,4.3,Cash,11.61,Brunei-Muara,Brunei-Muara,Faisal Hakimi,2.52,8.52,March,2024,Sunday,1.0,8.2,OFF-200101,3/17/2024 2:07,accepted,3/17/2024 2:07,SESS-85181,3/16/2024 22:08,3/17/2024 5:08,3/17/2024 2:08,2025-09-24 05:05:00,2025-09-24 05:09:00,2025-09-24 05:18:00,2025-09-24 05:58:00,,4.94723,114.93023,4.91006,114.95454,3.5,14.85,1.73,19.08,FQ-7594,INV-903069,BND,VEH-126,Yes,Belait,4,Normal,13,9/17/2023,Pass
2025-09-06,15:35:47,"""CNR1351335""",Cancelled,"""CID9426219""",Sedan,Lambak,Tutong Town,13.0,15.6,,,,14.6,4.1,4.4,Cash,8.34,Belait,Brunei-Muara,Aiman Hakim,1.14,6.77,December,2024,Saturday,0.0,5.7,OFF-200002,12/7/2024 15:34,accepted,12/7/2024 15:34,SESS-93521,12/7/2024 12:35,12/7/2024 18:35,12/7/2024 15:35,2025-09-06 04:28:00,2025-09-06 04:29:00,2025-09-06 04:34:00,2025-09-06 04:50:00,,4.55591,114.29617,4.86575,114.85667,3.5,4.31,1.25,18.59,FQ-6466,INV-289151,BND,VEH-146,Yes,Tutong,6,High Demand Zone,7,7/9/2023,Pass
2025-09-26,17:05:41,"""CNR9229091""",Cancelled,"""CID2105258""",Sedan,Muara,Lambak,12.2,20.5,,,,14.36,4.3,4.1,Cash,3.02,Brunei-Muara,Brunei-Muara,Ibrahim Daud,0.61,2.42,October,2024,Wednesday,1.0,9.1,OFF-200180,10/2/2024 17:04,accepted,10/2/2024 17:04,SESS-97398,10/2/2024 13:05,10/2/2024 18:05,10/2/2024 17:05,2025-09-26 08:18:00,2025-09-26 08:20:00,2025-09-26 08:29:00,2025-09-26 08:49:00,10/2/2024 17:13,4.96821,114.93056,4.87758,114.91649,3.5,3.92,1.64,10.32,FQ-9129,INV-854465,BND,VEH-819,Yes,Brunei-Muara,12,High Demand Zone,10,8/5/2023,Pass
2025-09-13,20:58:36,"""CNR2834318""",Cancelled by Driver,"""CID5225614""",Compact,Tutong Town,Tutong Beach,5.0,33.7,,,,2.06,3.7,4.8,Card,7.04,Tutong,Brunei-Muara,Azizul Hasni,1.75,4.35,September,2024,Tuesday,1.0,8.3,OFF-200022,9/24/2024 20:57,rejected,9/24/2024 20:57,SESS-32577,9/24/2024 18:58,9/24/2024 21:58,9/24/2024 20:58,2025-09-13 16:17:00,2025-09-13 16:22:00,2025-09-13 16:29:00,2025-09-13 17:07:00,9/24/2024 21:06,4.6951,114.61724,4.93418,114.88213,3.5,3.92,2.7,12.65,FQ-9106,INV-154394,BND,VEH-480,Yes,Temburong,13,High Demand Zone,14,9/1/2023,Pass
2025-09-29,8:02:31,"""CNR9210055""",Completed,"""CID2341391""",SUV,Mentiri,Lumut,9.5,34.1,1.0,,,22.76,3.7,4.6,Cash,27.8,Brunei-Muara,Brunei-Muara,Fadhil Junaidi,5.24,19.81,March,2024,Friday,0.0,7.6,OFF-200052,3/8/2024 8:02,rejected,3/8/2024 8:02,SESS-29233,3/8/2024 4:02,3/8/2024 9:02,3/8/2024 8:02,2025-09-29 13:15:00,2025-09-29 13:18:00,2025-09-29 13:24:00,2025-09-29 13:53:00,3/8/2024 8:04,4.89535,114.86483,4.86959,114.89999,3.5,3.92,2.73,10.15,FQ-6058,INV-126854,BND,VEH-642,Yes,Brunei-Muara,13,Normal,8,8/20/2023,Pass
2025-09-26,14:00:27,"""CNR3467080""",Cancelled,"""CID3327954""",Compact,Jangsak,Tutong Town,4.5,33.4,,,,6.94,3.7,3.9,Dart Wallet,14.89,Brunei-Muara,Tutong,Nabilah Hassan,3.63,9.42,April,2024,Friday,1.0,9.4,OFF-200164,4/5/2024 13:59,rejected,4/5/2024 13:59,SESS-68128,4/5/2024 9:00,4/5/2024 16:00,4/5/2024 14:00,2025-09-26 09:20:00,2025-09-26 09:21:00,2025-09-26 09:25:00,2025-09-26 09:45:00,,4.89059,114.94448,4.74366,114.75213,3.5,8.89,2.67,15.06,FQ-9454,INV-776049,BND,VEH-713,Yes,Belait,14,Normal,9,6/18/2023,Pass
2025-09-21,20:17:18,"""CNR6724544""",Completed,"""CID8999095""",Sedan,Rimba,Mata-Mata,3.4,43.5,,,,29.46,4.0,4.0,Online Banking,4.3,Brunei-Muara,Brunei-Muara,Khairul Anuar,0.47,3.49,January,2024,Friday,0.0,9.4,OFF-200082,1/5/2024 20:16,rejected,1/5/2024 20:16,SESS-78148,1/5/2024 16:17,1/5/2024 21:17,1/5/2024 20:17,2025-09-21 03:13:00,2025-09-21 03:16:00,2025-09-21 03:18:00,2025-09-21 03:46:00,1/5/2024 20:21,4.89792,114.88277,4.89921,114.883,3.5,3.92,3.48,13.4,FQ-7573,INV-473089,BND,VEH-476,Yes,Temburong,14,Normal,13,4/7/2023,Pass
2025-09-17,18:03:59,"""CNR6443443""",Completed,"""CID1686959""",SUV,Kiulap,Gadong,7.6,16.6,,,,24.16,3.6,3.9,Online Banking,15.91,Brunei-Muara,Brunei-Muara,Hamid Rashid,3.07,11.38,December,2024,Tuesday,1.0,4.3,OFF-200144,12/10/2024 18:03,rejected,12/10/2024 18:03,SESS-39154,12/10/2024 15:03,12/10/2024 21:03,12/10/2024 18:03,2025-09-17 04:51:00,2025-09-17 04:56:00,2025-09-17 05:00:00,2025-09-17 05:11:00,12/10/2024 18:08,4.88354,114.93049,4.97936,114.95369,3.5,3.92,1.33,17.12,FQ-6220,INV-852305,BND,VEH-750,Yes,Tutong,11,High Demand Zone,10,2/3/2023,Pass
2025-09-17,12:55:50,"""CNR4648667""",Cancelled,"""CID6849564""",Sedan,Bangar,Tutong Beach,10.4,19.4,,,,13.76,4.9,3.7,Card,24.14,Brunei-Muara,Belait,Faisal Hakimi,3.38,18.84,April,2024,Sunday,1.0,8.7,OFF-200084,4/7/2024 12:55,accepted,4/7/2024 12:55,SESS-85181,4/7/2024 9:55,4/7/2024 15:55,4/7/2024 12:55,2025-09-17 17:54:00,2025-09-17 17:58:00,2025-09-17 18:07:00,2025-09-17 18:40:00,,4.96473,114.95733,4.52883,114.13605,3.5,19.64,1.55,26.69,FQ-6709,INV-684700,BND,VEH-126,Yes,Brunei-Muara,13,Normal,12,7/16/2023,Pass
2025-09-03,4:52:04,"""CNR3628440""",Completed,"""CID7053690""",Sedan,Kiulap,Kuala Belait,15.0,16.5,,,,13.11,3.9,4.3,Card,21.22,Belait,Brunei-Muara,Hamid Rashid,2.6,17.11,October,2024,Wednesday,1.0,8.1,OFF-200077,10/16/2024 4:51,rejected,10/16/2024 4:51,SESS-39154,10/16/2024 0:52,10/16/2024 6:52,10/16/2024 4:52,2025-09-03 19:14:00,2025-09-03 19:16:00,2025-09-03 19:24:00,2025-09-03 19:46:00,,4.5157,114.38092,4.9559,114.94024,3.5,17.31,1.32,35.7,FQ-8869,INV-625491,BND,VEH-750,Yes,Brunei-Muara,12,High Demand Zone,7,3/29/2023,Pass
2025-09-30,17:14:30,"""CNR3575891""",Completed,"""CID5810167""",SUV,Lumut,Bandar Seri Begawan,3.0,30.9,,,,20.41,4.1,4.6,Dart Wallet,6.66,Brunei-Muara,Belait,Ridhwan Bakar,1.01,5.35,March,2024,Tuesday,0.0,10.6,OFF-200109,3/5/2024 17:13,rejected,3/5/2024 17:14,SESS-20959,3/5/2024 12:14,3/5/2024 18:14,3/5/2024 17:14,2025-09-30 05:55:00,2025-09-30 05:56:00,2025-09-30 06:00:00,2025-09-30 06:09:00,,4.97997,114.95174,4.54153,114.19567,3.5,11.2,2.47,14.67,FQ-5876,INV-381960,BND,VEH-504,Yes,Tutong,8,Normal,11,12/13/2023,Pass
2025-09-16,16:24:48,"""CNR5785058""",Completed,"""CID7525538""",Premium,Tutong Beach,Serusop,11.6,35.9,1.0,,,8.89,5.0,5.0,Card,16.88,Brunei-Muara,Brunei-Muara,Aiman Hakim,2.45,14.09,October,2024,Friday,0.0,5.5,OFF-200000,10/25/2024 16:24,accepted,10/25/2024 16:24,SESS-93521,10/25/2024 13:24,10/25/2024 18:24,10/25/2024 16:24,2025-09-16 08:23:00,2025-09-16 08:26:00,2025-09-16 08:36:00,2025-09-16 09:16:00,10/25/2024 16:30,4.87265,114.86109,4.91072,114.91494,3.5,3.92,2.87,12.86,FQ-5728,INV-132772,BND,VEH-146,Yes,Tutong,8,High Demand Zone,6,1/1/2024,Pass
2025-09-02,21:04:47,"""CNR5230005""",Completed,"""CID3694020""",Compact,Muara,Muara,11.3,38.2,,,,12.6,4.4,3.9,Card,16.2,Brunei-Muara,Belait,Aiman Hakim,2.35,12.01,September,2024,Tuesday,1.0,4.1,OFF-200050,9/24/2024 21:04,accepted,9/24/2024 21:04,SESS-93521,9/24/2024 16:04,9/25/2024 0:04,9/24/2024 21:04,2025-09-02 18:14:00,2025-09-02 18:16:00,2025-09-02 18:19:00,2025-09-02 18:40:00,9/24/2024 21:11,4.95622,114.9567,4.59644,114.25753,3.5,3.92,3.06,12.98,FQ-9164,INV-660763,BND,VEH-146,Yes,Belait,14,Normal,12,9/10/2023,Pass
2025-09-30,23:39:52,"""CNR1605575""",Completed,"""CID9516426""",Compact,Mata-Mata,Serusop,10.7,16.1,,,,4.43,4.9,4.2,Dart Wallet,33.0,Tutong,Brunei-Muara,Nabilah Hassan,7.65,21.74,July,2024,Wednesday,1.0,9.6,OFF-200172,7/31/2024 23:39,accepted,7/31/2024 23:39,SESS-68128,7/31/2024 19:39,8/1/2024 1:39,7/31/2024 23:39,2025-09-30 20:58:00,2025-09-30 21:02:00,2025-09-30 21:04:00,2025-09-30 21:29:00,,4.76714,114.6423,4.8533,114.97657,3.5,7.34,1.29,13.13,FQ-5562,INV-490763,BND,VEH-713,Yes,Temburong,9,Normal,10,8/21/2023,Pass
2025-09-19,21:05:39,"""CNR2033265""",Cancelled by Driver,"""CID6253371""",SUV,Lambak,Mentiri,12.9,12.7,,,,3.92,4.1,3.7,Online Banking,30.3,Tutong,Brunei-Muara,Syafiqah Yusof,6.38,18.8,December,2024,Friday,1.0,9.2,OFF-200003,12/6/2024 21:05,rejected,12/6/2024 21:05,SESS-20137,12/6/2024 18:05,12/6/2024 23:05,12/6/2024 21:05,2025-09-19 06:17:00,2025-09-19 06:20:00,2025-09-19 06:25:00,2025-09-19 06:57:00,,4.75247,114.65845,4.91681,114.91535,3.5,21.68,1.02,34.75,FQ-5423,INV-847066,BND,VEH-214,Yes,Belait,9,High Demand Zone,1,12/7/2023,Pass
2025-09-29,2:54:41,"""CNR4689937""",Completed,"""CID3896706""",SUV,Lambak,Kiulap,4.1,44.0,,,,3.54,5.0,3.6,Online Banking,24.31,Brunei-Muara,Belait,Abdul Rahman,3.56,15.59,August,2024,Wednesday,1.0,7.0,OFF-200189,8/28/2024 2:54,accepted,8/28/2024 2:54,SESS-85776,8/27/2024 21:54,8/28/2024 4:54,8/28/2024 2:54,2025-09-29 02:56:00,2025-09-29 02:57:00,2025-09-29 02:59:00,2025-09-29 03:13:00,8/28/2024 2:58,4.91149,114.92542,4.69683,114.35312,3.5,3.92,3.52,14.68,FQ-6394,INV-575507,BND,VEH-428,Yes,Temburong,10,High Demand Zone,13,4/3/2023,Pass
2025-09-03,19:46:57,"""CNR3170614""",Cancelled by Driver,"""CID2321988""",Premium,Lumut,Jerudong,12.4,14.2,,,,9.25,4.5,3.9,Online Banking,29.62,Brunei-Muara,Belait,Mustafa Kamal,5.66,18.25,June,2024,Saturday,1.0,9.3,OFF-200192,6/15/2024 19:46,accepted,6/15/2024 19:46,SESS-19846,6/15/2024 15:46,6/15/2024 20:46,6/15/2024 19:46,2025-09-03 01:32:00,2025-09-03 01:34:00,2025-09-03 01:39:00,2025-09-03 01:44:00,6/15/2024 19:54,4.9762,114.88656,4.64603,114.17047,3.5,3.92,1.14,10.7,FQ-6960,INV-653065,BND,VEH-726,Yes,Temburong,4,High Demand Zone,2,8/17/2023,Pass
2025-09-23,20:04:40,"""CNR3050672""",Cancelled,"""CID7072566""",SUV,Rimba,Mentiri,13.7,44.0,,,,9.89,4.9,4.1,Dart Wallet,33.45,Belait,Brunei-Muara,Mustafa Kamal,7.43,25.53,April,2024,Saturday,1.0,9.2,OFF-200112,4/6/2024 20:04,accepted,4/6/2024 20:04,SESS-19846,4/6/2024 15:04,4/6/2024 22:04,4/6/2024 20:04,2025-09-23 15:58:00,2025-09-23 16:01:00,2025-09-23 16:06:00,2025-09-23 16:42:00,4/6/2024 20:11,4.52321,114.23055,4.88918,114.91799,3.5,3.92,3.52,18.91,FQ-5816,INV-979031,BND,VEH-726,Yes,Brunei-Muara,9,High Demand Zone,3,5/20/2023,Pass
2025-09-26,9:11:33,"""CNR2416214""",Completed,"""CID1397558""",Sedan,Serusop,Serusop,11.7,23.1,,,,29.95,4.0,3.9,Cash,7.73,Brunei-Muara,Brunei-Muara,Siti Aminah,1.61,4.88,March,2024,Friday,0.0,5.8,OFF-200031,3/29/2024 9:10,accepted,3/29/2024 9:10,SESS-19622,3/29/2024 4:11,3/29/2024 10:11,3/29/2024 9:11,2025-09-26 09:35:00,2025-09-26 09:37:00,2025-09-26 09:42:00,2025-09-26 10:07:00,,4.92683,114.93766,4.88988,114.87956,3.5,8.46,1.85,20.72,FQ-6711,INV-209265,BND,VEH-614,Yes,Temburong,5,High Demand Zone,14,7/14/2023,Pass
2025-09-11,11:23:19,"""CNR4177415""",Completed,"""CID9669131""",SUV,Bangar,Kuala Belait,13.4,34.9,,,,6.55,3.9,4.8,Dart Wallet,8.01,Brunei-Muara,Brunei-Muara,Awangku Mohd,0.84,4.94,July,2024,Thursday,0.0,11.6,OFF-200033,7/11/2024 11:22,accepted,7/11/2024 11:22,SESS-35925,7/11/2024 9:23,7/11/2024 14:23,7/11/2024 11:23,2025-09-11 18:03:00,2025-09-11 18:07:00,2025-09-11 18:15:00,2025-09-11 18:50:00,,4.91262,114.9208,4.94035,114.91467,3.5,1.12,2.79,9.26,FQ-9127,INV-415560,BND,VEH-727,Yes,Brunei-Muara,11,High Demand Zone,14,1/20/2023,Pass
2025-09-06,16:51:11,"""CNR2860348""",Completed,"""CID5578022""",Premium,Mentiri,Mata-Mata,10.2,34.2,,,,13.06,4.8,3.7,Card,33.54,Brunei-Muara,Brunei-Muara,Aiman Hakim,8.33,24.21,October,2024,Monday,0.0,10.2,OFF-200091,10/7/2024 16:50,accepted,10/7/2024 16:50,SESS-93521,10/7/2024 12:51,10/7/2024 19:51,10/7/2024 16:51,2025-09-06 15:18:00,2025-09-06 15:22:00,2025-09-06 15:29:00,2025-09-06 15:59:00,10/7/2024 16:57,4.85757,114.92409,4.9292,114.97063,3.5,3.92,2.74,9.66,FQ-5293,INV-275833,BND,VEH-146,Yes,Belait,8,Normal,11,1/23/2023,Pass
2025-09-08,6:18:50,"""CNR3626259""",Completed,"""CID1114091""",Sedan,Mata-Mata,Kiulap,12.5,41.0,,,,4.03,3.7,3.8,Online Banking,13.79,Brunei-Muara,Brunei-Muara,,3.38,10.93,August,2024,Wednesday,,8.4,OFF-200094,8/14/2024 6:18,accepted,8/14/2024 6:18,SESS-16338,8/14/2024 2:18,8/14/2024 9:18,8/14/2024 6:18,2025-09-08 16:30:00,2025-09-08 16:32:00,2025-09-08 16:38:00,2025-09-08 17:14:00,,4.86875,114.89987,4.95623,114.97711,3.5,3.92,3.28,12.7,FQ-9945,INV-209040,BND,VEH-510,Yes,Belait,12,Normal,5,1/15/2023,Pass
2025-09-22,14:49:19,"""CNR1758100""",Cancelled,"""CID7007318""",Compact,Tutong Beach,Berakas,10.3,23.4,,,,22.92,4.4,4.1,Cash,20.24,Brunei-Muara,Brunei-Muara,Noraini Kassim,3.03,12.37,October,2024,Friday,0.0,6.9,OFF-200071,10/4/2024 14:48,accepted,10/4/2024 14:48,SESS-88755,10/4/2024 10:49,10/4/2024 16:49,10/4/2024 14:49,2025-09-22 21:43:00,2025-09-22 21:48:00,2025-09-22 21:54:00,2025-09-22 22:31:00,,4.85156,114.9388,4.97422,114.92309,3.5,3.7,1.87,13.6,FQ-6719,INV-204938,BND,VEH-967,Yes,Temburong,4,High Demand Zone,12,1/17/2024,Pass
2025-09-26,23:33:25,"""CNR6408706""",Completed,"""CID1966936""",Compact,Mentiri,Muara,13.9,28.7,,,,20.38,3.8,3.5,Online Banking,29.14,Belait,Tutong,Haji Ramli,4.64,21.71,January,2024,Sunday,1.0,4.3,OFF-200038,1/7/2024 23:32,accepted,1/7/2024 23:32,SESS-68895,1/7/2024 20:33,1/8/2024 0:33,1/7/2024 23:33,2025-09-26 02:16:00,2025-09-26 02:21:00,2025-09-26 02:30:00,2025-09-26 03:01:00,,4.52471,114.10833,4.71093,114.747,3.5,10.45,2.3,22.31,FQ-9577,INV-981907,BND,VEH-355,Yes,Belait,6,High Demand Zone,3,4/15/2023,Pass
2025-09-08,17:46:33,"""CNR2831131""",Cancelled by Driver,"""CID1170263""",Compact,Bandar Seri Begawan,Tutong Town,12.4,34.3,1.0,,,20.24,4.3,4.3,Cash,27.6,Tutong,Brunei-Muara,Aiman Hakim,5.16,19.99,May,2024,Sunday,0.0,10.5,OFF-200153,5/19/2024 17:46,accepted,5/19/2024 17:46,SESS-93521,5/19/2024 13:46,5/19/2024 18:46,5/19/2024 17:46,2025-09-08 14:09:00,2025-09-08 14:13:00,2025-09-08 14:15:00,2025-09-08 14:45:00,5/19/2024 17:51,4.66044,114.7135,4.89094,114.97557,3.5,3.92,2.74,15.2,FQ-9764,INV-621374,BND,VEH-146,Yes,Brunei-Muara,12,High Demand Zone,6,5/20/2023,Pass
2025-09-25,14:48:47,"""CNR8626386""",Cancelled,"""CID6488104""",SUV,Lambak,Bangar,13.2,29.6,,,,8.12,4.6,4.9,Cash,13.52,Belait,Brunei-Muara,Azizul Hasni,1.55,9.73,October,2024,Sunday,1.0,10.5,OFF-200161,10/27/2024 14:48,accepted,10/27/2024 14:48,SESS-32577,10/27/2024 9:48,10/27/2024 17:48,10/27/2024 14:48,2025-09-25 03:41:00,2025-09-25 03:46:00,2025-09-25 03:54:00,2025-09-25 04:14:00,,4.67317,114.37449,4.94355,114.888,3.5,3.42,2.37,9.29,FQ-9476,INV-887065,BND,VEH-480,Yes,Tutong,9,Normal,7,10/2/2023,Pass
2025-09-06,18:32:16,"""CNR3882280""",Completed,"""CID8466525""",Premium,Berakas,Lambak,11.7,43.3,,,,21.06,3.7,3.7,Cash,34.93,Belait,Tutong,Dayangku Siti,3.89,26.54,October,2024,Saturday,0.0,8.9,OFF-200181,10/19/2024 18:31,accepted,10/19/2024 18:31,SESS-38322,10/19/2024 15:32,10/19/2024 20:32,10/19/2024 18:32,2025-09-06 21:08:00,2025-09-06 21:10:00,2025-09-06 21:18:00,2025-09-06 21:39:00,,4.5178,114.1522,4.7887,114.79002,3.5,6.18,3.46,20.42,FQ-7549,INV-941974,BND,VEH-618,Yes,Temburong,9,High Demand Zone,14,9/12/2023,Pass
2025-09-30,12:20:32,"""CNR5687699""",Cancelled by Driver,"""CID6778217""",Sedan,Jangsak,Mentiri,9.0,33.6,,,,18.82,3.8,3.6,Dart Wallet,18.4,Belait,Tutong,,2.82,14.65,January,2024,Friday,,9.9,OFF-200117,1/26/2024 12:20,accepted,1/26/2024 12:20,SESS-16338,1/26/2024 9:20,1/26/2024 15:20,1/26/2024 12:20,2025-09-30 00:07:00,2025-09-30 00:09:00,2025-09-30 00:15:00,2025-09-30 00:24:00,,4.55386,114.17976,4.66007,114.60336,3.5,3.92,2.69,11.11,FQ-6513,INV-209562,BND,VEH-510,Yes,Brunei-Muara,5,Normal,5,1/5/2024,Pass
2025-09-26,15:35:47,"""CNR1351335""",Completed,"""CID9426219""",SUV,Bandar Seri Begawan,Lambak,13.0,15.6,,,,27.82,4.7,4.8,Online Banking,18.32,Belait,Brunei-Muara,Aiman Hakim,1.91,13.88,December,2024,Saturday,0.0,5.7,OFF-200002,12/7/2024 15:34,accepted,12/7/2024 15:34,SESS-93521,12/7/2024 12:35,12/7/2024 18:35,12/7/2024 15:35,2025-09-26 06:27:00,2025-09-26 06:32:00,2025-09-26 06:34:00,2025-09-26 06:55:00,,4.55591,114.29617,4.86575,114.85667,3.5,4.31,1.25,18.59,FQ-6466,INV-289151,BND,VEH-146,Yes,Brunei-Muara,6,High Demand Zone,7,7/9/2023,Pass
2025-09-14,11:06:44,"""CNR8442785""",Cancelled,"""CID7651154""",Sedan,Berakas,Lumut,3.2,43.6,,,,19.63,3.5,4.2,Card,15.39,Tutong,Brunei-Muara,Ahmad Zaki,1.64,10.0,September,2024,Wednesday,0.0,4.5,OFF-200122,9/4/2024 11:05,rejected,9/4/2024 11:06,SESS-75925,9/4/2024 8:06,9/4/2024 14:06,9/4/2024 11:06,2025-09-14 03:41:00,2025-09-14 03:43:00,2025-09-14 03:51:00,2025-09-14 04:28:00,,4.67843,114.76523,4.9107,114.96154,3.5,13.79,3.49,25.78,FQ-8406,INV-615153,BND,VEH-696,Yes,Belait,6,Normal,13,6/11/2023,Pass
2025-09-12,21:49:51,"""CNR6575694""",Completed,"""CID6746264""",Sedan,Mentiri,Jangsak,12.1,11.8,,1.0,Other Issue,14.73,3.7,4.6,Card,21.97,Belait,Brunei-Muara,Nabilah Hassan,4.01,16.22,September,2024,Monday,1.0,6.8,OFF-200049,9/23/2024 21:49,accepted,9/23/2024 21:49,SESS-68128,9/23/2024 16:49,9/23/2024 23:49,9/23/2024 21:49,2025-09-12 00:31:00,2025-09-12 00:35:00,2025-09-12 00:42:00,2025-09-12 01:10:00,,4.62977,114.19421,4.96491,114.97165,3.5,3.94,0.94,15.07,FQ-7291,INV-232133,BND,VEH-713,Yes,Brunei-Muara,5,High Demand Zone,7,2/17/2023,Pass
2025-09-26,5:42:27,"""CNR9492586""",Completed,"""CID7425592""",Premium,Bangar,Mata-Mata,8.7,44.4,,,,20.28,5.0,4.7,Cash,33.05,Brunei-Muara,Belait,Nabilah Hassan,6.75,28.08,July,2024,Tuesday,1.0,7.1,OFF-200011,7/16/2024 5:41,accepted,7/16/2024 5:41,SESS-68128,7/16/2024 2:42,7/16/2024 7:42,7/16/2024 5:42,2025-09-26 01:41:00,2025-09-26 01:43:00,2025-09-26 01:50:00,2025-09-26 02:35:00,,4.90991,114.86397,4.57885,114.17193,3.5,13.43,3.55,20.48,FQ-7000,INV-642952,BND,VEH-713,Yes,Tutong,11,Normal,9,10/11/2023,Pass
2025-09-09,19:46:57,"""CNR3170614""",Cancelled,"""CID2321988""",Premium,Bandar Seri Begawan,Lumut,12.4,14.2,,,,9.27,4.3,3.7,Online Banking,3.84,Brunei-Muara,Belait,Mustafa Kamal,0.44,2.48,June,2024,Saturday,1.0,9.3,OFF-200192,6/15/2024 19:46,accepted,6/15/2024 19:46,SESS-19846,6/15/2024 15:46,6/15/2024 20:46,6/15/2024 19:46,2025-09-09 10:46:00,2025-09-09 10:51:00,2025-09-09 10:54:00,2025-09-09 11:25:00,6/15/2024 19:54,4.9762,114.88656,4.64603,114.17047,3.5,3.92,1.14,10.7,FQ-6960,INV-653065,BND,VEH-726,Yes,Tutong,4,High Demand Zone,2,8/17/2023,Pass
2025-09-20,18:36:15,"""CNR1590185""",Cancelled by Driver,"""CID8780721""",SUV,Mentiri,Jerudong,4.4,39.1,,,,9.02,4.8,4.3,Card,10.41,Brunei-Muara,Belait,Ridhwan Bakar,1.9,8.44,January,2024,Wednesday,1.0,10.5,OFF-200053,1/17/2024 18:35,accepted,1/17/2024 18:35,SESS-20959,1/17/2024 16:36,1/17/2024 21:36,1/17/2024 18:36,2025-09-20 03:17:00,2025-09-20 03:20:00,2025-09-20 03:23:00,2025-09-20 03:35:00,,4.85942,114.88967,4.58792,114.20926,3.5,3.51,3.13,15.18,FQ-5150,INV-947070,BND,VEH-504,Yes,Tutong,4,High Demand Zone,9,3/23/2023,Pass
2025-09-26,18:33:33,"""CNR1951748""",Cancelled,"""CID2938002""",Sedan,Jerudong,Rimba,4.7,38.4,,,,8.8,4.4,4.9,Online Banking,24.05,Brunei-Muara,Tutong,,2.65,14.74,April,2024,Wednesday,,11.8,OFF-200132,4/10/2024 18:33,accepted,4/10/2024 18:33,SESS-16338,4/10/2024 13:33,4/10/2024 19:33,4/10/2024 18:33,2025-09-26 22:22:00,2025-09-26 22:25:00,2025-09-26 22:35:00,2025-09-26 23:16:00,,4.85975,114.97263,4.65284,114.64541,3.5,3.92,3.07,15.49,FQ-9621,INV-292992,BND,VEH-510,Yes,Tutong,12,Normal,11,4/28/2023,Pass
2025-09-04,18:36:55,"""CNR6363970""",Completed,"""CID3593238""",SUV,Tutong Town,Lambak,13.4,12.7,,,,27.63,4.2,4.7,Cash,8.92,Tutong,Brunei-Muara,Khairul Anuar,1.03,6.91,April,2024,Tuesday,1.0,10.8,OFF-200056,4/16/2024 18:36,accepted,4/16/2024 18:36,SESS-78148,4/16/2024 14:36,4/16/2024 19:36,4/16/2024 18:36,2025-09-04 14:51:00,2025-09-04 14:55:00,2025-09-04 15:02:00,2025-09-04 15:37:00,,4.77461,114.76049,4.94219,114.88607,3.5,12.96,1.02,18.48,FQ-6092,INV-678197,BND,VEH-476,Yes,Brunei-Muara,8,Normal,5,8/19/2023,Pass
2025-09-24,18:03:59,"""CNR6443443""",Cancelled,"""CID1686959""",Premium,Gadong,Tutong Beach,7.6,16.6,,,,7.12,4.0,4.3,Card,4.9,Brunei-Muara,Brunei-Muara,Hamid Rashid,0.63,3.76,December,2024,Tuesday,1.0,4.3,OFF-200144,12/10/2024 18:03,accepted,12/10/2024 18:03,SESS-39154,12/10/2024 15:03,12/10/2024 21:03,12/10/2024 18:03,2025-09-24 21:56:00,2025-09-24 21:58:00,2025-09-24 22:08:00,2025-09-24 22:23:00,12/10/2024 18:08,4.88354,114.93049,4.97936,114.95369,3.5,3.92,1.33,17.12,FQ-6220,INV-852305,BND,VEH-750,Yes,Temburong,11,High Demand Zone,10,2/3/2023,Pass
2025-09-13,21:00:23,"""CNR5065800""",Completed,"""CID8927033""",Premium,Jerudong,Mata-Mata,12.4,41.2,,,,6.54,4.5,3.8,Dart Wallet,15.98,Brunei-Muara,Brunei-Muara,Roslan Ahmad,1.91,10.6,December,2024,Monday,1.0,7.0,OFF-200111,12/23/2024 20:59,accepted,12/23/2024 20:59,SESS-14930,12/23/2024 16:00,12/23/2024 23:00,12/23/2024 21:00,2025-09-13 18:17:00,2025-09-13 18:20:00,2025-09-13 18:26:00,2025-09-13 19:08:00,12/23/2024 21:04,4.90875,114.85801,4.93801,114.93077,3.5,3.92,3.3,12.72,FQ-6863,INV-640532,BND,VEH-675,Yes,Belait,8,Normal,6,6/19/2023,Pass
2025-09-04,11:25:18,"""CNR8311141""",Completed,"""CID4377550""",Compact,Kiulap,Bandar Seri Begawan,3.9,21.9,,,,17.66,3.5,4.7,Card,33.7,Brunei-Muara,Brunei-Muara,Nabilah Hassan,7.0,25.71,July,2024,Saturday,0.0,8.5,OFF-200046,7/6/2024 11:24,accepted,7/6/2024 11:24,SESS-68128,7/6/2024 6:25,7/6/2024 13:25,7/6/2024 11:25,2025-09-04 21:11:00,2025-09-04 21:13:00,2025-09-04 21:15:00,2025-09-04 21:28:00,7/6/2024 11:29,4.85366,114.90238,4.87389,114.88302,3.5,3.92,1.75,10.46,FQ-8617,INV-775885,BND,VEH-713,Yes,Belait,14,High Demand Zone,9,7/30/2023,Pass
2025-09-04,11:19:06,"""CNR3609994""",Cancelled by Driver,"""CID2703039""",Compact,Sengkurong,Mentiri,11.0,40.1,,,,6.84,4.8,4.0,Dart Wallet,17.19,Brunei-Muara,Belait,,2.25,13.04,February,2024,Thursday,,8.5,OFF-200150,2/22/2024 11:18,accepted,2/22/2024 11:18,SESS-16338,2/22/2024 9:19,2/22/2024 12:19,2/22/2024 11:19,2025-09-04 10:07:00,2025-09-04 10:09:00,2025-09-04 10:13:00,2025-09-04 10:46:00,,4.9529,114.92257,4.60565,114.22755,3.5,3.92,3.21,15.94,FQ-6583,INV-561935,BND,VEH-510,Yes,Brunei-Muara,9,High Demand Zone,12,7/18/2023,Pass
2025-09-28,12:55:50,"""CNR4648667""",Cancelled,"""CID6849564""",Sedan,Kiulap,Tutong Town,10.4,19.4,,,,26.78,4.1,3.9,Dart Wallet,4.96,Brunei-Muara,Belait,Faisal Hakimi,0.84,3.05,April,2024,Sunday,1.0,8.7,OFF-200084,4/7/2024 12:55,accepted,4/7/2024 12:55,SESS-85181,4/7/2024 9:55,4/7/2024 15:55,4/7/2024 12:55,2025-09-28 21:03:00,2025-09-28 21:06:00,2025-09-28 21:15:00,2025-09-28 21:51:00,,4.96473,114.95733,4.52883,114.13605,3.5,19.64,1.55,26.69,FQ-6709,INV-684700,BND,VEH-126,Yes,Temburong,13,Normal,12,7/16/2023,Pass
2025-09-29,13:52:53,"""CNR6076037""",Completed,"""CID7062179""",Sedan,Gadong,Lumut,11.4,12.8,1.0,,,14.03,4.1,4.2,Dart Wallet,23.62,Belait,Tutong,Ibrahim Daud,3.34,18.24,January,2024,Monday,0.0,4.0,OFF-200141,1/15/2024 13:51,accepted,1/15/2024 13:52,SESS-97398,1/15/2024 9:52,1/15/2024 16:52,1/15/2024 13:52,2025-09-29 09:01:00,2025-09-29 09:03:00,2025-09-29 09:09:00,2025-09-29 09:32:00,1/15/2024 13:55,4.66258,114.38961,4.84392,114.7965,3.5,3.92,1.02,15.55,FQ-8235,INV-478504,BND,VEH-819,Yes,Temburong,8,High Demand Zone,2,2/22/2023,Pass
2025-09-06,14:53:44,"""CNR4380250""",Completed,"""CID3152566""",SUV,Lumut,Rimba,11.2,35.0,,,,16.14,4.7,4.5,Card,26.08,Brunei-Muara,Tutong,Faisal Hakimi,3.67,20.15,December,2024,Saturday,1.0,10.4,OFF-200065,12/14/2024 14:52,accepted,12/14/2024 14:52,SESS-85181,12/14/2024 10:53,12/14/2024 16:53,12/14/2024 14:53,2025-09-06 15:09:00,2025-09-06 15:10:00,2025-09-06 15:14:00,2025-09-06 15:47:00,12/14/2024 15:01,4.86127,114.96102,4.74484,114.69489,3.5,3.92,2.8,19.33,FQ-5396,INV-883055,BND,VEH-126,Yes,Belait,4,High Demand Zone,8,1/31/2024,Pass
2025-09-24,18:04:38,"""CNR7294023""",Cancelled by Driver,"""CID4171544""",SUV,Tutong Town,Muara,10.8,42.3,,1.0,Customer Demand,1.57,4.0,4.1,Dart Wallet,7.77,Tutong,Brunei-Muara,Ibrahim Daud,1.67,6.15,February,2024,Saturday,1.0,7.9,OFF-200074,2/24/2024 18:03,accepted,2/24/2024 18:03,SESS-97398,2/24/2024 14:04,2/24/2024 21:04,2/24/2024 18:04,2025-09-24 11:56:00,2025-09-24 11:58:00,2025-09-24 12:01:00,2025-09-24 12:10:00,,4.80558,114.7372,4.90277,114.88197,3.5,4.92,3.38,11.8,FQ-7097,INV-940986,BND,VEH-819,Yes,Tutong,8,Normal,3,10/12/2023,Pass
2025-09-16,14:11:18,"""CNR7599370""",Completed,"""CID2185983""",Compact,Tutong Town,Berakas,11.3,32.9,,,,6.69,4.2,4.0,Online Banking,18.1,Brunei-Muara,Brunei-Muara,Ibrahim Daud,1.93,11.97,May,2024,Friday,1.0,11.2,OFF-200178,5/17/2024 14:10,rejected,5/17/2024 14:10,SESS-97398,5/17/2024 10:11,5/17/2024 16:11,5/17/2024 14:11,2025-09-16 06:01:00,2025-09-16 06:05:00,2025-09-16 06:11:00,2025-09-16 06:22:00,5/17/2024 14:13,4.8752,114.94021,4.90569,114.86229,3.5,3.92,2.63,10.05,FQ-5244,INV-752074,BND,VEH-819,Yes,Tutong,10,Normal,6,2/12/2023,Pass
2025-09-08,18:40:17,"""CNR4802995""",Cancelled,"""CID9514652""",SUV,Bandar Seri Begawan,Jerudong,12.5,36.3,,,,12.96,5.0,4.5,Card,9.56,Belait,Tutong,Faisal Hakimi,1.06,8.12,May,2024,Thursday,0.0,4.8,OFF-200102,5/16/2024 18:39,accepted,5/16/2024 18:39,SESS-85181,5/16/2024 14:40,5/16/2024 20:40,5/16/2024 18:40,2025-09-08 17:12:00,2025-09-08 17:16:00,2025-09-08 17:21:00,2025-09-08 17:57:00,,4.54355,114.15799,4.71193,114.62513,3.5,19.53,2.9,26.93,FQ-7602,INV-485042,BND,VEH-126,Yes,Brunei-Muara,7,Normal,9,1/19/2024,Pass
2025-09-15,21:24:21,"""CNR4588860""",Cancelled by Driver,"""CID6823367""",Premium,Jerudong,Kiulap,13.4,17.2,,,,9.13,4.0,3.8,Cash,6.85,Belait,Brunei-Muara,Zulhelmi Ishak,1.15,5.12,November,2024,Monday,0.0,7.3,OFF-200165,11/4/2024 21:23,rejected,11/4/2024 21:23,SESS-38008,11/4/2024 18:24,11/5/2024 0:24,11/4/2024 21:24,2025-09-15 22:01:00,2025-09-15 22:03:00,2025-09-15 22:08:00,2025-09-15 22:27:00,,4.52914,114.21041,4.8514,114.97435,3.5,5.56,1.38,14.05,FQ-9700,INV-394972,BND,VEH-353,Yes,Tutong,12,High Demand Zone,6,9/9/2023,Pass
2025-09-08,20:22:11,"""CNR7665294""",Completed,"""CID5596375""",Premium,Kiulap,Lumut,3.1,22.3,,,,7.27,4.4,3.6,Card,29.15,Brunei-Muara,Belait,Fadhil Junaidi,4.36,20.49,November,2024,Friday,1.0,7.6,OFF-200191,11/29/2024 20:21,rejected,11/29/2024 20:21,SESS-29233,11/29/2024 15:22,11/29/2024 22:22,11/29/2024 20:22,2025-09-08 18:56:00,2025-09-08 19:01:00,2025-09-08 19:07:00,2025-09-08 19:17:00,11/29/2024 20:24,4.86634,114.86194,4.61182,114.16108,3.5,3.92,1.78,10.2,FQ-8230,INV-513393,BND,VEH-642,Yes,Belait,13,Normal,6,9/21/2023,Pass
2025-09-30,21:26:16,"""CNR9924856""",Completed,"""CID5443075""",SUV,Jangsak,Bangar,9.0,23.4,,,,6.58,3.8,3.6,Cash,24.35,Belait,Belait,Mohd Hafiz,3.29,19.62,January,2024,Monday,0.0,4.3,OFF-200037,1/15/2024 21:25,accepted,1/15/2024 21:25,SESS-37455,1/15/2024 17:26,1/15/2024 23:26,1/15/2024 21:26,2025-09-30 18:06:00,2025-09-30 18:09:00,2025-09-30 18:17:00,2025-09-30 18:22:00,,4.5176,114.18781,4.60447,114.17037,3.5,2.81,1.87,6.68,FQ-6944,INV-424842,BND,VEH-678,Yes,Tutong,13,Normal,4,11/27/2023,Pass
2025-09-27,21:49:51,"""CNR6575694""",Completed,"""CID6746264""",SUV,Jangsak,Muara,12.1,11.8,,1.0,Other Issue,22.94,4.5,4.1,Cash,14.73,Belait,Brunei-Muara,Nabilah Hassan,3.32,11.64,September,2024,Monday,1.0,6.8,OFF-200049,9/23/2024 21:49,accepted,9/23/2024 21:49,SESS-68128,9/23/2024 16:49,9/23/2024 23:49,9/23/2024 21:49,2025-09-27 06:02:00,2025-09-27 06:06:00,2025-09-27 06:12:00,2025-09-27 06:25:00,,4.62977,114.19421,4.96491,114.97165,3.5,3.94,0.94,15.07,FQ-7291,INV-232133,BND,VEH-713,Yes,Brunei-Muara,5,High Demand Zone,7,2/17/2023,Pass
2025-09-27,19:52:59,"""CNR7386689""",Completed,"""CID2377603""",SUV,Kiulap,Bangar,13.2,36.1,,,,7.14,4.7,3.8,Dart Wallet,27.46,Brunei-Muara,Brunei-Muara,Mustafa Kamal,3.19,17.53,September,2024,Saturday,0.0,6.1,OFF-200097,9/21/2024 19:52,accepted,9/21/2024 19:52,SESS-19846,9/21/2024 14:52,9/21/2024 21:52,9/21/2024 19:52,2025-09-27 05:26:00,2025-09-27 05:28:00,2025-09-27 05:30:00,2025-09-27 05:59:00,,4.90288,114.85225,4.93783,114.93135,3.5,7.77,2.89,18.7,FQ-7660,INV-127899,BND,VEH-726,Yes,Tutong,9,High Demand Zone,14,7/18/2023,Pass
2025-09-09,11:43:18,"""CNR5879277""",Cancelled,"""CID9602160""",SUV,Jangsak,Lambak,6.7,23.9,,,,24.05,4.6,3.8,Dart Wallet,22.55,Brunei-Muara,Brunei-Muara,,3.14,15.1,March,2024,Tuesday,,5.0,OFF-200081,3/26/2024 11:42,accepted,3/26/2024 11:43,SESS-16338,3/26/2024 7:43,3/26/2024 12:43,3/26/2024 11:43,2025-09-09 22:18:00,2025-09-09 22:23:00,2025-09-09 22:33:00,2025-09-09 23:13:00,,4.93083,114.94061,4.97949,114.93079,3.5,3.92,1.91,6.83,FQ-9037,INV-561446,BND,VEH-510,Yes,Tutong,12,Normal,14,2/13/2023,Pass
2025-09-25,17:26:43,"""CNR5058425""",Completed,"""CID8939404""",SUV,Bandar Seri Begawan,Jerudong,2.4,35.3,,,,12.44,3.6,4.7,Cash,20.92,Brunei-Muara,Belait,Ridhwan Bakar,4.33,15.95,July,2024,Saturday,0.0,4.9,OFF-200029,7/6/2024 17:26,accepted,7/6/2024 17:26,SESS-20959,7/6/2024 13:26,7/6/2024 18:26,7/6/2024 17:26,2025-09-25 00:02:00,2025-09-25 00:06:00,2025-09-25 00:12:00,2025-09-25 00:42:00,,4.96512,114.89779,4.62049,114.24781,3.5,3.67,2.82,17.48,FQ-8863,INV-156526,BND,VEH-504,Yes,Temburong,9,High Demand Zone,4,1/1/2023,Pass
2025-09-06,19:23:16,"""CNR8486373""",Cancelled by Driver,"""CID3236855""",Sedan,Tutong Beach,Bangar,7.1,11.0,,1.0,Vehicle Breakdown,16.59,3.8,3.7,Card,13.85,Brunei-Muara,Brunei-Muara,Azizul Hasni,2.07,9.21,February,2024,Thursday,1.0,9.8,OFF-200078,2/22/2024 19:22,accepted,2/22/2024 19:22,SESS-32577,2/22/2024 15:23,2/22/2024 20:23,2/22/2024 19:23,2025-09-06 17:50:00,2025-09-06 17:52:00,2025-09-06 17:56:00,2025-09-06 18:15:00,,4.93714,114.85419,4.85709,114.89594,3.5,4.09,0.88,14.71,FQ-9148,INV-469898,BND,VEH-480,Yes,Brunei-Muara,8,High Demand Zone,3,6/1/2023,Pass
2025-09-14,22:36:05,"""CNR7036055""",Cancelled,"""CID7359512""",Compact,Tutong Beach,Serusop,7.5,11.3,,,,10.33,3.5,4.8,Cash,26.61,Brunei-Muara,Belait,Ahmad Zaki,3.76,17.06,May,2024,Sunday,1.0,9.0,OFF-200090,5/26/2024 22:35,accepted,5/26/2024 22:35,SESS-75925,5/26/2024 19:36,5/27/2024 0:36,5/26/2024 22:36,2025-09-14 15:48:00,2025-09-14 15:50:00,2025-09-14 15:54:00,2025-09-14 16:12:00,,4.92167,114.95922,4.64596,114.39178,3.5,18.05,0.9,29.06,FQ-6735,INV-335699,BND,VEH-696,Yes,Brunei-Muara,14,High Demand Zone,1,3/7/2023,Pass
2025-09-25,14:11:18,"""CNR7599370""",Completed,"""CID2185983""",Sedan,Mentiri,Lambak,11.3,32.9,,,,3.85,4.7,4.1,Cash,33.5,Brunei-Muara,Brunei-Muara,Ibrahim Daud,6.06,26.66,May,2024,Friday,1.0,11.2,OFF-200178,5/17/2024 14:10,rejected,5/17/2024 14:10,SESS-97398,5/17/2024 10:11,5/17/2024 16:11,5/17/2024 14:11,2025-09-25 00:46:00,2025-09-25 00:47:00,2025-09-25 00:49:00,2025-09-25 00:55:00,5/17/2024 14:13,4.8752,114.94021,4.90569,114.86229,3.5,3.92,2.63,10.05,FQ-5244,INV-752074,BND,VEH-819,Yes,Brunei-Muara,10,Normal,6,2/12/2023,Pass
2025-09-24,16:10:39,"""CNR5577217""",Completed,"""CID8907160""",Premium,Jerudong,Tutong Beach,12.7,11.8,,,,24.57,4.2,4.2,Online Banking,5.72,Belait,Brunei-Muara,Nurul Izzah,1.07,4.29,January,2024,Sunday,1.0,9.7,OFF-200190,1/7/2024 16:10,accepted,1/7/2024 16:10,SESS-35224,1/7/2024 14:10,1/7/2024 19:10,1/7/2024 16:10,2025-09-24 18:51:00,2025-09-24 18:54:00,2025-09-24 19:01:00,2025-09-24 19:15:00,,4.57503,114.32022,4.93087,114.86864,3.5,21.26,0.94,32.12,FQ-6966,INV-183163,BND,VEH-204,Yes,Temburong,11,High Demand Zone,4,1/14/2023,Pass
2025-09-30,12:28:08,"""CNR8559128""",Cancelled by Driver,"""CID1831657""",Compact,Mentiri,Rimba,4.4,42.0,,,,2.28,4.1,4.8,Cash,17.95,Brunei-Muara,Tutong,Mustafa Kamal,3.58,10.99,October,2024,Monday,0.0,6.2,OFF-200051,10/14/2024 12:27,rejected,10/14/2024 12:27,SESS-19846,10/14/2024 8:28,10/14/2024 13:28,10/14/2024 12:28,2025-09-30 01:58:00,2025-09-30 02:03:00,2025-09-30 02:09:00,2025-09-30 02:25:00,,4.91015,114.9056,4.7977,114.71322,3.5,12.08,3.36,33.41,FQ-9715,INV-567503,BND,VEH-726,Yes,Brunei-Muara,7,High Demand Zone,12,3/3/2023,Pass
2025-09-21,21:24:21,"""CNR4588860""",Cancelled,"""CID6823367""",Sedan,Rimba,Rimba,13.4,17.2,,,,15.84,4.0,3.6,Card,28.53,Belait,Brunei-Muara,Zulhelmi Ishak,4.43,24.18,November,2024,Monday,0.0,7.3,OFF-200165,11/4/2024 21:23,accepted,11/4/2024 21:23,SESS-38008,11/4/2024 18:24,11/5/2024 0:24,11/4/2024 21:24,2025-09-21 09:52:00,2025-09-21 09:55:00,2025-09-21 10:05:00,2025-09-21 10:33:00,,4.52914,114.21041,4.8514,114.97435,3.5,5.56,1.38,14.05,FQ-9700,INV-394972,BND,VEH-353,Yes,Belait,12,High Demand Zone,6,9/9/2023,Pass
2025-09-06,19:23:16,"""CNR8486373""",Cancelled,"""CID3236855""",SUV,Kiulap,Mata-Mata,7.1,11.0,,1.0,Vehicle Breakdown,23.81,4.9,4.5,Card,22.78,Brunei-Muara,Brunei-Muara,Azizul Hasni,4.41,13.76,February,2024,Thursday,1.0,9.8,OFF-200078,2/22/2024 19:22,rejected,2/22/2024 19:22,SESS-32577,2/22/2024 15:23,2/22/2024 20:23,2/22/2024 19:23,2025-09-06 18:13:00,2025-09-06 18:14:00,2025-09-06 18:24:00,2025-09-06 18:31:00,,4.93714,114.85419,4.85709,114.89594,3.5,4.09,0.88,14.71,FQ-9148,INV-469898,BND,VEH-480,Yes,Temburong,8,High Demand Zone,3,6/1/2023,Pass
2025-09-30,17:26:43,"""CNR5058425""",Cancelled by Driver,"""CID8939404""",Compact,Kiulap,Jerudong,2.4,35.3,,,,27.54,4.9,4.6,Online Banking,31.49,Brunei-Muara,Belait,Ridhwan Bakar,4.38,24.71,July,2024,Saturday,0.0,4.9,OFF-200029,7/6/2024 17:26,accepted,7/6/2024 17:26,SESS-20959,7/6/2024 13:26,7/6/2024 18:26,7/6/2024 17:26,2025-09-30 16:07:00,2025-09-30 16:08:00,2025-09-30 16:11:00,2025-09-30 16:24:00,,4.96512,114.89779,4.62049,114.24781,3.5,3.67,2.82,17.48,FQ-8863,INV-156526,BND,VEH-504,Yes,Tutong,9,High Demand Zone,4,1/1/2023,Pass
2025-09-21,0:42:13,"""CNR9842517""",Completed,"""CID2039565""",Sedan,Rimba,Berakas,3.1,42.0,1.0,,,2.9,3.8,3.9,Dart Wallet,7.96,Belait,Tutong,Noraini Kassim,1.54,6.16,March,2024,Thursday,1.0,8.3,OFF-200105,3/28/2024 0:41,accepted,3/28/2024 0:41,SESS-88755,3/27/2024 20:42,3/28/2024 1:42,3/28/2024 0:42,2025-09-21 05:24:00,2025-09-21 05:26:00,2025-09-21 05:35:00,2025-09-21 06:10:00,3/28/2024 0:46,4.51263,114.12542,4.81386,114.63648,3.5,3.92,3.36,13.48,FQ-8012,INV-170247,BND,VEH-967,Yes,Belait,11,High Demand Zone,13,2/9/2023,Pass
2025-09-19,21:04:47,"""CNR5230005""",Completed,"""CID3694020""",Compact,Gadong,Muara,11.3,38.2,,,,9.98,4.7,4.8,Card,9.84,Brunei-Muara,Belait,Aiman Hakim,1.11,7.82,September,2024,Tuesday,1.0,4.1,OFF-200050,9/24/2024 21:04,rejected,9/24/2024 21:04,SESS-93521,9/24/2024 16:04,9/25/2024 0:04,9/24/2024 21:04,2025-09-19 20:31:00,2025-09-19 20:34:00,2025-09-19 20:42:00,2025-09-19 21:06:00,9/24/2024 21:11,4.95622,114.9567,4.59644,114.25753,3.5,3.92,3.06,12.98,FQ-9164,INV-660763,BND,VEH-146,Yes,Belait,14,Normal,12,9/10/2023,Pass
2025-09-10,7:43:45,"""CNR8952764""",Completed,"""CID4343834""",Compact,Kiulap,Lambak,14.2,33.0,,,,6.42,4.5,4.6,Card,20.39,Belait,Brunei-Muara,Hamid Rashid,4.69,13.21,March,2024,Thursday,1.0,5.0,OFF-200080,3/14/2024 7:43,accepted,3/14/2024 7:43,SESS-39154,3/14/2024 3:43,3/14/2024 10:43,3/14/2024 7:43,2025-09-10 20:14:00,2025-09-10 20:17:00,2025-09-10 20:24:00,2025-09-10 20:39:00,3/14/2024 7:50,4.68688,114.38432,4.85825,114.97259,3.5,3.92,2.64,17.09,FQ-8954,INV-357026,BND,VEH-750,Yes,Tutong,4,High Demand Zone,5,3/26/2023,Pass
2025-09-16,18:33:33,"""CNR1951748""",Cancelled by Driver,"""CID2938002""",Premium,Muara,Jerudong,4.7,38.4,,,,8.99,4.5,4.4,Card,29.57,Brunei-Muara,Tutong,,3.55,23.11,April,2024,Wednesday,,11.8,OFF-200132,4/10/2024 18:33,accepted,4/10/2024 18:33,SESS-16338,4/10/2024 13:33,4/10/2024 19:33,4/10/2024 18:33,2025-09-16 12:10:00,2025-09-16 12:13:00,2025-09-16 12:19:00,2025-09-16 12:50:00,,4.85975,114.97263,4.65284,114.64541,3.5,3.92,3.07,15.49,FQ-9621,INV-292992,BND,VEH-510,Yes,Brunei-Muara,12,Normal,11,4/28/2023,Pass
2025-09-22,18:45:44,"""CNR8732810""",Completed,"""CID7655227""",SUV,Muara,Berakas,2.9,15.8,,,,8.47,3.8,4.1,Card,29.51,Belait,Belait,Awangku Mohd,6.09,20.03,December,2024,Saturday,1.0,7.6,OFF-200028,12/14/2024 18:45,accepted,12/14/2024 18:45,SESS-35925,12/14/2024 13:45,12/14/2024 21:45,12/14/2024 18:45,2025-09-22 22:14:00,2025-09-22 22:15:00,2025-09-22 22:21:00,2025-09-22 22:28:00,,4.68325,114.27029,4.57895,114.31538,3.5,20.26,1.26,37.53,FQ-7757,INV-663724,BND,VEH-727,Yes,Tutong,11,High Demand Zone,5,5/3/2023,Pass
2025-09-05,7:00:48,"""CNR4534216""",Completed,"""CID4657162""",Sedan,Jerudong,Bangar,8.8,26.9,,1.0,Customer Demand,6.74,3.8,4.0,Card,23.19,Brunei-Muara,Brunei-Muara,Farhana Yusof,3.73,15.17,September,2024,Monday,1.0,5.2,OFF-200131,9/30/2024 7:00,accepted,9/30/2024 7:00,SESS-31967,9/30/2024 5:00,9/30/2024 8:00,9/30/2024 7:00,2025-09-05 02:51:00,2025-09-05 02:56:00,2025-09-05 03:05:00,2025-09-05 03:16:00,,4.95842,114.96845,4.97889,114.8587,3.5,1.35,2.15,8.75,FQ-5227,INV-291739,BND,VEH-674,Yes,Temburong,8,High Demand Zone,12,2/4/2023,Pass
2025-09-29,14:54:46,"""CNR4762531""",Cancelled by Driver,"""CID9791511""",Sedan,Mentiri,Rimba,5.5,38.2,,,,21.89,3.8,4.9,Dart Wallet,27.93,Brunei-Muara,Brunei-Muara,Ibrahim Daud,2.83,20.42,May,2024,Sunday,1.0,6.4,OFF-200137,5/12/2024 14:54,rejected,5/12/2024 14:54,SESS-97398,5/12/2024 11:54,5/12/2024 15:54,5/12/2024 14:54,2025-09-29 13:50:00,2025-09-29 13:51:00,2025-09-29 13:54:00,2025-09-29 14:01:00,,4.88485,114.97826,4.85334,114.94048,3.5,9.57,3.06,22.16,FQ-7858,INV-169076,BND,VEH-819,Yes,Temburong,13,High Demand Zone,3,2/24/2023,Pass
2025-09-01,23:05:33,"""CNR2833289""",Cancelled,"""CID3076034""",Sedan,Bangar,Serusop,8.7,20.6,1.0,,,21.38,3.7,5.0,Card,18.11,Brunei-Muara,Tutong,Farhana Yusof,2.58,12.06,January,2024,Thursday,0.0,5.3,OFF-200183,1/4/2024 23:04,accepted,1/4/2024 23:04,SESS-31967,1/4/2024 19:05,1/5/2024 0:05,1/4/2024 23:05,2025-09-01 00:26:00,2025-09-01 00:30:00,2025-09-01 00:37:00,2025-09-01 00:48:00,1/4/2024 23:08,4.90347,114.93113,4.65918,114.70569,3.5,3.92,1.65,18.6,FQ-9241,INV-115386,BND,VEH-674,Yes,Brunei-Muara,4,High Demand Zone,14,2/1/2024,Pass
2025-09-24,18:03:59,"""CNR6443443""",Completed,"""CID1686959""",Sedan,Sengkurong,Serusop,7.6,16.6,,,,26.25,3.9,3.7,Cash,28.87,Brunei-Muara,Brunei-Muara,Hamid Rashid,5.38,21.94,December,2024,Tuesday,1.0,4.3,OFF-200144,12/10/2024 18:03,accepted,12/10/2024 18:03,SESS-39154,12/10/2024 15:03,12/10/2024 21:03,12/10/2024 18:03,2025-09-24 13:49:00,2025-09-24 13:53:00,2025-09-24 13:58:00,2025-09-24 14:03:00,12/10/2024 18:08,4.88354,114.93049,4.97936,114.95369,3.5,3.92,1.33,17.12,FQ-6220,INV-852305,BND,VEH-750,Yes,Tutong,11,High Demand Zone,10,2/3/2023,Pass
2025-09-08,20:07:52,"""CNR3734577""",Completed,"""CID4874936""",SUV,Mata-Mata,Berakas,5.5,30.4,,,,14.09,4.9,3.6,Card,5.35,Tutong,Brunei-Muara,Sufian bin Haji Ali,0.87,3.66,October,2024,Tuesday,0.0,10.1,OFF-200073,10/1/2024 20:07,accepted,10/1/2024 20:07,SESS-22883,10/1/2024 15:07,10/1/2024 22:07,10/1/2024 20:07,2025-09-08 12:25:00,2025-09-08 12:26:00,2025-09-08 12:33:00,2025-09-08 13:08:00,,4.65284,114.72336,4.888,114.87296,3.5,5.38,2.43,10.81,FQ-9229,INV-676519,BND,VEH-473,Yes,Belait,5,Normal,10,4/23/2023,Pass
2025-09-23,14:44:07,"""CNR3009174""",Completed,"""CID4686557""",Sedan,Kiulap,Sengkurong,10.2,11.3,,,,13.43,3.6,4.3,Online Banking,32.94,Brunei-Muara,Belait,Syafiqah Yusof,6.97,27.72,January,2024,Saturday,0.0,9.9,OFF-200016,1/13/2024 14:43,rejected,1/13/2024 14:43,SESS-20137,1/13/2024 11:44,1/13/2024 17:44,1/13/2024 14:44,2025-09-23 23:45:00,2025-09-23 23:50:00,2025-09-23 23:54:00,2025-09-24 00:17:00,1/13/2024 14:48,4.9107,114.89467,4.57992,114.32022,3.5,3.92,0.9,10.4,FQ-5713,INV-816454,BND,VEH-214,Yes,Temburong,4,High Demand Zone,7,11/2/2023,Pass
2025-09-24,14:59:17,"""CNR6784305""",Cancelled,"""CID9250370""",Premium,Tutong Beach,Berakas,11.5,36.6,,,,23.12,4.9,3.6,Dart Wallet,29.18,Brunei-Muara,Brunei-Muara,Sufian bin Haji Ali,5.92,20.33,July,2024,Saturday,0.0,11.8,OFF-200083,7/6/2024 14:58,accepted,7/6/2024 14:58,SESS-22883,7/6/2024 9:59,7/6/2024 16:59,7/6/2024 14:59,2025-09-24 04:23:00,2025-09-24 04:25:00,2025-09-24 04:27:00,2025-09-24 04:33:00,,4.894,114.93164,4.95329,114.94433,3.5,7.14,2.93,20.36,FQ-9351,INV-505010,BND,VEH-473,Yes,Brunei-Muara,13,High Demand Zone,1,1/12/2024,Pass
2025-09-07,11:54:21,"""CNR2312430""",Cancelled by Driver,"""CID9761509""",SUV,Kiulap,Mata-Mata,10.0,39.5,,,,25.58,4.4,4.9,Dart Wallet,18.53,Brunei-Muara,Tutong,Shahrul Nizam,3.41,13.08,August,2024,Monday,0.0,8.1,OFF-200068,8/26/2024 11:53,accepted,8/26/2024 11:53,SESS-93507,8/26/2024 9:54,8/26/2024 12:54,8/26/2024 11:54,2025-09-07 03:02:00,2025-09-07 03:05:00,2025-09-07 03:11:00,2025-09-07 03:29:00,,4.93963,114.89716,4.80297,114.68201,3.5,7.54,3.16,16.2,FQ-6291,INV-968820,BND,VEH-252,Yes,Tutong,11,Normal,8,11/13/2023,Pass
2025-09-17,11:23:19,"""CNR4177415""",Completed,"""CID9669131""",Compact,Bangar,Gadong,13.4,34.9,,,,26.02,4.1,4.3,Card,10.6,Brunei-Muara,Brunei-Muara,Awangku Mohd,2.23,8.78,July,2024,Thursday,0.0,11.6,OFF-200033,7/11/2024 11:22,accepted,7/11/2024 11:22,SESS-35925,7/11/2024 9:23,7/11/2024 14:23,7/11/2024 11:23,2025-09-17 08:13:00,2025-09-17 08:15:00,2025-09-17 08:18:00,2025-09-17 08:25:00,,4.91262,114.9208,4.94035,114.91467,3.5,1.12,2.79,9.26,FQ-9127,INV-415560,BND,VEH-727,Yes,Tutong,11,High Demand Zone,14,1/20/2023,Pass
2025-09-07,14:52:48,"""CNR8894376""",Cancelled by Driver,"""CID3051177""",Sedan,Sengkurong,Jangsak,12.8,14.5,,,,17.84,4.9,4.4,Cash,34.78,Brunei-Muara,Brunei-Muara,Haji Ramli,4.99,21.43,May,2024,Thursday,1.0,10.6,OFF-200005,5/30/2024 14:51,accepted,5/30/2024 14:52,SESS-68895,5/30/2024 9:52,5/30/2024 15:52,5/30/2024 14:52,2025-09-07 07:37:00,2025-09-07 07:38:00,2025-09-07 07:41:00,2025-09-07 08:09:00,,4.9457,114.87944,4.90929,114.97515,3.5,10.93,1.16,15.59,FQ-5230,INV-964154,BND,VEH-355,Yes,Brunei-Muara,4,Normal,5,10/1/2023,Pass
2025-09-23,8:02:31,"""CNR9210055""",Cancelled by Driver,"""CID2341391""",Compact,Rimba,Kuala Belait,9.5,34.1,1.0,,,23.72,3.7,4.4,Cash,7.65,Brunei-Muara,Brunei-Muara,Fadhil Junaidi,1.5,5.7,March,2024,Friday,0.0,7.6,OFF-200052,3/8/2024 8:02,accepted,3/8/2024 8:02,SESS-29233,3/8/2024 4:02,3/8/2024 9:02,3/8/2024 8:02,2025-09-23 14:08:00,2025-09-23 14:12:00,2025-09-23 14:16:00,2025-09-23 14:58:00,3/8/2024 8:04,4.89535,114.86483,4.86959,114.89999,3.5,3.92,2.73,10.15,FQ-6058,INV-126854,BND,VEH-642,Yes,Temburong,13,Normal,8,8/20/2023,Pass
2025-09-19,20:55:21,"""CNR7116878""",Completed,"""CID8235642""",Sedan,Lambak,Berakas,8.3,34.3,,,,23.51,3.6,4.9,Card,27.98,Brunei-Muara,Brunei-Muara,Aiman Hakim,5.16,19.79,January,2024,Sunday,0.0,11.5,OFF-200193,1/14/2024 20:54,accepted,1/14/2024 20:54,SESS-93521,1/14/2024 15:55,1/14/2024 21:55,1/14/2024 20:55,2025-09-19 03:05:00,2025-09-19 03:08:00,2025-09-19 03:18:00,2025-09-19 03:24:00,,4.8613,114.97933,4.9221,114.87937,3.5,7.26,2.74,13.5,FQ-5308,INV-972168,BND,VEH-146,Yes,Belait,7,Normal,5,4/2/2023,Pass
2025-09-20,19:14:34,"""CNR2674741""",Cancelled,"""CID7007482""",Compact,Jerudong,Jangsak,6.8,31.6,,,,9.98,3.8,4.3,Cash,26.98,Tutong,Brunei-Muara,,5.63,22.55,August,2024,Monday,,5.1,OFF-200125,8/5/2024 19:13,accepted,8/5/2024 19:13,SESS-16338,8/5/2024 15:14,8/5/2024 22:14,8/5/2024 19:14,2025-09-20 21:50:00,2025-09-20 21:52:00,2025-09-20 22:01:00,2025-09-20 22:41:00,,4.71669,114.70873,4.88169,114.90428,3.5,3.92,2.53,17.42,FQ-5760,INV-534541,BND,VEH-510,Yes,Temburong,9,High Demand Zone,4,8/20/2023,Pass
2025-09-22,8:30:02,"""CNR5318170""",Completed,"""CID4771912""",Premium,Bangar,Gadong,6.6,28.7,,,,4.42,4.0,4.4,Cash,31.39,Brunei-Muara,Brunei-Muara,Faisal Hakimi,6.41,19.95,April,2024,Tuesday,0.0,10.1,OFF-200042,4/23/2024 8:29,rejected,4/23/2024 8:29,SESS-85181,4/23/2024 4:30,4/23/2024 10:30,4/23/2024 8:30,2025-09-22 21:28:00,2025-09-22 21:33:00,2025-09-22 21:38:00,2025-09-22 22:06:00,,4.89597,114.89751,4.92782,114.92492,3.5,9.73,2.3,15.53,FQ-9536,INV-686288,BND,VEH-126,Yes,Belait,13,Normal,3,10/3/2023,Pass
2025-09-18,7:50:30,"""CNR6197135""",Cancelled by Driver,"""CID5014483""",Sedan,Mata-Mata,Tutong Town,3.8,22.2,,,,19.28,4.7,4.3,Dart Wallet,14.03,Brunei-Muara,Brunei-Muara,Syafiqah Yusof,1.86,11.66,November,2024,Tuesday,0.0,9.7,OFF-200114,11/12/2024 7:49,rejected,11/12/2024 7:49,SESS-20137,11/12/2024 3:50,11/12/2024 9:50,11/12/2024 7:50,2025-09-18 04:13:00,2025-09-18 04:18:00,2025-09-18 04:25:00,2025-09-18 05:07:00,,4.88027,114.87663,4.88441,114.97508,3.5,21.26,1.78,26.54,FQ-6469,INV-297736,BND,VEH-214,Yes,Belait,6,Normal,11,10/11/2023,Pass
2025-09-04,16:23:55,"""CNR2775531""",Completed,"""CID3611959""",Premium,Mentiri,Jerudong,3.4,34.7,,,,7.98,4.4,4.3,Card,20.33,Brunei-Muara,Brunei-Muara,Siti Aminah,2.98,16.25,September,2024,Tuesday,0.0,5.7,OFF-200110,9/24/2024 16:23,rejected,9/24/2024 16:23,SESS-19622,9/24/2024 12:23,9/24/2024 17:23,9/24/2024 16:23,2025-09-04 21:43:00,2025-09-04 21:48:00,2025-09-04 21:53:00,2025-09-04 22:07:00,,4.97314,114.93464,4.96064,114.90285,3.5,16.15,2.78,20.93,FQ-9653,INV-443473,BND,VEH-614,Yes,Tutong,8,Normal,10,4/26/2023,Pass
2025-09-02,11:19:06,"""CNR3609994""",Cancelled,"""CID2703039""",Compact,Gadong,Tutong Beach,11.0,40.1,,,,4.39,3.6,3.8,Dart Wallet,34.95,Brunei-Muara,Belait,,5.52,29.53,February,2024,Thursday,,8.5,OFF-200150,2/22/2024 11:18,accepted,2/22/2024 11:18,SESS-16338,2/22/2024 9:19,2/22/2024 12:19,2/22/2024 11:19,2025-09-02 00:42:00,2025-09-02 00:44:00,2025-09-02 00:53:00,2025-09-02 01:08:00,,4.9529,114.92257,4.60565,114.22755,3.5,3.92,3.21,15.94,FQ-6583,INV-561935,BND,VEH-510,Yes,Brunei-Muara,9,High Demand Zone,12,7/18/2023,Pass
2025-09-07,8:57:26,"""CNR5472109""",Completed,"""CID5048206""",Premium,Tutong Beach,Kiulap,12.9,30.6,,,,10.32,4.3,4.8,Cash,30.45,Brunei-Muara,Brunei-Muara,Fadhil Junaidi,6.58,21.72,August,2024,Monday,1.0,6.7,OFF-200182,8/12/2024 8:57,accepted,8/12/2024 8:57,SESS-29233,8/12/2024 6:57,8/12/2024 9:57,8/12/2024 8:57,2025-09-07 19:18:00,2025-09-07 19:19:00,2025-09-07 19:21:00,2025-09-07 19:27:00,,4.91086,114.85067,4.89067,114.95317,3.5,7.64,2.45,16.09,FQ-6003,INV-661710,BND,VEH-642,Yes,Temburong,13,Normal,12,11/17/2023,Pass
2025-09-28,8:34:38,"""CNR8888208""",Cancelled,"""CID5821443""",Premium,Muara,Tutong Town,8.1,17.6,,,,9.16,3.7,4.2,Cash,17.17,Brunei-Muara,Belait,Sufian bin Haji Ali,3.56,11.0,April,2024,Sunday,1.0,10.6,OFF-200079,4/14/2024 8:33,rejected,4/14/2024 8:33,SESS-22883,4/14/2024 3:34,4/14/2024 11:34,4/14/2024 8:34,2025-09-28 18:23:00,2025-09-28 18:24:00,2025-09-28 18:28:00,2025-09-28 18:59:00,,4.97339,114.89282,4.67025,114.25902,3.5,16.24,1.41,30.44,FQ-8646,INV-869474,BND,VEH-473,Yes,Tutong,12,High Demand Zone,12,1/28/2024,Pass
2025-09-13,6:18:50,"""CNR3626259""",Cancelled,"""CID1114091""",Compact,Bangar,Bandar Seri Begawan,12.5,41.0,,,,17.4,3.5,4.7,Dart Wallet,34.42,Brunei-Muara,Brunei-Muara,,3.79,28.68,August,2024,Wednesday,,8.4,OFF-200094,8/14/2024 6:18,accepted,8/14/2024 6:18,SESS-16338,8/14/2024 2:18,8/14/2024 9:18,8/14/2024 6:18,2025-09-13 13:35:00,2025-09-13 13:38:00,2025-09-13 13:42:00,2025-09-13 13:55:00,,4.86875,114.89987,4.95623,114.97711,3.5,3.92,3.28,12.7,FQ-9945,INV-209040,BND,VEH-510,Yes,Brunei-Muara,12,Normal,5,1/15/2023,Pass
2025-09-30,12:20:32,"""CNR5687699""",Completed,"""CID6778217""",Compact,Berakas,Berakas,9.0,33.6,,,,10.11,4.9,4.0,Card,33.53,Belait,Tutong,,4.21,26.11,January,2024,Friday,,9.9,OFF-200117,1/26/2024 12:20,accepted,1/26/2024 12:20,SESS-16338,1/26/2024 9:20,1/26/2024 15:20,1/26/2024 12:20,2025-09-30 16:36:00,2025-09-30 16:37:00,2025-09-30 16:43:00,2025-09-30 17:22:00,,4.55386,114.17976,4.66007,114.60336,3.5,3.92,2.69,11.11,FQ-6513,INV-209562,BND,VEH-510,Yes,Belait,5,Normal,5,1/5/2024,Pass
2025-09-04,13:57:22,"""CNR8878134""",Completed,"""CID7848826""",Sedan,Lambak,Jerudong,14.1,10.4,,,,22.76,3.7,4.5,Card,6.6,Belait,Brunei-Muara,Sufian bin Haji Ali,1.17,4.35,May,2024,Saturday,1.0,4.9,OFF-200143,5/18/2024 13:56,rejected,5/18/2024 13:56,SESS-22883,5/18/2024 9:57,5/18/2024 16:57,5/18/2024 13:57,2025-09-04 14:24:00,2025-09-04 14:25:00,2025-09-04 14:34:00,2025-09-04 14:44:00,5/18/2024 14:03,4.58179,114.11543,4.8958,114.95953,3.5,3.92,0.83,10.25,FQ-9245,INV-966726,BND,VEH-473,Yes,Belait,12,Normal,2,5/17/2023,Pass
2025-09-16,15:21:24,"""CNR1726678""",Completed,"""CID2637835""",Sedan,Berakas,Jangsak,7.1,13.1,,,,22.05,4.8,3.6,Online Banking,21.96,Tutong,Brunei-Muara,Ahmad Zaki,4.1,14.1,May,2024,Sunday,0.0,5.6,OFF-200007,5/19/2024 15:20,accepted,5/19/2024 15:20,SESS-75925,5/19/2024 10:21,5/19/2024 16:21,5/19/2024 15:21,2025-09-16 17:27:00,2025-09-16 17:28:00,2025-09-16 17:36:00,2025-09-16 18:03:00,,4.66308,114.65802,4.9547,114.94315,3.5,8.73,1.05,15.28,FQ-9838,INV-276437,BND,VEH-696,Yes,Belait,4,Normal,13,2/20/2023,Pass
2025-09-10,7:00:48,"""CNR4534216""",Completed,"""CID4657162""",Compact,Kiulap,Muara,8.8,26.9,,1.0,Customer Demand,16.49,4.2,4.6,Card,15.75,Brunei-Muara,Brunei-Muara,Farhana Yusof,3.71,13.1,September,2024,Monday,1.0,5.2,OFF-200131,9/30/2024 7:00,accepted,9/30/2024 7:00,SESS-31967,9/30/2024 5:00,9/30/2024 8:00,9/30/2024 7:00,2025-09-10 15:51:00,2025-09-10 15:54:00,2025-09-10 16:02:00,2025-09-10 16:13:00,,4.95842,114.96845,4.97889,114.8587,3.5,1.35,2.15,8.75,FQ-5227,INV-291739,BND,VEH-674,Yes,Tutong,8,High Demand Zone,12,2/4/2023,Pass
2025-09-17,16:02:47,"""CNR7028693""",Completed,"""CID5551104""",SUV,Bandar Seri Begawan,Lumut,12.2,22.2,,,,29.24,4.2,4.6,Cash,19.62,Brunei-Muara,Brunei-Muara,Ridhwan Bakar,3.57,12.61,September,2024,Monday,1.0,7.0,OFF-200103,9/9/2024 16:01,accepted,9/9/2024 16:01,SESS-20959,9/9/2024 13:02,9/9/2024 17:02,9/9/2024 16:02,2025-09-17 05:54:00,2025-09-17 05:55:00,2025-09-17 05:58:00,2025-09-17 06:14:00,,4.8998,114.92244,4.96698,114.9224,3.5,5.6,1.78,13.82,FQ-7728,INV-412885,BND,VEH-504,Yes,Belait,8,High Demand Zone,10,7/23/2023,Pass
2025-09-24,7:00:48,"""CNR4534216""",Cancelled by Driver,"""CID4657162""",Sedan,Bangar,Muara,8.8,26.9,,1.0,Customer Demand,10.82,4.2,4.6,Card,16.07,Brunei-Muara,Brunei-Muara,Farhana Yusof,2.69,11.94,September,2024,Monday,1.0,5.2,OFF-200131,9/30/2024 7:00,accepted,9/30/2024 7:00,SESS-31967,9/30/2024 5:00,9/30/2024 8:00,9/30/2024 7:00,2025-09-24 21:29:00,2025-09-24 21:33:00,2025-09-24 21:38:00,2025-09-24 22:11:00,,4.95842,114.96845,4.97889,114.8587,3.5,1.35,2.15,8.75,FQ-5227,INV-291739,BND,VEH-674,Yes,Belait,8,High Demand Zone,12,2/4/2023,Pass
2025-09-23,23:05:33,"""CNR2833289""",Cancelled,"""CID3076034""",Sedan,Jangsak,Lumut,8.7,20.6,1.0,,,16.03,4.6,3.5,Dart Wallet,31.81,Brunei-Muara,Tutong,Farhana Yusof,7.28,25.51,January,2024,Thursday,0.0,5.3,OFF-200183,1/4/2024 23:04,accepted,1/4/2024 23:04,SESS-31967,1/4/2024 19:05,1/5/2024 0:05,1/4/2024 23:05,2025-09-23 18:22:00,2025-09-23 18:26:00,2025-09-23 18:34:00,2025-09-23 19:19:00,1/4/2024 23:08,4.90347,114.93113,4.65918,114.70569,3.5,3.92,1.65,18.6,FQ-9241,INV-115386,BND,VEH-674,Yes,Brunei-Muara,4,High Demand Zone,14,2/1/2024,Pass
2025-09-13,17:49:20,"""CNR4918246""",Cancelled,"""CID2808277""",SUV,Sengkurong,Mentiri,6.0,10.7,,,,10.72,4.1,4.5,Cash,3.47,Tutong,Belait,Mohd Hafiz,0.83,2.94,April,2024,Monday,0.0,6.6,OFF-200024,4/8/2024 17:49,accepted,4/8/2024 17:49,SESS-37455,4/8/2024 15:49,4/8/2024 19:49,4/8/2024 17:49,2025-09-13 17:03:00,2025-09-13 17:05:00,2025-09-13 17:09:00,2025-09-13 17:19:00,,4.82489,114.71429,4.64969,114.34022,3.5,16.98,0.86,33.01,FQ-6504,INV-669462,BND,VEH-678,Yes,Belait,5,High Demand Zone,6,1/6/2024,Pass
2025-09-05,17:23:58,"""CNR3230933""",Cancelled by Driver,"""CID4183914""",Compact,Mentiri,Rimba,10.1,24.1,,,,19.08,4.9,4.8,Cash,10.53,Belait,Belait,Aiman Hakim,2.29,7.74,October,2024,Tuesday,1.0,11.4,OFF-200194,10/8/2024 17:23,accepted,10/8/2024 17:23,SESS-93521,10/8/2024 14:23,10/8/2024 18:23,10/8/2024 17:23,2025-09-05 22:59:00,2025-09-05 23:00:00,2025-09-05 23:04:00,2025-09-05 23:42:00,,4.5814,114.13564,4.66622,114.18027,3.5,17.27,1.93,28.38,FQ-6764,INV-759040,BND,VEH-146,Yes,Belait,7,High Demand Zone,3,6/18/2023,Pass
2025-09-05,18:13:05,"""CNR8068577""",Completed,"""CID2385957""",Premium,Bangar,Mata-Mata,6.2,12.8,,,,10.79,4.5,4.4,Online Banking,31.24,Brunei-Muara,Brunei-Muara,Ahmad Zaki,5.52,24.49,May,2024,Wednesday,1.0,8.7,OFF-200095,5/22/2024 18:12,accepted,5/22/2024 18:12,SESS-75925,5/22/2024 13:13,5/22/2024 19:13,5/22/2024 18:13,2025-09-05 01:47:00,2025-09-05 01:52:00,2025-09-05 01:54:00,2025-09-05 02:20:00,,4.94939,114.8792,4.89032,114.95803,3.5,3.61,1.02,8.66,FQ-8741,INV-864083,BND,VEH-696,Yes,Belait,8,High Demand Zone,5,4/25/2023,Pass
2025-09-10,17:23:58,"""CNR3230933""",Completed,"""CID4183914""",Sedan,Kiulap,Jangsak,10.1,24.1,,,,12.65,4.5,4.7,Online Banking,31.65,Belait,Belait,Aiman Hakim,4.1,22.08,October,2024,Tuesday,1.0,11.4,OFF-200194,10/8/2024 17:23,accepted,10/8/2024 17:23,SESS-93521,10/8/2024 14:23,10/8/2024 18:23,10/8/2024 17:23,2025-09-10 11:13:00,2025-09-10 11:18:00,2025-09-10 11:28:00,2025-09-10 12:13:00,,4.5814,114.13564,4.66622,114.18027,3.5,17.27,1.93,28.38,FQ-6764,INV-759040,BND,VEH-146,Yes,Temburong,7,High Demand Zone,3,6/18/2023,Pass
2025-09-01,13:14:23,"""CNR9959930""",Cancelled by Driver,"""CID5337972""",Compact,Jangsak,Lumut,6.8,42.9,,,,17.66,4.8,4.8,Dart Wallet,30.42,Belait,Brunei-Muara,Haji Ramli,5.31,21.57,October,2024,Wednesday,1.0,8.5,OFF-200154,10/16/2024 13:13,accepted,10/16/2024 13:13,SESS-68895,10/16/2024 10:14,10/16/2024 15:14,10/16/2024 13:14,2025-09-01 19:19:00,2025-09-01 19:20:00,2025-09-01 19:28:00,2025-09-01 19:50:00,,4.61501,114.20753,4.8934,114.94653,3.5,2.69,3.43,11.52,FQ-9929,INV-905997,BND,VEH-355,Yes,Brunei-Muara,8,High Demand Zone,3,4/17/2023,Pass
2025-09-05,11:35:20,"""CNR3950515""",Completed,"""CID9062603""",Sedan,Bangar,Mentiri,8.2,14.2,1.0,,,21.17,4.6,4.8,Dart Wallet,14.8,Brunei-Muara,Belait,Abdul Rahman,2.95,12.15,December,2024,Thursday,1.0,8.1,OFF-200092,12/26/2024 11:34,accepted,12/26/2024 11:34,SESS-85776,12/26/2024 6:35,12/26/2024 12:35,12/26/2024 11:35,2025-09-05 10:24:00,2025-09-05 10:28:00,2025-09-05 10:33:00,2025-09-05 11:14:00,12/26/2024 11:44,4.90952,114.9285,4.53955,114.11603,3.5,3.92,1.14,15.7,FQ-9328,INV-348133,BND,VEH-428,Yes,Brunei-Muara,11,High Demand Zone,3,1/1/2023,Pass
2025-09-13,13:13:54,"""CNR3596717""",Cancelled by Driver,"""CID8580939""",SUV,Gadong,Jerudong,13.7,25.9,,,,10.94,4.1,4.9,Online Banking,27.91,Brunei-Muara,Tutong,Mustafa Kamal,3.84,19.36,February,2024,Sunday,1.0,11.8,OFF-200159,2/4/2024 13:13,accepted,2/4/2024 13:13,SESS-19846,2/4/2024 9:13,2/4/2024 16:13,2/4/2024 13:13,2025-09-13 12:35:00,2025-09-13 12:39:00,2025-09-13 12:46:00,2025-09-13 13:30:00,2/4/2024 13:21,4.8933,114.97365,4.83844,114.76267,3.5,3.92,2.07,9.49,FQ-7476,INV-342528,BND,VEH-726,Yes,Brunei-Muara,12,Normal,2,7/29/2023,Pass
2025-09-19,20:31:41,"""CNR6760475""",Cancelled,"""CID2785792""",SUV,Lambak,Muara,11.8,39.2,,,,6.64,4.0,4.9,Online Banking,30.72,Belait,Tutong,,7.33,25.81,December,2024,Friday,,5.8,OFF-200177,12/27/2024 20:30,accepted,12/27/2024 20:31,SESS-16338,12/27/2024 18:31,12/27/2024 22:31,12/27/2024 20:31,2025-09-19 12:00:00,2025-09-19 12:05:00,2025-09-19 12:12:00,2025-09-19 12:25:00,,4.64322,114.34329,4.70581,114.68612,3.5,3.92,3.14,15.56,FQ-9122,INV-765025,BND,VEH-510,Yes,Tutong,13,Normal,8,9/12/2023,Pass
2025-10-06,18:05:04,"""CNR8752515""",Completed,"""CID1018836""",Premium,Lumut,Lambak,12.0,15.7,,1.0,Customer Demand,18.08,4.7,4.3,Dart Wallet,15.92,Brunei-Muara,Brunei-Muara,Nurul Izzah,2.12,13.01,November,2024,Saturday,1.0,5.4,OFF-200060,11/9/2024 18:04,accepted,11/9/2024 18:04,SESS-35224,11/9/2024 15:05,11/9/2024 20:05,11/9/2024 18:05,2025-10-06 07:56:00,2025-10-06 08:01:00,2025-10-06 08:05:00,2025-10-06 08:30:00,,4.8587,114.86776,4.86995,114.88622,3.5,3.82,1.26,12.87,FQ-7397,INV-966517,BND,VEH-204,Yes,Tutong,8,High Demand Zone,2,3/30/2023,Pass
2025-10-12,20:35:44,"""CNR4134932""",Cancelled by Driver,"""CID6712001""",Sedan,Sengkurong,Sengkurong,14.8,17.1,,,,28.54,4.2,4.0,Dart Wallet,33.6,Belait,Brunei-Muara,Syafiqah Yusof,3.44,24.85,July,2024,Friday,1.0,9.4,OFF-200121,7/19/2024 20:35,accepted,7/19/2024 20:35,SESS-20137,7/19/2024 16:35,7/19/2024 22:35,7/19/2024 20:35,2025-10-12 03:06:00,2025-10-12 03:11:00,2025-10-12 03:14:00,2025-10-12 03:51:00,,4.65002,114.36316,4.85119,114.97616,3.5,21.95,1.37,27.82,FQ-6666,INV-235039,BND,VEH-214,Yes,Temburong,5,Normal,1,6/4/2023,Pass
2025-10-22,21:04:47,"""CNR5230005""",Cancelled,"""CID3694020""",Sedan,Kuala Belait,Jerudong,11.3,38.2,,,,6.78,4.7,3.9,Cash,8.27,Brunei-Muara,Belait,Aiman Hakim,1.24,6.68,September,2024,Tuesday,1.0,4.1,OFF-200050,9/24/2024 21:04,rejected,9/24/2024 21:04,SESS-93521,9/24/2024 16:04,9/25/2024 0:04,9/24/2024 21:04,2025-10-22 09:46:00,2025-10-22 09:47:00,2025-10-22 09:52:00,2025-10-22 10:13:00,9/24/2024 21:11,4.95622,114.9567,4.59644,114.25753,3.5,3.92,3.06,12.98,FQ-9164,INV-660763,BND,VEH-146,Yes,Belait,14,Normal,12,9/10/2023,Pass
2025-10-03,13:58:55,"""CNR4363142""",Completed,"""CID4559451""",Sedan,Kuala Belait,Jangsak,6.9,14.2,,1.0,Vehicle Breakdown,22.14,4.2,4.7,Online Banking,6.43,Brunei-Muara,Brunei-Muara,Aiman Hakim,1.5,4.45,February,2024,Sunday,1.0,11.9,OFF-200146,2/18/2024 13:58,accepted,2/18/2024 13:58,SESS-93521,2/18/2024 10:58,2/18/2024 14:58,2/18/2024 13:58,2025-10-03 11:06:00,2025-10-03 11:07:00,2025-10-03 11:13:00,2025-10-03 11:43:00,,4.95034,114.9427,4.92638,114.97539,3.5,8.78,1.14,18.42,FQ-5217,INV-534343,BND,VEH-146,Yes,Tutong,6,Normal,11,6/17/2023,Pass
2025-10-28,17:31:04,"""CNR6842007""",Completed,"""CID5905633""",Premium,Kiulap,Gadong,8.2,12.1,,,,23.98,4.4,4.2,Card,33.41,Brunei-Muara,Brunei-Muara,Aiman Hakim,5.11,20.34,March,2024,Monday,1.0,11.8,OFF-200020,3/11/2024 17:30,accepted,3/11/2024 17:30,SESS-93521,3/11/2024 12:31,3/11/2024 19:31,3/11/2024 17:31,2025-10-28 15:54:00,2025-10-28 15:58:00,2025-10-28 16:06:00,2025-10-28 16:26:00,3/11/2024 17:35,4.85469,114.90842,4.87973,114.89058,3.5,3.92,0.97,6.89,FQ-8752,INV-828783,BND,VEH-146,Yes,Tutong,10,Normal,8,9/9/2023,Pass
2025-10-31,9:55:48,"""CNR4076785""",Completed,"""CID4419792""",Sedan,Serusop,Lumut,11.7,29.7,,,,15.91,4.8,4.1,Online Banking,10.52,Brunei-Muara,Belait,Ahmad Zaki,2.26,7.78,December,2024,Tuesday,1.0,7.7,OFF-200004,12/3/2024 9:55,accepted,12/3/2024 9:55,SESS-75925,12/3/2024 4:55,12/3/2024 11:55,12/3/2024 9:55,2025-10-31 03:30:00,2025-10-31 03:34:00,2025-10-31 03:44:00,2025-10-31 04:26:00,,4.89715,114.85574,4.588,114.39263,3.5,5.43,2.38,10.81,FQ-9216,INV-903863,BND,VEH-696,Yes,Brunei-Muara,5,Normal,6,1/15/2024,Pass
2025-10-30,16:51:11,"""CNR2860348""",Completed,"""CID5578022""",Compact,Tutong Beach,Mata-Mata,10.2,34.2,,,,5.01,4.8,5.0,Dart Wallet,30.6,Brunei-Muara,Brunei-Muara,Aiman Hakim,5.4,23.76,October,2024,Monday,0.0,10.2,OFF-200091,10/7/2024 16:50,accepted,10/7/2024 16:50,SESS-93521,10/7/2024 12:51,10/7/2024 19:51,10/7/2024 16:51,2025-10-30 10:26:00,2025-10-30 10:27:00,2025-10-30 10:35:00,2025-10-30 11:07:00,10/7/2024 16:57,4.85757,114.92409,4.9292,114.97063,3.5,3.92,2.74,9.66,FQ-5293,INV-275833,BND,VEH-146,Yes,Tutong,8,Normal,11,1/23/2023,Pass
2025-10-09,17:14:49,"""CNR1552056""",Cancelled by Driver,"""CID6419575""",SUV,Kuala Belait,Lambak,5.3,43.3,1.0,,,24.56,4.8,3.7,Online Banking,33.96,Belait,Brunei-Muara,Ahmad Zaki,5.09,24.01,January,2024,Monday,0.0,11.1,OFF-200169,1/29/2024 17:14,accepted,1/29/2024 17:14,SESS-75925,1/29/2024 13:14,1/29/2024 19:14,1/29/2024 17:14,2025-10-09 17:29:00,2025-10-09 17:32:00,2025-10-09 17:40:00,2025-10-09 18:06:00,1/29/2024 17:16,4.51246,114.39622,4.87596,114.88295,3.5,3.92,3.46,14.6,FQ-8820,INV-663993,BND,VEH-696,Yes,Tutong,11,High Demand Zone,6,7/20/2023,Pass
2025-10-29,18:05:04,"""CNR8752515""",Completed,"""CID1018836""",SUV,Muara,Bandar Seri Begawan,12.0,15.7,,1.0,Customer Demand,3.01,3.8,3.6,Card,30.79,Brunei-Muara,Brunei-Muara,Nurul Izzah,4.65,18.52,November,2024,Saturday,1.0,5.4,OFF-200060,11/9/2024 18:04,accepted,11/9/2024 18:04,SESS-35224,11/9/2024 15:05,11/9/2024 20:05,11/9/2024 18:05,2025-10-29 00:53:00,2025-10-29 00:56:00,2025-10-29 01:02:00,2025-10-29 01:16:00,,4.8587,114.86776,4.86995,114.88622,3.5,3.82,1.26,12.87,FQ-7397,INV-966517,BND,VEH-204,Yes,Belait,8,High Demand Zone,2,3/30/2023,Pass
2025-10-21,22:44:07,"""CNR5104274""",Cancelled by Driver,"""CID8512777""",Compact,Kuala Belait,Tutong Beach,2.3,12.2,,,,28.93,4.8,4.1,Dart Wallet,7.61,Brunei-Muara,Brunei-Muara,Awangku Mohd,1.83,5.88,November,2024,Tuesday,0.0,5.6,OFF-200021,11/12/2024 22:43,rejected,11/12/2024 22:43,SESS-35925,11/12/2024 17:44,11/13/2024 0:44,11/12/2024 22:44,2025-10-21 13:29:00,2025-10-21 13:32:00,2025-10-21 13:35:00,2025-10-21 13:51:00,,4.87373,114.97463,4.94652,114.8756,3.5,17.0,0.98,34.22,FQ-6795,INV-107350,BND,VEH-727,Yes,Tutong,5,High Demand Zone,8,5/30/2023,Pass
2025-10-26,20:38:53,"""CNR3203477""",Completed,"""CID7343220""",SUV,Serusop,Sengkurong,2.1,10.8,,,,3.02,4.7,4.6,Online Banking,33.39,Brunei-Muara,Tutong,Nabilah Hassan,7.41,21.86,February,2024,Saturday,1.0,5.8,OFF-200148,2/17/2024 20:37,accepted,2/17/2024 20:38,SESS-68128,2/17/2024 18:38,2/17/2024 22:38,2/17/2024 20:38,2025-10-26 14:36:00,2025-10-26 14:38:00,2025-10-26 14:46:00,2025-10-26 15:09:00,,4.88489,114.9462,4.69767,114.6044,3.5,14.16,0.86,28.15,FQ-9262,INV-819914,BND,VEH-713,Yes,Brunei-Muara,13,High Demand Zone,5,11/23/2023,Pass
2025-10-04,14:10:46,"""CNR2103354""",Completed,"""CID6530202""",Premium,Serusop,Gadong,12.6,26.5,,,,26.68,3.8,4.2,Cash,26.63,Belait,Brunei-Muara,Haji Ramli,4.32,19.44,May,2024,Saturday,1.0,4.0,OFF-200069,5/18/2024 14:09,rejected,5/18/2024 14:09,SESS-68895,5/18/2024 12:10,5/18/2024 16:10,5/18/2024 14:10,2025-10-04 23:03:00,2025-10-04 23:05:00,2025-10-04 23:08:00,2025-10-04 23:25:00,,4.51288,114.20722,4.95763,114.92478,3.5,19.42,2.12,25.04,FQ-9309,INV-240062,BND,VEH-355,Yes,Belait,4,Normal,8,8/9/2023,Pass
2025-10-18,16:24:48,"""CNR5785058""",Completed,"""CID7525538""",Sedan,Rimba,Tutong Beach,11.6,35.9,1.0,,,14.92,4.4,4.0,Dart Wallet,31.8,Brunei-Muara,Brunei-Muara,Aiman Hakim,6.74,21.63,October,2024,Friday,0.0,5.5,OFF-200000,10/25/2024 16:24,accepted,10/25/2024 16:24,SESS-93521,10/25/2024 13:24,10/25/2024 18:24,10/25/2024 16:24,2025-10-18 14:10:00,2025-10-18 14:12:00,2025-10-18 14:22:00,2025-10-18 14:28:00,10/25/2024 16:30,4.87265,114.86109,4.91072,114.91494,3.5,3.92,2.87,12.86,FQ-5728,INV-132772,BND,VEH-146,Yes,Temburong,8,High Demand Zone,6,1/1/2024,Pass
2025-10-16,18:33:33,"""CNR1951748""",Cancelled by Driver,"""CID2938002""",Compact,Bandar Seri Begawan,Tutong Beach,4.7,38.4,,,,12.38,3.7,4.2,Dart Wallet,26.35,Brunei-Muara,Tutong,,3.35,19.43,April,2024,Wednesday,,11.8,OFF-200132,4/10/2024 18:33,accepted,4/10/2024 18:33,SESS-16338,4/10/2024 13:33,4/10/2024 19:33,4/10/2024 18:33,2025-10-16 04:19:00,2025-10-16 04:22:00,2025-10-16 04:24:00,2025-10-16 04:38:00,,4.85975,114.97263,4.65284,114.64541,3.5,3.92,3.07,15.49,FQ-9621,INV-292992,BND,VEH-510,Yes,Belait,12,Normal,11,4/28/2023,Pass
2025-10-16,5:42:27,"""CNR9492586""",Completed,"""CID7425592""",Sedan,Berakas,Lambak,8.7,44.4,,,,28.7,3.8,4.1,Online Banking,7.97,Brunei-Muara,Belait,Nabilah Hassan,1.05,6.59,July,2024,Tuesday,1.0,7.1,OFF-200011,7/16/2024 5:41,accepted,7/16/2024 5:41,SESS-68128,7/16/2024 2:42,7/16/2024 7:42,7/16/2024 5:42,2025-10-16 04:57:00,2025-10-16 04:59:00,2025-10-16 05:04:00,2025-10-16 05:38:00,,4.90991,114.86397,4.57885,114.17193,3.5,13.43,3.55,20.48,FQ-7000,INV-642952,BND,VEH-713,Yes,Temburong,11,Normal,9,10/11/2023,Pass
2025-10-04,16:37:19,"""CNR7492796""",Completed,"""CID7866026""",SUV,Bangar,Bangar,2.3,31.7,,,,21.37,3.8,4.8,Card,23.91,Belait,Brunei-Muara,,4.46,15.81,March,2024,Wednesday,,6.0,OFF-200089,3/13/2024 16:36,accepted,3/13/2024 16:36,SESS-16338,3/13/2024 13:37,3/13/2024 18:37,3/13/2024 16:37,2025-10-04 23:21:00,2025-10-04 23:24:00,2025-10-04 23:27:00,2025-10-04 23:52:00,,4.6872,114.36158,4.8765,114.87703,3.5,3.92,2.54,14.94,FQ-6417,INV-489304,BND,VEH-510,Yes,Belait,12,High Demand Zone,13,7/31/2023,Pass
2025-10-18,11:28:33,"""CNR1941394""",Completed,"""CID6286517""",SUV,Lumut,Muara,6.3,31.1,,,,17.56,4.7,4.7,Dart Wallet,33.14,Belait,Brunei-Muara,Faisal Hakimi,4.58,22.05,February,2024,Wednesday,1.0,11.7,OFF-200045,2/7/2024 11:27,accepted,2/7/2024 11:27,SESS-85181,2/7/2024 9:28,2/7/2024 12:28,2/7/2024 11:28,2025-10-18 09:10:00,2025-10-18 09:14:00,2025-10-18 09:17:00,2025-10-18 09:48:00,,4.68402,114.39582,4.85542,114.96918,3.5,8.2,2.49,22.28,FQ-6778,INV-391132,BND,VEH-126,Yes,Temburong,14,High Demand Zone,9,12/26/2023,Pass
2025-10-20,11:23:19,"""CNR4177415""",Completed,"""CID9669131""",SUV,Gadong,Lambak,13.4,34.9,,,,8.15,4.2,4.3,Dart Wallet,4.77,Brunei-Muara,Brunei-Muara,Awangku Mohd,0.81,3.94,July,2024,Thursday,0.0,11.6,OFF-200033,7/11/2024 11:22,accepted,7/11/2024 11:22,SESS-35925,7/11/2024 9:23,7/11/2024 14:23,7/11/2024 11:23,2025-10-20 22:38:00,2025-10-20 22:42:00,2025-10-20 22:46:00,2025-10-20 22:58:00,,4.91262,114.9208,4.94035,114.91467,3.5,1.12,2.79,9.26,FQ-9127,INV-415560,BND,VEH-727,Yes,Temburong,11,High Demand Zone,14,1/20/2023,Pass
2025-10-04,20:52:36,"""CNR1405417""",Completed,"""CID1941374""",Sedan,Serusop,Serusop,5.7,22.3,,1.0,Vehicle Breakdown,23.93,4.8,3.8,Cash,15.71,Brunei-Muara,Tutong,Ahmad Zaki,2.86,12.82,March,2024,Friday,1.0,8.8,OFF-200176,3/15/2024 20:51,accepted,3/15/2024 20:51,SESS-75925,3/15/2024 18:52,3/15/2024 22:52,3/15/2024 20:52,2025-10-04 06:22:00,2025-10-04 06:27:00,2025-10-04 06:31:00,2025-10-04 06:56:00,,4.87009,114.9696,4.7414,114.63634,3.5,1.92,1.78,10.0,FQ-5340,INV-106569,BND,VEH-696,Yes,Belait,8,High Demand Zone,3,2/3/2023,Pass
2025-10-09,4:52:04,"""CNR3628440""",Completed,"""CID7053690""",Premium,Sengkurong,Berakas,15.0,16.5,,,,12.44,5.0,4.6,Online Banking,23.4,Belait,Brunei-Muara,Hamid Rashid,5.28,14.4,October,2024,Wednesday,1.0,8.1,OFF-200077,10/16/2024 4:51,accepted,10/16/2024 4:51,SESS-39154,10/16/2024 0:52,10/16/2024 6:52,10/16/2024 4:52,2025-10-09 17:17:00,2025-10-09 17:22:00,2025-10-09 17:31:00,2025-10-09 18:14:00,,4.5157,114.38092,4.9559,114.94024,3.5,17.31,1.32,35.7,FQ-8869,INV-625491,BND,VEH-750,Yes,Temburong,12,High Demand Zone,7,3/29/2023,Pass
2025-10-25,15:55:20,"""CNR7252097""",Cancelled,"""CID3908872""",Premium,Rimba,Bandar Seri Begawan,2.3,12.7,,,,26.28,4.9,4.4,Cash,14.1,Brunei-Muara,Brunei-Muara,Nabilah Hassan,3.25,11.82,February,2024,Sunday,0.0,4.2,OFF-200044,2/25/2024 15:54,accepted,2/25/2024 15:54,SESS-68128,2/25/2024 11:55,2/25/2024 16:55,2/25/2024 15:55,2025-10-25 01:03:00,2025-10-25 01:06:00,2025-10-25 01:12:00,2025-10-25 01:18:00,,4.89414,114.96289,4.94995,114.9185,3.5,6.7,1.02,15.33,FQ-5263,INV-289555,BND,VEH-713,Yes,Belait,12,High Demand Zone,7,1/9/2024,Pass
2025-10-03,13:14:23,"""CNR9959930""",Cancelled,"""CID5337972""",Premium,Gadong,Bandar Seri Begawan,6.8,42.9,,,,22.31,3.5,3.8,Card,23.92,Belait,Brunei-Muara,Haji Ramli,4.59,15.51,October,2024,Wednesday,1.0,8.5,OFF-200154,10/16/2024 13:13,accepted,10/16/2024 13:13,SESS-68895,10/16/2024 10:14,10/16/2024 15:14,10/16/2024 13:14,2025-10-03 00:40:00,2025-10-03 00:45:00,2025-10-03 00:49:00,2025-10-03 01:03:00,,4.61501,114.20753,4.8934,114.94653,3.5,2.69,3.43,11.52,FQ-9929,INV-905997,BND,VEH-355,Yes,Tutong,8,High Demand Zone,3,4/17/2023,Pass
2025-10-14,14:39:10,"""CNR6124395""",Completed,"""CID6298841""",Sedan,Serusop,Rimba,3.0,16.6,,,,4.42,4.2,4.2,Card,9.63,Brunei-Muara,Brunei-Muara,Ridhwan Bakar,1.97,7.43,October,2024,Wednesday,1.0,9.7,OFF-200072,10/30/2024 14:38,accepted,10/30/2024 14:38,SESS-20959,10/30/2024 9:39,10/30/2024 17:39,10/30/2024 14:39,2025-10-14 14:55:00,2025-10-14 14:56:00,2025-10-14 15:05:00,2025-10-14 15:23:00,,4.91928,114.85849,4.95747,114.93246,3.5,7.06,1.33,12.36,FQ-9605,INV-486889,BND,VEH-504,Yes,Brunei-Muara,9,High Demand Zone,3,3/18/2023,Pass
2025-10-22,20:25:31,"""CNR7128155""",Completed,"""CID5063874""",Sedan,Rimba,Rimba,7.7,30.2,,,,21.93,4.9,4.5,Card,6.87,Belait,Tutong,Noraini Kassim,1.43,4.89,June,2024,Monday,1.0,9.8,OFF-200025,6/24/2024 20:25,accepted,6/24/2024 20:25,SESS-88755,6/24/2024 15:25,6/24/2024 23:25,6/24/2024 20:25,2025-10-22 03:59:00,2025-10-22 04:00:00,2025-10-22 04:03:00,2025-10-22 04:15:00,,4.65754,114.3961,4.67437,114.78719,3.5,9.81,2.42,22.6,FQ-7044,INV-683708,BND,VEH-967,Yes,Brunei-Muara,5,High Demand Zone,5,3/27/2023,Pass
2025-10-25,11:25:18,"""CNR8311141""",Cancelled,"""CID4377550""",SUV,Kiulap,Kuala Belait,3.9,21.9,,,,1.39,4.0,4.5,Dart Wallet,9.67,Brunei-Muara,Brunei-Muara,Nabilah Hassan,1.91,6.23,July,2024,Saturday,0.0,8.5,OFF-200046,7/6/2024 11:24,accepted,7/6/2024 11:24,SESS-68128,7/6/2024 6:25,7/6/2024 13:25,7/6/2024 11:25,2025-10-25 14:49:00,2025-10-25 14:54:00,2025-10-25 14:59:00,2025-10-25 15:19:00,7/6/2024 11:29,4.85366,114.90238,4.87389,114.88302,3.5,3.92,1.75,10.46,FQ-8617,INV-775885,BND,VEH-713,Yes,Belait,14,High Demand Zone,9,7/30/2023,Pass
2025-10-17,2:30:38,"""CNR3123150""",Completed,"""CID3092867""",Compact,Kuala Belait,Gadong,5.1,35.0,,,,10.47,3.5,4.1,Card,21.45,Brunei-Muara,Belait,Nurul Izzah,4.06,13.59,November,2024,Monday,0.0,6.3,OFF-200120,11/25/2024 2:30,accepted,11/25/2024 2:30,SESS-35224,11/24/2024 23:30,11/25/2024 5:30,11/25/2024 2:30,2025-10-17 03:04:00,2025-10-17 03:05:00,2025-10-17 03:09:00,2025-10-17 03:32:00,,4.91373,114.87683,4.51276,114.14034,3.5,18.52,2.8,24.82,FQ-9653,INV-561176,BND,VEH-204,Yes,Brunei-Muara,10,Normal,4,1/20/2023,Pass
2025-10-27,20:49:13,"""CNR4678687""",Cancelled by Driver,"""CID5606374""",Premium,Gadong,Berakas,7.8,35.6,,,,23.51,3.8,3.7,Card,29.35,Brunei-Muara,Brunei-Muara,Ridhwan Bakar,4.93,19.29,April,2024,Friday,1.0,4.3,OFF-200055,4/26/2024 20:48,rejected,4/26/2024 20:48,SESS-20959,4/26/2024 16:49,4/26/2024 22:49,4/26/2024 20:49,2025-10-27 18:01:00,2025-10-27 18:05:00,2025-10-27 18:12:00,2025-10-27 18:40:00,4/26/2024 20:55,4.86076,114.9049,4.86813,114.96133,3.5,3.92,2.85,11.27,FQ-7342,INV-760202,BND,VEH-504,Yes,Brunei-Muara,12,Normal,12,11/24/2023,Pass
2025-10-30,17:31:22,"""CNR4715373""",Completed,"""CID7822710""",SUV,Kuala Belait,Serusop,10.7,27.9,,,,23.58,4.1,4.9,Cash,31.42,Brunei-Muara,Brunei-Muara,Aiman Hakim,7.81,19.05,September,2024,Wednesday,1.0,10.6,OFF-200093,9/25/2024 17:30,accepted,9/25/2024 17:30,SESS-93521,9/25/2024 15:31,9/25/2024 18:31,9/25/2024 17:31,2025-10-30 11:22:00,2025-10-30 11:25:00,2025-10-30 11:35:00,2025-10-30 12:00:00,,4.89293,114.96698,4.90829,114.89094,3.5,8.55,2.23,26.42,FQ-7920,INV-521352,BND,VEH-146,Yes,Temburong,7,High Demand Zone,14,9/28/2023,Pass
2025-10-12,13:53:59,"""CNR5691095""",Cancelled,"""CID6721290""",SUV,Tutong Town,Kiulap,4.8,34.3,,,,26.0,3.9,3.7,Cash,16.8,Brunei-Muara,Tutong,,2.26,10.17,April,2024,Tuesday,,9.8,OFF-200106,4/23/2024 13:53,accepted,4/23/2024 13:53,SESS-16338,4/23/2024 10:53,4/23/2024 14:53,4/23/2024 13:53,2025-10-12 19:00:00,2025-10-12 19:05:00,2025-10-12 19:10:00,2025-10-12 19:45:00,,4.92991,114.94706,4.7877,114.73165,3.5,3.92,2.74,15.16,FQ-9582,INV-465906,BND,VEH-510,Yes,Temburong,6,Normal,4,12/3/2023,Pass
2025-10-21,22:31:08,"""CNR9701090""",Completed,"""CID5501061""",Sedan,Muara,Kuala Belait,3.8,12.1,,,,11.53,4.7,4.3,Card,3.54,Brunei-Muara,Brunei-Muara,Shahrul Nizam,0.86,2.93,April,2024,Wednesday,0.0,8.5,OFF-200062,4/24/2024 22:30,accepted,4/24/2024 22:30,SESS-93507,4/24/2024 20:31,4/25/2024 1:31,4/24/2024 22:31,2025-10-21 03:13:00,2025-10-21 03:15:00,2025-10-21 03:21:00,2025-10-21 03:46:00,4/24/2024 22:35,4.96124,114.90419,4.95828,114.92584,3.5,3.92,0.97,13.39,FQ-8734,INV-511415,BND,VEH-252,Yes,Brunei-Muara,7,Normal,14,4/7/2023,Pass
2025-10-15,10:10:26,"""CNR5962220""",Completed,"""CID3747067""",Premium,Sengkurong,Sengkurong,13.8,19.7,,,,25.41,3.5,4.2,Dart Wallet,11.04,Brunei-Muara,Belait,Zulhelmi Ishak,2.45,7.0,March,2024,Wednesday,1.0,11.4,OFF-200047,3/13/2024 10:09,accepted,3/13/2024 10:09,SESS-38008,3/13/2024 5:10,3/13/2024 12:10,3/13/2024 10:10,2025-10-15 11:21:00,2025-10-15 11:24:00,2025-10-15 11:27:00,2025-10-15 11:51:00,3/13/2024 10:18,4.87729,114.86946,4.67722,114.27097,3.5,3.92,1.58,10.0,FQ-7793,INV-450849,BND,VEH-353,Yes,Temburong,14,Normal,7,4/9/2023,Pass
2025-10-02,18:05:04,"""CNR8752515""",Completed,"""CID1018836""",Compact,Berakas,Gadong,12.0,15.7,,1.0,Customer Demand,23.14,4.3,4.3,Card,15.76,Brunei-Muara,Brunei-Muara,Nurul Izzah,1.96,9.81,November,2024,Saturday,1.0,5.4,OFF-200060,11/9/2024 18:04,rejected,11/9/2024 18:04,SESS-35224,11/9/2024 15:05,11/9/2024 20:05,11/9/2024 18:05,2025-10-02 16:52:00,2025-10-02 16:53:00,2025-10-02 17:03:00,2025-10-02 17:15:00,,4.8587,114.86776,4.86995,114.88622,3.5,3.82,1.26,12.87,FQ-7397,INV-966517,BND,VEH-204,Yes,Brunei-Muara,8,High Demand Zone,2,3/30/2023,Pass
2025-10-17,7:43:45,"""CNR8952764""",Cancelled,"""CID4343834""",Premium,Gadong,Jerudong,14.2,33.0,,,,2.23,3.8,4.2,Cash,9.26,Belait,Brunei-Muara,Hamid Rashid,1.27,6.6,March,2024,Thursday,1.0,5.0,OFF-200080,3/14/2024 7:43,accepted,3/14/2024 7:43,SESS-39154,3/14/2024 3:43,3/14/2024 10:43,3/14/2024 7:43,2025-10-17 03:41:00,2025-10-17 03:42:00,2025-10-17 03:51:00,2025-10-17 04:19:00,3/14/2024 7:50,4.68688,114.38432,4.85825,114.97259,3.5,3.92,2.64,17.09,FQ-8954,INV-357026,BND,VEH-750,Yes,Belait,4,High Demand Zone,5,3/26/2023,Pass
2025-10-03,20:25:31,"""CNR7128155""",Completed,"""CID5063874""",SUV,Lumut,Kuala Belait,7.7,30.2,,,,1.72,4.3,4.3,Dart Wallet,25.53,Belait,Tutong,Noraini Kassim,3.25,18.92,June,2024,Monday,1.0,9.8,OFF-200025,6/24/2024 20:25,accepted,6/24/2024 20:25,SESS-88755,6/24/2024 15:25,6/24/2024 23:25,6/24/2024 20:25,2025-10-03 01:40:00,2025-10-03 01:45:00,2025-10-03 01:52:00,2025-10-03 02:15:00,,4.65754,114.3961,4.67437,114.78719,3.5,9.81,2.42,22.6,FQ-7044,INV-683708,BND,VEH-967,Yes,Tutong,5,High Demand Zone,5,3/27/2023,Pass
2025-10-12,12:29:52,"""CNR6025689""",Completed,"""CID8921108""",Sedan,Berakas,Jerudong,4.7,10.3,,,,5.54,4.8,4.9,Online Banking,22.42,Brunei-Muara,Tutong,,5.4,17.99,January,2024,Wednesday,,4.1,OFF-200035,1/10/2024 12:29,accepted,1/10/2024 12:29,SESS-16338,1/10/2024 7:29,1/10/2024 13:29,1/10/2024 12:29,2025-10-12 14:17:00,2025-10-12 14:21:00,2025-10-12 14:27:00,2025-10-12 14:59:00,,4.88513,114.87098,4.72785,114.79049,3.5,3.92,0.82,10.74,FQ-7079,INV-366816,BND,VEH-510,Yes,Brunei-Muara,12,Normal,1,5/27/2023,Pass
2025-10-29,16:24:48,"""CNR5785058""",Completed,"""CID7525538""",SUV,Tutong Beach,Muara,11.6,35.9,1.0,,,8.71,4.4,4.9,Dart Wallet,4.84,Brunei-Muara,Brunei-Muara,Aiman Hakim,0.56,3.41,October,2024,Friday,0.0,5.5,OFF-200000,10/25/2024 16:24,accepted,10/25/2024 16:24,SESS-93521,10/25/2024 13:24,10/25/2024 18:24,10/25/2024 16:24,2025-10-29 12:21:00,2025-10-29 12:24:00,2025-10-29 12:27:00,2025-10-29 12:41:00,10/25/2024 16:30,4.87265,114.86109,4.91072,114.91494,3.5,3.92,2.87,12.86,FQ-5728,INV-132772,BND,VEH-146,Yes,Brunei-Muara,8,High Demand Zone,6,1/1/2024,Pass
2025-10-01,15:21:24,"""CNR1726678""",Completed,"""CID2637835""",Premium,Jangsak,Jerudong,7.1,13.1,,,,16.77,4.6,4.6,Cash,21.74,Tutong,Brunei-Muara,Ahmad Zaki,2.4,18.16,May,2024,Sunday,0.0,5.6,OFF-200007,5/19/2024 15:20,accepted,5/19/2024 15:20,SESS-75925,5/19/2024 10:21,5/19/2024 16:21,5/19/2024 15:21,2025-10-01 02:44:00,2025-10-01 02:48:00,2025-10-01 02:50:00,2025-10-01 03:02:00,,4.66308,114.65802,4.9547,114.94315,3.5,8.73,1.05,15.28,FQ-9838,INV-276437,BND,VEH-696,Yes,Temburong,4,Normal,13,2/20/2023,Pass
2025-10-28,20:04:40,"""CNR3050672""",Completed,"""CID7072566""",SUV,Bandar Seri Begawan,Mentiri,13.7,44.0,,,,9.63,4.1,4.9,Cash,28.85,Belait,Brunei-Muara,Mustafa Kamal,6.44,23.3,April,2024,Saturday,1.0,9.2,OFF-200112,4/6/2024 20:04,accepted,4/6/2024 20:04,SESS-19846,4/6/2024 15:04,4/6/2024 22:04,4/6/2024 20:04,2025-10-28 22:35:00,2025-10-28 22:38:00,2025-10-28 22:40:00,2025-10-28 23:02:00,4/6/2024 20:11,4.52321,114.23055,4.88918,114.91799,3.5,3.92,3.52,18.91,FQ-5816,INV-979031,BND,VEH-726,Yes,Belait,9,High Demand Zone,3,5/20/2023,Pass
2025-10-20,14:41:56,"""CNR3422152""",Cancelled,"""CID9604726""",Sedan,Jangsak,Jangsak,13.5,42.5,,,,27.33,4.9,4.2,Dart Wallet,6.27,Tutong,Brunei-Muara,Siti Aminah,0.77,5.26,December,2024,Thursday,0.0,11.0,OFF-200098,12/26/2024 14:41,accepted,12/26/2024 14:41,SESS-19622,12/26/2024 9:41,12/26/2024 17:41,12/26/2024 14:41,2025-10-20 16:25:00,2025-10-20 16:26:00,2025-10-20 16:31:00,2025-10-20 17:16:00,,4.71618,114.76674,4.86274,114.94378,3.5,12.76,3.4,26.57,FQ-7001,INV-280068,BND,VEH-614,Yes,Belait,11,High Demand Zone,14,1/29/2023,Pass
2025-10-16,18:52:21,"""CNR5527486""",Cancelled by Driver,"""CID1522967""",SUV,Mentiri,Mata-Mata,3.1,10.9,,,,27.45,4.6,3.5,Card,21.65,Brunei-Muara,Tutong,Ridhwan Bakar,3.61,18.38,November,2024,Tuesday,1.0,11.1,OFF-200179,11/12/2024 18:51,accepted,11/12/2024 18:51,SESS-20959,11/12/2024 15:52,11/12/2024 20:52,11/12/2024 18:52,2025-10-16 15:29:00,2025-10-16 15:31:00,2025-10-16 15:36:00,2025-10-16 15:58:00,,4.91079,114.87978,4.68273,114.73974,3.5,2.04,0.87,10.62,FQ-7306,INV-318395,BND,VEH-504,Yes,Belait,12,High Demand Zone,9,6/20/2023,Pass
2025-10-30,11:25:18,"""CNR8311141""",Completed,"""CID4377550""",Compact,Jangsak,Kiulap,3.9,21.9,,,,25.39,4.5,4.4,Card,16.14,Brunei-Muara,Brunei-Muara,Nabilah Hassan,3.21,12.35,July,2024,Saturday,0.0,8.5,OFF-200046,7/6/2024 11:24,accepted,7/6/2024 11:24,SESS-68128,7/6/2024 6:25,7/6/2024 13:25,7/6/2024 11:25,2025-10-30 08:05:00,2025-10-30 08:06:00,2025-10-30 08:10:00,2025-10-30 08:42:00,7/6/2024 11:29,4.85366,114.90238,4.87389,114.88302,3.5,3.92,1.75,10.46,FQ-8617,INV-775885,BND,VEH-713,Yes,Belait,14,High Demand Zone,9,7/30/2023,Pass
2025-10-09,17:20:25,"""CNR7374628""",Completed,"""CID6173671""",Compact,Tutong Beach,Tutong Beach,12.6,11.9,,,,28.91,4.9,4.4,Card,34.23,Belait,Belait,Siti Aminah,6.18,26.79,February,2024,Sunday,0.0,8.1,OFF-200126,2/25/2024 17:20,accepted,2/25/2024 17:20,SESS-19622,2/25/2024 14:20,2/25/2024 19:20,2/25/2024 17:20,2025-10-09 03:49:00,2025-10-09 03:51:00,2025-10-09 03:54:00,2025-10-09 04:33:00,2/25/2024 17:27,4.60897,114.3069,4.6399,114.15304,3.5,3.92,0.95,10.37,FQ-6571,INV-794826,BND,VEH-614,Yes,Tutong,11,Normal,9,1/9/2023,Pass
2025-10-30,20:49:13,"""CNR4678687""",Completed,"""CID5606374""",SUV,Tutong Town,Kuala Belait,7.8,35.6,,,,26.62,5.0,3.8,Card,33.3,Brunei-Muara,Brunei-Muara,Ridhwan Bakar,7.01,24.33,April,2024,Friday,1.0,4.3,OFF-200055,4/26/2024 20:48,rejected,4/26/2024 20:48,SESS-20959,4/26/2024 16:49,4/26/2024 22:49,4/26/2024 20:49,2025-10-30 21:24:00,2025-10-30 21:29:00,2025-10-30 21:32:00,2025-10-30 21:38:00,4/26/2024 20:55,4.86076,114.9049,4.86813,114.96133,3.5,3.92,2.85,11.27,FQ-7342,INV-760202,BND,VEH-504,Yes,Temburong,12,Normal,12,11/24/2023,Pass
2025-10-17,21:58:45,"""CNR9312414""",Cancelled,"""CID1962689""",Sedan,Gadong,Tutong Town,2.4,16.2,,,,3.72,3.6,4.1,Dart Wallet,18.14,Brunei-Muara,Brunei-Muara,Sufian bin Haji Ali,4.11,14.71,January,2024,Saturday,1.0,4.5,OFF-200013,1/13/2024 21:58,accepted,1/13/2024 21:58,SESS-22883,1/13/2024 16:58,1/13/2024 23:58,1/13/2024 21:58,2025-10-17 11:16:00,2025-10-17 11:18:00,2025-10-17 11:28:00,2025-10-17 11:33:00,,4.96477,114.89641,4.93448,114.90409,3.5,20.52,1.3,36.65,FQ-7660,INV-846445,BND,VEH-473,Yes,Brunei-Muara,6,High Demand Zone,13,9/4/2023,Pass
2025-10-20,8:12:03,"""CNR8336735""",Cancelled,"""CID2161274""",Compact,Tutong Town,Lambak,3.7,22.4,,,,29.97,3.9,4.5,Card,21.52,Brunei-Muara,Brunei-Muara,Siti Aminah,3.69,17.92,October,2024,Friday,0.0,7.9,OFF-200027,10/18/2024 8:11,rejected,10/18/2024 8:11,SESS-19622,10/18/2024 5:12,10/18/2024 11:12,10/18/2024 8:12,2025-10-20 11:56:00,2025-10-20 12:01:00,2025-10-20 12:05:00,2025-10-20 12:15:00,,4.86262,114.96797,4.89841,114.88537,3.5,22.27,1.79,27.56,FQ-5309,INV-505061,BND,VEH-614,Yes,Temburong,11,Normal,6,4/7/2023,Pass
2025-10-19,4:52:04,"""CNR3628440""",Cancelled,"""CID7053690""",Compact,Jerudong,Sengkurong,15.0,16.5,,,,9.24,4.0,4.3,Cash,8.66,Belait,Brunei-Muara,Hamid Rashid,1.76,7.13,October,2024,Wednesday,1.0,8.1,OFF-200077,10/16/2024 4:51,accepted,10/16/2024 4:51,SESS-39154,10/16/2024 0:52,10/16/2024 6:52,10/16/2024 4:52,2025-10-19 11:07:00,2025-10-19 11:08:00,2025-10-19 11:14:00,2025-10-19 11:26:00,,4.5157,114.38092,4.9559,114.94024,3.5,17.31,1.32,35.7,FQ-8869,INV-625491,BND,VEH-750,Yes,Temburong,12,High Demand Zone,7,3/29/2023,Pass
2025-10-13,13:43:11,"""CNR9249380""",Cancelled,"""CID5685213""",Premium,Kiulap,Mata-Mata,7.0,31.9,,,,28.13,3.7,4.3,Dart Wallet,26.05,Belait,Brunei-Muara,Nurul Izzah,3.64,18.43,September,2024,Thursday,1.0,11.1,OFF-200129,9/12/2024 13:42,accepted,9/12/2024 13:42,SESS-35224,9/12/2024 11:43,9/12/2024 16:43,9/12/2024 13:43,2025-10-13 10:56:00,2025-10-13 10:58:00,2025-10-13 11:06:00,2025-10-13 11:40:00,,4.60794,114.25377,4.90001,114.92623,3.5,13.05,2.55,29.65,FQ-5272,INV-376808,BND,VEH-204,Yes,Tutong,13,High Demand Zone,1,7/10/2023,Pass
2025-10-15,16:48:05,"""CNR9060565""",Cancelled,"""CID8916050""",Premium,Serusop,Lambak,7.7,28.4,,,,4.63,3.8,4.7,Card,20.36,Brunei-Muara,Brunei-Muara,Syafiqah Yusof,3.79,14.77,July,2024,Monday,1.0,5.7,OFF-200108,7/29/2024 16:47,accepted,7/29/2024 16:47,SESS-20137,7/29/2024 14:48,7/29/2024 17:48,7/29/2024 16:48,2025-10-15 00:01:00,2025-10-15 00:02:00,2025-10-15 00:09:00,2025-10-15 00:49:00,,4.94133,114.96168,4.92891,114.91703,3.5,12.7,2.27,26.2,FQ-7952,INV-884997,BND,VEH-214,Yes,Temburong,9,High Demand Zone,6,11/4/2023,Pass
2025-10-18,17:46:33,"""CNR2831131""",Cancelled,"""CID1170263""",Premium,Mata-Mata,Serusop,12.4,34.3,1.0,,,22.83,4.4,4.1,Dart Wallet,34.7,Tutong,Brunei-Muara,Aiman Hakim,6.47,24.68,May,2024,Sunday,0.0,10.5,OFF-200153,5/19/2024 17:46,accepted,5/19/2024 17:46,SESS-93521,5/19/2024 13:46,5/19/2024 18:46,5/19/2024 17:46,2025-10-18 12:24:00,2025-10-18 12:29:00,2025-10-18 12:34:00,2025-10-18 13:11:00,5/19/2024 17:51,4.66044,114.7135,4.89094,114.97557,3.5,3.92,2.74,15.2,FQ-9764,INV-621374,BND,VEH-146,Yes,Brunei-Muara,12,High Demand Zone,6,5/20/2023,Pass
2025-10-03,21:58:45,"""CNR9312414""",Completed,"""CID1962689""",SUV,Sengkurong,Lambak,2.4,16.2,,,,21.87,3.6,5.0,Dart Wallet,9.83,Brunei-Muara,Brunei-Muara,Sufian bin Haji Ali,1.49,8.1,January,2024,Saturday,1.0,4.5,OFF-200013,1/13/2024 21:58,accepted,1/13/2024 21:58,SESS-22883,1/13/2024 16:58,1/13/2024 23:58,1/13/2024 21:58,2025-10-03 02:13:00,2025-10-03 02:14:00,2025-10-03 02:19:00,2025-10-03 02:28:00,,4.96477,114.89641,4.93448,114.90409,3.5,20.52,1.3,36.65,FQ-7660,INV-846445,BND,VEH-473,Yes,Belait,6,High Demand Zone,13,9/4/2023,Pass
2025-10-09,9:12:30,"""CNR2094763""",Completed,"""CID8322650""",Premium,Gadong,Lambak,14.0,16.5,,,,4.61,3.8,3.5,Online Banking,7.63,Brunei-Muara,Brunei-Muara,Abdul Rahman,1.13,4.76,July,2024,Tuesday,0.0,8.3,OFF-200186,7/2/2024 9:11,rejected,7/2/2024 9:11,SESS-85776,7/2/2024 4:12,7/2/2024 10:12,7/2/2024 9:12,2025-10-09 10:28:00,2025-10-09 10:32:00,2025-10-09 10:35:00,2025-10-09 11:12:00,,4.90088,114.88958,4.92678,114.91289,3.5,1.64,1.32,10.07,FQ-9280,INV-856112,BND,VEH-428,Yes,Tutong,7,High Demand Zone,11,12/10/2023,Pass
2025-10-10,20:49:13,"""CNR4678687""",Completed,"""CID5606374""",Sedan,Lumut,Lumut,7.8,35.6,,,,28.74,4.3,4.2,Card,20.49,Brunei-Muara,Brunei-Muara,Ridhwan Bakar,4.71,16.03,April,2024,Friday,1.0,4.3,OFF-200055,4/26/2024 20:48,accepted,4/26/2024 20:48,SESS-20959,4/26/2024 16:49,4/26/2024 22:49,4/26/2024 20:49,2025-10-10 07:49:00,2025-10-10 07:53:00,2025-10-10 08:01:00,2025-10-10 08:42:00,4/26/2024 20:55,4.86076,114.9049,4.86813,114.96133,3.5,3.92,2.85,11.27,FQ-7342,INV-760202,BND,VEH-504,Yes,Brunei-Muara,12,Normal,12,11/24/2023,Pass
2025-10-04,7:50:30,"""CNR6197135""",Cancelled,"""CID5014483""",SUV,Muara,Mentiri,3.8,22.2,,,,18.88,5.0,3.9,Dart Wallet,20.47,Brunei-Muara,Brunei-Muara,Syafiqah Yusof,4.52,15.04,November,2024,Tuesday,0.0,9.7,OFF-200114,11/12/2024 7:49,accepted,11/12/2024 7:49,SESS-20137,11/12/2024 3:50,11/12/2024 9:50,11/12/2024 7:50,2025-10-04 07:55:00,2025-10-04 07:59:00,2025-10-04 08:05:00,2025-10-04 08:38:00,,4.88027,114.87663,4.88441,114.97508,3.5,21.26,1.78,26.54,FQ-6469,INV-297736,BND,VEH-214,Yes,Brunei-Muara,6,Normal,11,10/11/2023,Pass
2025-10-13,13:05:11,"""CNR4338511""",Cancelled by Driver,"""CID5489012""",Premium,Kuala Belait,Bandar Seri Begawan,5.6,21.0,,,,24.3,4.4,3.7,Online Banking,34.32,Brunei-Muara,Tutong,,4.07,21.01,December,2024,Friday,,9.0,OFF-200006,12/27/2024 13:04,accepted,12/27/2024 13:04,SESS-16338,12/27/2024 8:05,12/27/2024 15:05,12/27/2024 13:05,2025-10-13 22:27:00,2025-10-13 22:30:00,2025-10-13 22:39:00,2025-10-13 23:19:00,,4.95854,114.86804,4.7445,114.70676,3.5,3.92,1.68,16.38,FQ-7848,INV-611636,BND,VEH-510,Yes,Temburong,11,High Demand Zone,7,11/23/2023,Pass
2025-10-06,15:35:47,"""CNR1351335""",Cancelled,"""CID9426219""",Sedan,Kiulap,Sengkurong,13.0,15.6,,,,22.12,4.3,4.6,Cash,16.52,Belait,Brunei-Muara,Aiman Hakim,3.13,10.85,December,2024,Saturday,0.0,5.7,OFF-200002,12/7/2024 15:34,accepted,12/7/2024 15:34,SESS-93521,12/7/2024 12:35,12/7/2024 18:35,12/7/2024 15:35,2025-10-06 01:45:00,2025-10-06 01:47:00,2025-10-06 01:54:00,2025-10-06 02:29:00,,4.55591,114.29617,4.86575,114.85667,3.5,4.31,1.25,18.59,FQ-6466,INV-289151,BND,VEH-146,Yes,Temburong,6,High Demand Zone,7,7/9/2023,Pass
2025-10-13,16:23:55,"""CNR2775531""",Completed,"""CID3611959""",Premium,Jerudong,Tutong Beach,3.4,34.7,,,,1.22,4.7,4.4,Online Banking,15.13,Brunei-Muara,Brunei-Muara,Siti Aminah,3.0,9.17,September,2024,Tuesday,0.0,5.7,OFF-200110,9/24/2024 16:23,accepted,9/24/2024 16:23,SESS-19622,9/24/2024 12:23,9/24/2024 17:23,9/24/2024 16:23,2025-10-13 06:17:00,2025-10-13 06:21:00,2025-10-13 06:26:00,2025-10-13 06:51:00,,4.97314,114.93464,4.96064,114.90285,3.5,16.15,2.78,20.93,FQ-9653,INV-443473,BND,VEH-614,Yes,Belait,8,Normal,10,4/26/2023,Pass
2025-10-10,11:19:06,"""CNR3609994""",Cancelled,"""CID2703039""",Premium,Rimba,Rimba,11.0,40.1,,,,10.48,4.9,4.7,Dart Wallet,16.13,Brunei-Muara,Belait,,2.0,11.44,February,2024,Thursday,,8.5,OFF-200150,2/22/2024 11:18,rejected,2/22/2024 11:18,SESS-16338,2/22/2024 9:19,2/22/2024 12:19,2/22/2024 11:19,2025-10-10 16:32:00,2025-10-10 16:33:00,2025-10-10 16:37:00,2025-10-10 16:58:00,,4.9529,114.92257,4.60565,114.22755,3.5,3.92,3.21,15.94,FQ-6583,INV-561935,BND,VEH-510,Yes,Tutong,9,High Demand Zone,12,7/18/2023,Pass
2025-10-11,13:53:59,"""CNR5691095""",Completed,"""CID6721290""",Compact,Bangar,Gadong,4.8,34.3,,,,15.69,4.7,3.9,Online Banking,9.15,Brunei-Muara,Tutong,,1.5,6.88,April,2024,Tuesday,,9.8,OFF-200106,4/23/2024 13:53,accepted,4/23/2024 13:53,SESS-16338,4/23/2024 10:53,4/23/2024 14:53,4/23/2024 13:53,2025-10-11 13:42:00,2025-10-11 13:46:00,2025-10-11 13:55:00,2025-10-11 14:23:00,,4.92991,114.94706,4.7877,114.73165,3.5,3.92,2.74,15.16,FQ-9582,INV-465906,BND,VEH-510,Yes,Tutong,6,Normal,4,12/3/2023,Pass
2025-10-09,17:08:52,"""CNR5848927""",Cancelled,"""CID2730208""",Sedan,Mentiri,Kuala Belait,14.8,10.8,1.0,,,11.06,4.1,4.9,Cash,22.32,Brunei-Muara,Belait,Nurul Izzah,2.26,18.56,July,2024,Sunday,0.0,8.4,OFF-200017,7/28/2024 17:08,accepted,7/28/2024 17:08,SESS-35224,7/28/2024 15:08,7/28/2024 20:08,7/28/2024 17:08,2025-10-09 12:50:00,2025-10-09 12:52:00,2025-10-09 12:56:00,2025-10-09 13:25:00,7/28/2024 17:14,4.92573,114.91474,4.63119,114.21445,3.5,3.92,0.86,5.78,FQ-8663,INV-788987,BND,VEH-204,Yes,Temburong,13,Normal,8,4/18/2023,Pass
2025-10-28,21:26:16,"""CNR9924856""",Completed,"""CID5443075""",Compact,Jangsak,Mata-Mata,9.0,23.4,,,,10.16,3.9,3.6,Dart Wallet,7.3,Belait,Belait,Mohd Hafiz,0.76,4.5,January,2024,Monday,0.0,4.3,OFF-200037,1/15/2024 21:25,rejected,1/15/2024 21:25,SESS-37455,1/15/2024 17:26,1/15/2024 23:26,1/15/2024 21:26,2025-10-28 05:00:00,2025-10-28 05:03:00,2025-10-28 05:07:00,2025-10-28 05:23:00,,4.5176,114.18781,4.60447,114.17037,3.5,2.81,1.87,6.68,FQ-6944,INV-424842,BND,VEH-678,Yes,Belait,13,Normal,4,11/27/2023,Pass
2025-10-04,7:50:30,"""CNR6197135""",Cancelled,"""CID5014483""",Sedan,Kiulap,Gadong,3.8,22.2,,,,15.34,4.4,3.6,Cash,18.4,Brunei-Muara,Brunei-Muara,Syafiqah Yusof,2.38,13.61,November,2024,Tuesday,0.0,9.7,OFF-200114,11/12/2024 7:49,rejected,11/12/2024 7:49,SESS-20137,11/12/2024 3:50,11/12/2024 9:50,11/12/2024 7:50,2025-10-04 02:12:00,2025-10-04 02:17:00,2025-10-04 02:23:00,2025-10-04 03:00:00,,4.88027,114.87663,4.88441,114.97508,3.5,21.26,1.78,26.54,FQ-6469,INV-297736,BND,VEH-214,Yes,Temburong,6,Normal,11,10/11/2023,Pass
2025-10-29,15:02:29,"""CNR6886384""",Completed,"""CID6455263""",SUV,Mata-Mata,Tutong Town,13.0,10.2,,,,27.67,4.6,3.8,Dart Wallet,26.37,Belait,Brunei-Muara,Zulhelmi Ishak,4.73,16.17,November,2024,Tuesday,0.0,5.5,OFF-200014,11/19/2024 15:02,accepted,11/19/2024 15:02,SESS-38008,11/19/2024 10:02,11/19/2024 17:02,11/19/2024 15:02,2025-10-29 11:18:00,2025-10-29 11:22:00,2025-10-29 11:28:00,2025-10-29 11:33:00,,4.57292,114.14499,4.85556,114.96281,3.5,7.24,0.82,19.45,FQ-8698,INV-370782,BND,VEH-353,Yes,Belait,4,High Demand Zone,6,1/8/2023,Pass
2025-10-16,20:22:11,"""CNR7665294""",Completed,"""CID5596375""",Compact,Bangar,Kiulap,3.1,22.3,,,,28.49,4.5,4.5,Online Banking,34.47,Brunei-Muara,Belait,Fadhil Junaidi,4.11,22.19,November,2024,Friday,1.0,7.6,OFF-200191,11/29/2024 20:21,accepted,11/29/2024 20:21,SESS-29233,11/29/2024 15:22,11/29/2024 22:22,11/29/2024 20:22,2025-10-16 10:02:00,2025-10-16 10:07:00,2025-10-16 10:14:00,2025-10-16 10:46:00,11/29/2024 20:24,4.86634,114.86194,4.61182,114.16108,3.5,3.92,1.78,10.2,FQ-8230,INV-513393,BND,VEH-642,Yes,Temburong,13,Normal,6,9/21/2023,Pass
2025-10-08,4:58:24,"""CNR7509619""",Completed,"""CID4089635""",Premium,Kiulap,Mata-Mata,6.5,12.0,1.0,,,10.82,3.7,4.8,Online Banking,23.87,Tutong,Brunei-Muara,Shahrul Nizam,3.09,15.19,March,2024,Tuesday,0.0,4.7,OFF-200118,3/5/2024 4:57,accepted,3/5/2024 4:57,SESS-93507,3/4/2024 23:58,3/5/2024 5:58,3/5/2024 4:58,2025-10-08 16:10:00,2025-10-08 16:13:00,2025-10-08 16:20:00,2025-10-08 16:41:00,3/5/2024 5:01,4.72008,114.66305,4.93881,114.86471,3.5,3.92,0.96,15.47,FQ-5076,INV-119015,BND,VEH-252,Yes,Brunei-Muara,8,High Demand Zone,5,5/29/2023,Pass
2025-10-31,8:12:03,"""CNR8336735""",Completed,"""CID2161274""",Compact,Bandar Seri Begawan,Jangsak,3.7,22.4,,,,19.71,3.8,3.8,Dart Wallet,24.26,Brunei-Muara,Brunei-Muara,Siti Aminah,3.03,18.67,October,2024,Friday,0.0,7.9,OFF-200027,10/18/2024 8:11,accepted,10/18/2024 8:11,SESS-19622,10/18/2024 5:12,10/18/2024 11:12,10/18/2024 8:12,2025-10-31 05:58:00,2025-10-31 06:03:00,2025-10-31 06:09:00,2025-10-31 06:42:00,,4.86262,114.96797,4.89841,114.88537,3.5,22.27,1.79,27.56,FQ-5309,INV-505061,BND,VEH-614,Yes,Temburong,11,Normal,6,4/7/2023,Pass
2025-10-27,23:33:25,"""CNR6408706""",Cancelled by Driver,"""CID1966936""",Sedan,Sengkurong,Gadong,13.9,28.7,,,,24.97,4.1,3.8,Cash,33.79,Belait,Tutong,Haji Ramli,7.0,22.43,January,2024,Sunday,1.0,4.3,OFF-200038,1/7/2024 23:32,rejected,1/7/2024 23:32,SESS-68895,1/7/2024 20:33,1/8/2024 0:33,1/7/2024 23:33,2025-10-27 17:29:00,2025-10-27 17:30:00,2025-10-27 17:34:00,2025-10-27 18:03:00,,4.52471,114.10833,4.71093,114.747,3.5,10.45,2.3,22.31,FQ-9577,INV-981907,BND,VEH-355,Yes,Temburong,6,High Demand Zone,3,4/15/2023,Pass
2025-10-26,7:57:52,"""CNR2678197""",Completed,"""CID7334919""",SUV,Muara,Mentiri,9.5,32.7,,,,26.03,4.6,4.3,Online Banking,30.45,Brunei-Muara,Brunei-Muara,Nurul Izzah,6.43,24.27,September,2024,Wednesday,0.0,4.0,OFF-200184,9/25/2024 7:57,accepted,9/25/2024 7:57,SESS-35224,9/25/2024 2:57,9/25/2024 8:57,9/25/2024 7:57,2025-10-26 07:08:00,2025-10-26 07:10:00,2025-10-26 07:20:00,2025-10-26 07:59:00,,4.85129,114.86578,4.9116,114.86929,3.5,1.26,2.62,14.22,FQ-7563,INV-931902,BND,VEH-204,Yes,Tutong,9,High Demand Zone,14,8/26/2023,Pass
2025-10-13,14:44:07,"""CNR3009174""",Completed,"""CID4686557""",SUV,Mata-Mata,Sengkurong,10.2,11.3,,,,28.71,3.8,4.7,Online Banking,32.34,Brunei-Muara,Belait,Syafiqah Yusof,5.31,21.52,January,2024,Saturday,0.0,9.9,OFF-200016,1/13/2024 14:43,accepted,1/13/2024 14:43,SESS-20137,1/13/2024 11:44,1/13/2024 17:44,1/13/2024 14:44,2025-10-13 14:19:00,2025-10-13 14:24:00,2025-10-13 14:30:00,2025-10-13 15:07:00,1/13/2024 14:48,4.9107,114.89467,4.57992,114.32022,3.5,3.92,0.9,10.4,FQ-5713,INV-816454,BND,VEH-214,Yes,Brunei-Muara,4,High Demand Zone,7,11/2/2023,Pass
2025-10-18,10:41:11,"""CNR1282098""",Completed,"""CID4893475""",Sedan,Jangsak,Bangar,11.5,13.3,,,,4.58,3.9,4.3,Cash,23.6,Brunei-Muara,Tutong,Noraini Kassim,5.76,17.33,December,2024,Monday,1.0,10.8,OFF-200085,12/16/2024 10:40,accepted,12/16/2024 10:40,SESS-88755,12/16/2024 8:41,12/16/2024 13:41,12/16/2024 10:41,2025-10-18 11:30:00,2025-10-18 11:35:00,2025-10-18 11:44:00,2025-10-18 11:53:00,,4.85943,114.89897,4.79064,114.74205,3.5,17.09,1.06,22.65,FQ-8604,INV-541408,BND,VEH-967,Yes,Belait,8,Normal,9,4/8/2023,Pass
2025-10-18,19:14:34,"""CNR2674741""",Cancelled by Driver,"""CID7007482""",Premium,Kiulap,Kuala Belait,6.8,31.6,,,,4.03,3.8,3.9,Dart Wallet,29.8,Tutong,Brunei-Muara,,6.02,24.14,August,2024,Monday,,5.1,OFF-200125,8/5/2024 19:13,accepted,8/5/2024 19:13,SESS-16338,8/5/2024 15:14,8/5/2024 22:14,8/5/2024 19:14,2025-10-18 23:11:00,2025-10-18 23:16:00,2025-10-18 23:24:00,2025-10-19 00:08:00,,4.71669,114.70873,4.88169,114.90428,3.5,3.92,2.53,17.42,FQ-5760,INV-534541,BND,VEH-510,Yes,Belait,9,High Demand Zone,4,8/20/2023,Pass
2025-10-26,20:43:20,"""CNR4712889""",Cancelled by Driver,"""CID6274332""",SUV,Lambak,Tutong Town,14.3,13.6,,,,5.72,5.0,3.7,Card,21.96,Brunei-Muara,Brunei-Muara,Mohd Hafiz,4.07,14.47,October,2024,Thursday,1.0,11.4,OFF-200043,10/31/2024 20:42,accepted,10/31/2024 20:42,SESS-37455,10/31/2024 16:43,10/31/2024 23:43,10/31/2024 20:43,2025-10-26 02:41:00,2025-10-26 02:45:00,2025-10-26 02:55:00,2025-10-26 03:38:00,,4.95094,114.93896,4.92561,114.94744,3.5,4.42,1.09,11.01,FQ-7673,INV-226844,BND,VEH-678,Yes,Tutong,8,Normal,5,4/8/2023,Pass
2025-10-21,17:49:20,"""CNR4918246""",Completed,"""CID2808277""",Sedan,Berakas,Lambak,6.0,10.7,,,,24.67,3.5,4.8,Card,6.88,Tutong,Belait,Mohd Hafiz,0.93,4.15,April,2024,Monday,0.0,6.6,OFF-200024,4/8/2024 17:49,accepted,4/8/2024 17:49,SESS-37455,4/8/2024 15:49,4/8/2024 19:49,4/8/2024 17:49,2025-10-21 21:29:00,2025-10-21 21:33:00,2025-10-21 21:35:00,2025-10-21 22:11:00,,4.82489,114.71429,4.64969,114.34022,3.5,16.98,0.86,33.01,FQ-6504,INV-669462,BND,VEH-678,Yes,Belait,5,High Demand Zone,6,1/6/2024,Pass
2025-10-23,18:03:59,"""CNR6443443""",Completed,"""CID1686959""",Compact,Kiulap,Gadong,7.6,16.6,,,,24.72,3.6,3.6,Dart Wallet,20.53,Brunei-Muara,Brunei-Muara,Hamid Rashid,3.23,13.29,December,2024,Tuesday,1.0,4.3,OFF-200144,12/10/2024 18:03,accepted,12/10/2024 18:03,SESS-39154,12/10/2024 15:03,12/10/2024 21:03,12/10/2024 18:03,2025-10-23 16:12:00,2025-10-23 16:16:00,2025-10-23 16:24:00,2025-10-23 16:58:00,12/10/2024 18:08,4.88354,114.93049,4.97936,114.95369,3.5,3.92,1.33,17.12,FQ-6220,INV-852305,BND,VEH-750,Yes,Brunei-Muara,11,High Demand Zone,10,2/3/2023,Pass
2025-10-24,16:14:46,"""CNR8215682""",Completed,"""CID4968980""",Sedan,Bandar Seri Begawan,Tutong Beach,14.6,11.8,,,,23.23,4.1,4.0,Dart Wallet,28.06,Brunei-Muara,Tutong,Awangku Mohd,3.39,20.7,February,2024,Saturday,0.0,6.9,OFF-200012,2/10/2024 16:14,rejected,2/10/2024 16:14,SESS-35925,2/10/2024 11:14,2/10/2024 17:14,2/10/2024 16:14,2025-10-24 07:48:00,2025-10-24 07:51:00,2025-10-24 07:57:00,2025-10-24 08:37:00,,4.93645,114.91644,4.81403,114.7482,3.5,10.1,0.94,14.54,FQ-9491,INV-310926,BND,VEH-727,Yes,Belait,12,Normal,11,2/3/2023,Pass
2025-10-19,17:49:20,"""CNR4918246""",Completed,"""CID2808277""",Compact,Gadong,Jangsak,6.0,10.7,,,,9.09,4.8,4.1,Card,29.16,Tutong,Belait,Mohd Hafiz,6.16,19.9,April,2024,Monday,0.0,6.6,OFF-200024,4/8/2024 17:49,accepted,4/8/2024 17:49,SESS-37455,4/8/2024 15:49,4/8/2024 19:49,4/8/2024 17:49,2025-10-19 10:50:00,2025-10-19 10:51:00,2025-10-19 10:53:00,2025-10-19 11:04:00,,4.82489,114.71429,4.64969,114.34022,3.5,16.98,0.86,33.01,FQ-6504,INV-669462,BND,VEH-678,Yes,Belait,5,High Demand Zone,6,1/6/2024,Pass
2025-10-11,23:59:40,"""CNR2541239""",Completed,"""CID1296280""",Sedan,Mata-Mata,Tutong Town,2.0,35.6,,,,9.67,5.0,4.8,Cash,32.32,Tutong,Tutong,Awangku Mohd,3.67,20.09,June,2024,Sunday,1.0,8.9,OFF-200067,6/30/2024 23:59,rejected,6/30/2024 23:59,SESS-35925,6/30/2024 20:59,7/1/2024 1:59,6/30/2024 23:59,2025-10-11 00:45:00,2025-10-11 00:49:00,2025-10-11 00:57:00,2025-10-11 01:04:00,,4.78707,114.63706,4.69384,114.7241,3.5,8.83,2.85,19.98,FQ-5894,INV-866735,BND,VEH-727,Yes,Temburong,7,High Demand Zone,9,8/28/2023,Pass
2025-10-08,14:54:46,"""CNR4762531""",Cancelled by Driver,"""CID9791511""",Compact,Rimba,Tutong Town,5.5,38.2,,,,17.29,4.3,3.8,Cash,14.75,Brunei-Muara,Brunei-Muara,Ibrahim Daud,2.4,9.57,May,2024,Sunday,1.0,6.4,OFF-200137,5/12/2024 14:54,accepted,5/12/2024 14:54,SESS-97398,5/12/2024 11:54,5/12/2024 15:54,5/12/2024 14:54,2025-10-08 08:47:00,2025-10-08 08:50:00,2025-10-08 09:00:00,2025-10-08 09:33:00,,4.88485,114.97826,4.85334,114.94048,3.5,9.57,3.06,22.16,FQ-7858,INV-169076,BND,VEH-819,Yes,Brunei-Muara,13,High Demand Zone,3,2/24/2023,Pass
2025-10-13,3:53:28,"""CNR5222189""",Cancelled by Driver,"""CID1300727""",SUV,Jangsak,Gadong,8.1,33.7,,,,29.86,4.0,4.4,Dart Wallet,18.12,Belait,Brunei-Muara,Ibrahim Daud,3.13,13.86,August,2024,Monday,0.0,10.8,OFF-200066,8/19/2024 3:52,accepted,8/19/2024 3:52,SESS-97398,8/18/2024 22:53,8/19/2024 4:53,8/19/2024 3:53,2025-10-13 17:36:00,2025-10-13 17:38:00,2025-10-13 17:46:00,2025-10-13 18:27:00,,4.55687,114.10796,4.90694,114.94762,3.5,4.61,2.7,12.81,FQ-9266,INV-235946,BND,VEH-819,Yes,Temburong,13,Normal,11,11/14/2023,Pass
2025-10-12,16:48:05,"""CNR9060565""",Completed,"""CID8916050""",Sedan,Jangsak,Rimba,7.7,28.4,,,,4.85,4.8,4.0,Card,33.18,Brunei-Muara,Brunei-Muara,Syafiqah Yusof,7.12,27.22,July,2024,Monday,1.0,5.7,OFF-200108,7/29/2024 16:47,accepted,7/29/2024 16:47,SESS-20137,7/29/2024 14:48,7/29/2024 17:48,7/29/2024 16:48,2025-10-12 18:16:00,2025-10-12 18:20:00,2025-10-12 18:27:00,2025-10-12 18:43:00,,4.94133,114.96168,4.92891,114.91703,3.5,12.7,2.27,26.2,FQ-7952,INV-884997,BND,VEH-214,Yes,Brunei-Muara,9,High Demand Zone,6,11/4/2023,Pass
2025-10-21,14:20:44,"""CNR8878477""",Completed,"""CID5259729""",Sedan,Kuala Belait,Bandar Seri Begawan,4.3,10.7,1.0,,,11.48,4.2,3.7,Online Banking,28.09,Belait,Belait,Shahrul Nizam,6.9,20.44,July,2024,Saturday,0.0,8.3,OFF-200145,7/20/2024 14:20,accepted,7/20/2024 14:20,SESS-93507,7/20/2024 12:20,7/20/2024 16:20,7/20/2024 14:20,2025-10-21 16:28:00,2025-10-21 16:32:00,2025-10-21 16:36:00,2025-10-21 17:16:00,7/20/2024 14:29,4.66899,114.2119,4.56758,114.15712,3.5,3.92,0.86,9.28,FQ-7781,INV-502556,BND,VEH-252,Yes,Brunei-Muara,12,Normal,7,12/7/2023,Pass
2025-10-10,16:23:55,"""CNR2775531""",Completed,"""CID3611959""",Sedan,Lambak,Bandar Seri Begawan,3.4,34.7,,,,18.17,3.7,3.8,Card,22.47,Brunei-Muara,Brunei-Muara,Siti Aminah,3.72,18.76,September,2024,Tuesday,0.0,5.7,OFF-200110,9/24/2024 16:23,accepted,9/24/2024 16:23,SESS-19622,9/24/2024 12:23,9/24/2024 17:23,9/24/2024 16:23,2025-10-10 21:53:00,2025-10-10 21:56:00,2025-10-10 22:05:00,2025-10-10 22:18:00,,4.97314,114.93464,4.96064,114.90285,3.5,16.15,2.78,20.93,FQ-9653,INV-443473,BND,VEH-614,Yes,Temburong,8,Normal,10,4/26/2023,Pass
2025-10-31,16:23:55,"""CNR2775531""",Completed,"""CID3611959""",Premium,Tutong Town,Sengkurong,3.4,34.7,,,,11.81,4.3,4.2,Card,24.79,Brunei-Muara,Brunei-Muara,Siti Aminah,2.65,20.04,September,2024,Tuesday,0.0,5.7,OFF-200110,9/24/2024 16:23,accepted,9/24/2024 16:23,SESS-19622,9/24/2024 12:23,9/24/2024 17:23,9/24/2024 16:23,2025-10-31 15:14:00,2025-10-31 15:18:00,2025-10-31 15:21:00,2025-10-31 15:58:00,,4.97314,114.93464,4.96064,114.90285,3.5,16.15,2.78,20.93,FQ-9653,INV-443473,BND,VEH-614,Yes,Brunei-Muara,8,Normal,10,4/26/2023,Pass
2025-10-01,11:23:19,"""CNR4177415""",Completed,"""CID9669131""",Sedan,Gadong,Kiulap,13.4,34.9,,,,28.57,4.8,3.7,Dart Wallet,16.12,Brunei-Muara,Brunei-Muara,Awangku Mohd,2.12,11.52,July,2024,Thursday,0.0,11.6,OFF-200033,7/11/2024 11:22,accepted,7/11/2024 11:22,SESS-35925,7/11/2024 9:23,7/11/2024 14:23,7/11/2024 11:23,2025-10-01 17:58:00,2025-10-01 18:02:00,2025-10-01 18:09:00,2025-10-01 18:22:00,,4.91262,114.9208,4.94035,114.91467,3.5,1.12,2.79,9.26,FQ-9127,INV-415560,BND,VEH-727,Yes,Brunei-Muara,11,High Demand Zone,14,1/20/2023,Pass
2025-10-16,16:23:55,"""CNR2775531""",Cancelled,"""CID3611959""",Sedan,Tutong Town,Gadong,3.4,34.7,,,,8.59,3.6,5.0,Cash,8.15,Brunei-Muara,Brunei-Muara,Siti Aminah,0.93,5.81,September,2024,Tuesday,0.0,5.7,OFF-200110,9/24/2024 16:23,accepted,9/24/2024 16:23,SESS-19622,9/24/2024 12:23,9/24/2024 17:23,9/24/2024 16:23,2025-10-16 05:17:00,2025-10-16 05:22:00,2025-10-16 05:32:00,2025-10-16 05:47:00,,4.97314,114.93464,4.96064,114.90285,3.5,16.15,2.78,20.93,FQ-9653,INV-443473,BND,VEH-614,Yes,Tutong,8,Normal,10,4/26/2023,Pass
2025-10-31,15:21:24,"""CNR1726678""",Completed,"""CID2637835""",Sedan,Kiulap,Sengkurong,7.1,13.1,,,,18.7,4.7,3.7,Cash,34.19,Tutong,Brunei-Muara,Ahmad Zaki,7.96,27.73,May,2024,Sunday,0.0,5.6,OFF-200007,5/19/2024 15:20,accepted,5/19/2024 15:20,SESS-75925,5/19/2024 10:21,5/19/2024 16:21,5/19/2024 15:21,2025-10-31 17:53:00,2025-10-31 17:57:00,2025-10-31 17:59:00,2025-10-31 18:27:00,,4.66308,114.65802,4.9547,114.94315,3.5,8.73,1.05,15.28,FQ-9838,INV-276437,BND,VEH-696,Yes,Brunei-Muara,4,Normal,13,2/20/2023,Pass
2025-10-03,5:07:15,"""CNR2934263""",Completed,"""CID3123182""",Sedan,Muara,Jangsak,9.5,22.1,,,,3.06,4.9,3.5,Card,4.05,Belait,Brunei-Muara,Khairul Anuar,0.6,2.87,March,2024,Monday,0.0,11.4,OFF-200167,3/25/2024 5:06,accepted,3/25/2024 5:06,SESS-78148,3/25/2024 2:07,3/25/2024 7:07,3/25/2024 5:07,2025-10-03 10:07:00,2025-10-03 10:08:00,2025-10-03 10:11:00,2025-10-03 10:43:00,,4.62353,114.31096,4.95954,114.93956,3.5,13.26,1.77,23.53,FQ-8646,INV-555702,BND,VEH-476,Yes,Tutong,14,Normal,2,6/14/2023,Pass
2025-10-09,20:04:40,"""CNR3050672""",Completed,"""CID7072566""",Premium,Bangar,Mentiri,13.7,44.0,,,,17.1,4.4,4.0,Card,16.22,Belait,Brunei-Muara,Mustafa Kamal,3.71,10.6,April,2024,Saturday,1.0,9.2,OFF-200112,4/6/2024 20:04,rejected,4/6/2024 20:04,SESS-19846,4/6/2024 15:04,4/6/2024 22:04,4/6/2024 20:04,2025-10-09 22:38:00,2025-10-09 22:43:00,2025-10-09 22:53:00,2025-10-09 23:03:00,4/6/2024 20:11,4.52321,114.23055,4.88918,114.91799,3.5,3.92,3.52,18.91,FQ-5816,INV-979031,BND,VEH-726,Yes,Tutong,9,High Demand Zone,3,5/20/2023,Pass
2025-10-09,20:17:18,"""CNR6724544""",Completed,"""CID8999095""",Premium,Lumut,Berakas,3.4,43.5,,,,10.64,4.1,4.5,Cash,4.14,Brunei-Muara,Brunei-Muara,Khairul Anuar,0.9,2.64,January,2024,Friday,0.0,9.4,OFF-200082,1/5/2024 20:16,accepted,1/5/2024 20:16,SESS-78148,1/5/2024 16:17,1/5/2024 21:17,1/5/2024 20:17,2025-10-09 15:40:00,2025-10-09 15:41:00,2025-10-09 15:49:00,2025-10-09 16:01:00,1/5/2024 20:21,4.89792,114.88277,4.89921,114.883,3.5,3.92,3.48,13.4,FQ-7573,INV-473089,BND,VEH-476,Yes,Belait,14,Normal,13,4/7/2023,Pass
2025-10-22,18:22:20,"""CNR7385162""",Completed,"""CID4223292""",SUV,Jangsak,Tutong Town,12.9,29.0,,,,12.76,4.1,3.6,Online Banking,19.96,Belait,Brunei-Muara,,3.63,13.34,July,2024,Sunday,,5.2,OFF-200041,7/14/2024 18:21,rejected,7/14/2024 18:21,SESS-16338,7/14/2024 14:22,7/14/2024 21:22,7/14/2024 18:22,2025-10-22 04:56:00,2025-10-22 04:58:00,2025-10-22 05:04:00,2025-10-22 05:38:00,,4.57838,114.37354,4.96925,114.91966,3.5,3.92,2.32,10.74,FQ-6215,INV-299624,BND,VEH-510,Yes,Tutong,4,Normal,4,9/17/2023,Pass
2025-10-07,18:56:17,"""CNR8649779""",Completed,"""CID1478202""",SUV,Bangar,Kuala Belait,13.4,42.3,,,,24.14,3.7,4.1,Online Banking,32.48,Brunei-Muara,Belait,Azizul Hasni,7.39,24.61,March,2024,Monday,0.0,5.7,OFF-200168,3/18/2024 18:55,rejected,3/18/2024 18:55,SESS-32577,3/18/2024 16:56,3/18/2024 19:56,3/18/2024 18:56,2025-10-07 18:26:00,2025-10-07 18:29:00,2025-10-07 18:35:00,2025-10-07 18:54:00,,4.9508,114.97583,4.61721,114.10874,3.5,1.27,3.38,8.15,FQ-7225,INV-991630,BND,VEH-480,Yes,Belait,12,Normal,12,3/21/2023,Pass
2025-10-02,10:01:49,"""CNR5994386""",Cancelled by Driver,"""CID5100180""",Premium,Kiulap,Rimba,9.6,17.4,,,,11.56,4.7,3.8,Dart Wallet,14.28,Brunei-Muara,Brunei-Muara,Hamid Rashid,1.87,9.99,June,2024,Wednesday,0.0,6.7,OFF-200100,6/12/2024 10:01,accepted,6/12/2024 10:01,SESS-39154,6/12/2024 6:01,6/12/2024 11:01,6/12/2024 10:01,2025-10-02 10:08:00,2025-10-02 10:12:00,2025-10-02 10:21:00,2025-10-02 10:29:00,,4.85784,114.86004,4.91782,114.92255,3.5,6.97,1.39,10.86,FQ-9392,INV-788877,BND,VEH-750,Yes,Tutong,10,Normal,2,1/1/2024,Pass
2025-10-20,14:52:48,"""CNR8894376""",Completed,"""CID3051177""",Sedan,Lumut,Kuala Belait,12.8,14.5,,,,29.91,4.4,4.1,Cash,33.43,Brunei-Muara,Brunei-Muara,Haji Ramli,5.89,23.93,May,2024,Thursday,1.0,10.6,OFF-200005,5/30/2024 14:51,accepted,5/30/2024 14:52,SESS-68895,5/30/2024 9:52,5/30/2024 15:52,5/30/2024 14:52,2025-10-20 01:26:00,2025-10-20 01:27:00,2025-10-20 01:34:00,2025-10-20 02:00:00,,4.9457,114.87944,4.90929,114.97515,3.5,10.93,1.16,15.59,FQ-5230,INV-964154,BND,VEH-355,Yes,Brunei-Muara,4,Normal,5,10/1/2023,Pass
2025-10-22,18:52:21,"""CNR5527486""",Cancelled,"""CID1522967""",SUV,Kiulap,Lambak,3.1,10.9,,,,10.14,4.5,4.9,Cash,32.42,Brunei-Muara,Tutong,Ridhwan Bakar,4.55,26.91,November,2024,Tuesday,1.0,11.1,OFF-200179,11/12/2024 18:51,accepted,11/12/2024 18:51,SESS-20959,11/12/2024 15:52,11/12/2024 20:52,11/12/2024 18:52,2025-10-21 23:59:00,2025-10-22 00:03:00,2025-10-22 00:09:00,2025-10-22 00:35:00,,4.91079,114.87978,4.68273,114.73974,3.5,2.04,0.87,10.62,FQ-7306,INV-318395,BND,VEH-504,Yes,Temburong,12,High Demand Zone,9,6/20/2023,Pass
2025-10-01,20:25:31,"""CNR7128155""",Cancelled,"""CID5063874""",Sedan,Sengkurong,Kiulap,7.7,30.2,,,,4.22,4.8,3.8,Card,5.53,Belait,Tutong,Noraini Kassim,1.15,3.61,June,2024,Monday,1.0,9.8,OFF-200025,6/24/2024 20:25,accepted,6/24/2024 20:25,SESS-88755,6/24/2024 15:25,6/24/2024 23:25,6/24/2024 20:25,2025-10-01 02:34:00,2025-10-01 02:38:00,2025-10-01 02:42:00,2025-10-01 02:55:00,,4.65754,114.3961,4.67437,114.78719,3.5,9.81,2.42,22.6,FQ-7044,INV-683708,BND,VEH-967,Yes,Tutong,5,High Demand Zone,5,3/27/2023,Pass
2025-10-31,12:59:18,"""CNR4413354""",Cancelled,"""CID9033252""",Premium,Kiulap,Jangsak,6.0,21.8,,,,21.42,4.9,4.3,Cash,27.48,Brunei-Muara,Belait,Nabilah Hassan,4.66,22.29,September,2024,Friday,0.0,4.3,OFF-200063,9/27/2024 12:58,accepted,9/27/2024 12:58,SESS-68128,9/27/2024 8:59,9/27/2024 14:59,9/27/2024 12:59,2025-10-31 20:33:00,2025-10-31 20:37:00,2025-10-31 20:43:00,2025-10-31 21:25:00,,4.92793,114.93082,4.69372,114.3898,3.5,16.45,1.74,21.19,FQ-7132,INV-155972,BND,VEH-713,Yes,Tutong,7,Normal,7,2/1/2024,Pass
2025-10-23,9:12:30,"""CNR2094763""",Cancelled by Driver,"""CID8322650""",Compact,Kiulap,Gadong,14.0,16.5,,,,23.41,3.5,4.4,Online Banking,34.03,Brunei-Muara,Brunei-Muara,Abdul Rahman,6.93,20.52,July,2024,Tuesday,0.0,8.3,OFF-200186,7/2/2024 9:11,accepted,7/2/2024 9:11,SESS-85776,7/2/2024 4:12,7/2/2024 10:12,7/2/2024 9:12,2025-10-23 23:33:00,2025-10-23 23:35:00,2025-10-23 23:37:00,2025-10-24 00:05:00,,4.90088,114.88958,4.92678,114.91289,3.5,1.64,1.32,10.07,FQ-9280,INV-856112,BND,VEH-428,Yes,Brunei-Muara,7,High Demand Zone,11,12/10/2023,Pass
2025-10-12,23:05:33,"""CNR2833289""",Completed,"""CID3076034""",Premium,Bandar Seri Begawan,Bandar Seri Begawan,8.7,20.6,1.0,,,18.88,4.6,4.0,Cash,31.18,Brunei-Muara,Tutong,Farhana Yusof,5.67,20.07,January,2024,Thursday,0.0,5.3,OFF-200183,1/4/2024 23:04,accepted,1/4/2024 23:04,SESS-31967,1/4/2024 19:05,1/5/2024 0:05,1/4/2024 23:05,2025-10-12 03:53:00,2025-10-12 03:54:00,2025-10-12 04:02:00,2025-10-12 04:20:00,1/4/2024 23:08,4.90347,114.93113,4.65918,114.70569,3.5,3.92,1.65,18.6,FQ-9241,INV-115386,BND,VEH-674,Yes,Tutong,4,High Demand Zone,14,2/1/2024,Pass
2025-10-30,12:36:25,"""CNR1592055""",Completed,"""CID7228523""",Sedan,Sengkurong,Rimba,13.6,27.4,1.0,,,17.51,4.1,4.1,Cash,33.84,Tutong,Tutong,Farhana Yusof,6.65,25.19,March,2024,Saturday,0.0,6.9,OFF-200058,3/30/2024 12:35,rejected,3/30/2024 12:35,SESS-31967,3/30/2024 9:36,3/30/2024 13:36,3/30/2024 12:36,2025-10-30 11:34:00,2025-10-30 11:36:00,2025-10-30 11:43:00,2025-10-30 12:24:00,3/30/2024 12:43,4.66384,114.69476,4.65,114.74439,3.5,3.92,2.19,16.42,FQ-6317,INV-142125,BND,VEH-674,Yes,Brunei-Muara,8,High Demand Zone,1,5/9/2023,Pass
2025-10-30,16:48:05,"""CNR9060565""",Cancelled,"""CID8916050""",Sedan,Lumut,Tutong Town,7.7,28.4,,,,4.63,4.8,3.8,Card,25.22,Brunei-Muara,Brunei-Muara,Syafiqah Yusof,3.35,20.74,July,2024,Monday,1.0,5.7,OFF-200108,7/29/2024 16:47,accepted,7/29/2024 16:47,SESS-20137,7/29/2024 14:48,7/29/2024 17:48,7/29/2024 16:48,2025-10-30 16:49:00,2025-10-30 16:53:00,2025-10-30 17:03:00,2025-10-30 17:12:00,,4.94133,114.96168,4.92891,114.91703,3.5,12.7,2.27,26.2,FQ-7952,INV-884997,BND,VEH-214,Yes,Temburong,9,High Demand Zone,6,11/4/2023,Pass
2025-10-10,11:58:09,"""CNR8141819""",Completed,"""CID5476229""",Compact,Rimba,Lumut,5.3,11.5,,,,7.32,3.8,3.6,Dart Wallet,13.5,Brunei-Muara,Belait,Syafiqah Yusof,3.03,10.24,July,2024,Tuesday,0.0,8.4,OFF-200197,7/16/2024 11:57,accepted,7/16/2024 11:57,SESS-20137,7/16/2024 9:58,7/16/2024 12:58,7/16/2024 11:58,2025-10-10 18:38:00,2025-10-10 18:39:00,2025-10-10 18:44:00,2025-10-10 19:12:00,,4.87897,114.87332,4.54191,114.17947,3.5,17.37,0.92,37.68,FQ-9475,INV-646401,BND,VEH-214,Yes,Brunei-Muara,12,High Demand Zone,3,6/10/2023,Pass
2025-10-13,2:30:38,"""CNR3123150""",Cancelled by Driver,"""CID3092867""",Premium,Jerudong,Jangsak,5.1,35.0,,,,20.18,3.8,3.8,Card,23.09,Brunei-Muara,Belait,Nurul Izzah,5.01,17.16,November,2024,Monday,0.0,6.3,OFF-200120,11/25/2024 2:30,accepted,11/25/2024 2:30,SESS-35224,11/24/2024 23:30,11/25/2024 5:30,11/25/2024 2:30,2025-10-13 10:06:00,2025-10-13 10:08:00,2025-10-13 10:16:00,2025-10-13 10:29:00,,4.91373,114.87683,4.51276,114.14034,3.5,18.52,2.8,24.82,FQ-9653,INV-561176,BND,VEH-204,Yes,Tutong,10,Normal,4,1/20/2023,Pass
2025-10-11,15:25:55,"""CNR7374583""",Completed,"""CID2049576""",Premium,Mata-Mata,Kiulap,11.6,11.6,,,,8.05,4.1,3.6,Card,19.33,Belait,Brunei-Muara,Roslan Ahmad,4.55,12.33,February,2024,Friday,1.0,5.6,OFF-200032,2/2/2024 15:25,rejected,2/2/2024 15:25,SESS-14930,2/2/2024 10:25,2/2/2024 17:25,2/2/2024 15:25,2025-10-11 02:57:00,2025-10-11 03:02:00,2025-10-11 03:04:00,2025-10-11 03:09:00,,4.63734,114.1876,4.89436,114.89808,3.5,5.36,0.93,14.79,FQ-8563,INV-787245,BND,VEH-675,Yes,Brunei-Muara,6,Normal,9,12/12/2023,Pass
2025-10-08,17:05:41,"""CNR9229091""",Cancelled by Driver,"""CID2105258""",Compact,Mentiri,Bangar,12.2,20.5,,,,18.21,3.6,3.8,Online Banking,5.81,Brunei-Muara,Brunei-Muara,Ibrahim Daud,0.95,4.35,October,2024,Wednesday,1.0,9.1,OFF-200180,10/2/2024 17:04,accepted,10/2/2024 17:04,SESS-97398,10/2/2024 13:05,10/2/2024 18:05,10/2/2024 17:05,2025-10-08 04:30:00,2025-10-08 04:33:00,2025-10-08 04:39:00,2025-10-08 04:44:00,10/2/2024 17:13,4.96821,114.93056,4.87758,114.91649,3.5,3.92,1.64,10.32,FQ-9129,INV-854465,BND,VEH-819,Yes,Temburong,12,High Demand Zone,10,8/5/2023,Pass
2025-10-31,6:17:11,"""CNR2817835""",Completed,"""CID3004362""",SUV,Sengkurong,Sengkurong,14.8,26.1,,,,26.81,3.7,4.9,Cash,34.47,Belait,Tutong,Mohd Hafiz,4.1,26.67,September,2024,Sunday,1.0,9.8,OFF-200149,9/8/2024 6:16,rejected,9/8/2024 6:16,SESS-37455,9/8/2024 2:17,9/8/2024 8:17,9/8/2024 6:17,2025-10-31 07:22:00,2025-10-31 07:24:00,2025-10-31 07:26:00,2025-10-31 07:42:00,,4.61877,114.19491,4.69642,114.67254,3.5,5.43,2.09,10.02,FQ-8071,INV-674994,BND,VEH-678,Yes,Temburong,4,Normal,2,11/10/2023,Pass
2025-10-26,17:31:04,"""CNR6842007""",Completed,"""CID5905633""",Compact,Lambak,Berakas,8.2,12.1,,,,27.3,4.2,4.4,Card,5.16,Brunei-Muara,Brunei-Muara,Aiman Hakim,0.61,3.77,March,2024,Monday,1.0,11.8,OFF-200020,3/11/2024 17:30,accepted,3/11/2024 17:30,SESS-93521,3/11/2024 12:31,3/11/2024 19:31,3/11/2024 17:31,2025-10-26 11:43:00,2025-10-26 11:48:00,2025-10-26 11:53:00,2025-10-26 12:08:00,3/11/2024 17:35,4.85469,114.90842,4.87973,114.89058,3.5,3.92,0.97,6.89,FQ-8752,INV-828783,BND,VEH-146,Yes,Brunei-Muara,10,Normal,8,9/9/2023,Pass
2025-10-01,11:58:09,"""CNR8141819""",Cancelled by Driver,"""CID5476229""",Compact,Jerudong,Tutong Beach,5.3,11.5,,,,16.97,4.2,4.4,Card,13.63,Brunei-Muara,Belait,Syafiqah Yusof,3.16,10.67,July,2024,Tuesday,0.0,8.4,OFF-200197,7/16/2024 11:57,accepted,7/16/2024 11:57,SESS-20137,7/16/2024 9:58,7/16/2024 12:58,7/16/2024 11:58,2025-10-01 21:16:00,2025-10-01 21:20:00,2025-10-01 21:23:00,2025-10-01 22:04:00,,4.87897,114.87332,4.54191,114.17947,3.5,17.37,0.92,37.68,FQ-9475,INV-646401,BND,VEH-214,Yes,Brunei-Muara,12,High Demand Zone,3,6/10/2023,Pass
2025-10-16,14:10:46,"""CNR2103354""",Cancelled by Driver,"""CID6530202""",SUV,Kiulap,Mentiri,12.6,26.5,,,,29.39,4.2,4.9,Dart Wallet,5.15,Belait,Brunei-Muara,Haji Ramli,0.63,3.87,May,2024,Saturday,1.0,4.0,OFF-200069,5/18/2024 14:09,accepted,5/18/2024 14:09,SESS-68895,5/18/2024 12:10,5/18/2024 16:10,5/18/2024 14:10,2025-10-16 05:32:00,2025-10-16 05:37:00,2025-10-16 05:45:00,2025-10-16 05:56:00,,4.51288,114.20722,4.95763,114.92478,3.5,19.42,2.12,25.04,FQ-9309,INV-240062,BND,VEH-355,Yes,Brunei-Muara,4,Normal,8,8/9/2023,Pass
2025-10-06,21:00:23,"""CNR5065800""",Completed,"""CID8927033""",SUV,Tutong Beach,Serusop,12.4,41.2,,,,16.98,4.8,4.4,Dart Wallet,4.73,Brunei-Muara,Brunei-Muara,Roslan Ahmad,0.85,3.57,December,2024,Monday,1.0,7.0,OFF-200111,12/23/2024 20:59,accepted,12/23/2024 20:59,SESS-14930,12/23/2024 16:00,12/23/2024 23:00,12/23/2024 21:00,2025-10-06 16:10:00,2025-10-06 16:11:00,2025-10-06 16:17:00,2025-10-06 16:43:00,12/23/2024 21:04,4.90875,114.85801,4.93801,114.93077,3.5,3.92,3.3,12.72,FQ-6863,INV-640532,BND,VEH-675,Yes,Brunei-Muara,8,Normal,6,6/19/2023,Pass
2025-10-08,21:05:39,"""CNR2033265""",Completed,"""CID6253371""",Compact,Tutong Town,Tutong Town,12.9,12.7,,,,25.95,4.9,5.0,Online Banking,32.59,Tutong,Brunei-Muara,Syafiqah Yusof,3.58,25.65,December,2024,Friday,1.0,9.2,OFF-200003,12/6/2024 21:05,accepted,12/6/2024 21:05,SESS-20137,12/6/2024 18:05,12/6/2024 23:05,12/6/2024 21:05,2025-10-08 04:37:00,2025-10-08 04:40:00,2025-10-08 04:42:00,2025-10-08 04:56:00,,4.75247,114.65845,4.91681,114.91535,3.5,21.68,1.02,34.75,FQ-5423,INV-847066,BND,VEH-214,Yes,Brunei-Muara,9,High Demand Zone,1,12/7/2023,Pass
2025-10-19,17:31:22,"""CNR4715373""",Completed,"""CID7822710""",SUV,Serusop,Kiulap,10.7,27.9,,,,4.8,3.7,4.8,Cash,10.01,Brunei-Muara,Brunei-Muara,Aiman Hakim,1.75,7.8,September,2024,Wednesday,1.0,10.6,OFF-200093,9/25/2024 17:30,accepted,9/25/2024 17:30,SESS-93521,9/25/2024 15:31,9/25/2024 18:31,9/25/2024 17:31,2025-10-19 19:41:00,2025-10-19 19:43:00,2025-10-19 19:45:00,2025-10-19 20:02:00,,4.89293,114.96698,4.90829,114.89094,3.5,8.55,2.23,26.42,FQ-7920,INV-521352,BND,VEH-146,Yes,Brunei-Muara,7,High Demand Zone,14,9/28/2023,Pass
2025-10-29,18:04:38,"""CNR7294023""",Completed,"""CID4171544""",Compact,Tutong Beach,Bandar Seri Begawan,10.8,42.3,,1.0,Customer Demand,6.71,4.7,4.0,Online Banking,11.11,Tutong,Brunei-Muara,Ibrahim Daud,2.49,8.56,February,2024,Saturday,1.0,7.9,OFF-200074,2/24/2024 18:03,rejected,2/24/2024 18:03,SESS-97398,2/24/2024 14:04,2/24/2024 21:04,2/24/2024 18:04,2025-10-29 03:09:00,2025-10-29 03:10:00,2025-10-29 03:15:00,2025-10-29 03:43:00,,4.80558,114.7372,4.90277,114.88197,3.5,4.92,3.38,11.8,FQ-7097,INV-940986,BND,VEH-819,Yes,Belait,8,Normal,3,10/12/2023,Pass
2025-10-08,2:54:41,"""CNR4689937""",Completed,"""CID3896706""",SUV,Bangar,Muara,4.1,44.0,,,,3.6,3.6,5.0,Cash,34.7,Brunei-Muara,Belait,Abdul Rahman,7.7,26.74,August,2024,Wednesday,1.0,7.0,OFF-200189,8/28/2024 2:54,accepted,8/28/2024 2:54,SESS-85776,8/27/2024 21:54,8/28/2024 4:54,8/28/2024 2:54,2025-10-08 14:18:00,2025-10-08 14:22:00,2025-10-08 14:29:00,2025-10-08 15:03:00,8/28/2024 2:58,4.91149,114.92542,4.69683,114.35312,3.5,3.92,3.52,14.68,FQ-6394,INV-575507,BND,VEH-428,Yes,Brunei-Muara,10,High Demand Zone,13,4/3/2023,Pass
2025-10-10,22:34:44,"""CNR2832932""",Cancelled by Driver,"""CID2093358""",Premium,Jerudong,Gadong,4.0,33.3,,,,12.23,3.8,4.7,Card,5.14,Brunei-Muara,Belait,Shahrul Nizam,0.95,3.29,September,2024,Thursday,1.0,9.3,OFF-200061,9/19/2024 22:33,accepted,9/19/2024 22:33,SESS-93507,9/19/2024 17:34,9/20/2024 0:34,9/19/2024 22:34,2025-10-10 12:51:00,2025-10-10 12:53:00,2025-10-10 12:55:00,2025-10-10 13:38:00,,4.97195,114.87802,4.52003,114.28066,3.5,18.22,2.66,35.47,FQ-5020,INV-287413,BND,VEH-252,Yes,Belait,12,High Demand Zone,9,9/7/2023,Pass
2025-10-04,17:31:22,"""CNR4715373""",Cancelled,"""CID7822710""",Premium,Rimba,Bangar,10.7,27.9,,,,26.43,3.7,4.1,Dart Wallet,33.53,Brunei-Muara,Brunei-Muara,Aiman Hakim,4.53,20.46,September,2024,Wednesday,1.0,10.6,OFF-200093,9/25/2024 17:30,rejected,9/25/2024 17:30,SESS-93521,9/25/2024 15:31,9/25/2024 18:31,9/25/2024 17:31,2025-10-04 13:20:00,2025-10-04 13:21:00,2025-10-04 13:31:00,2025-10-04 13:36:00,,4.89293,114.96698,4.90829,114.89094,3.5,8.55,2.23,26.42,FQ-7920,INV-521352,BND,VEH-146,Yes,Tutong,7,High Demand Zone,14,9/28/2023,Pass
2025-10-19,6:18:50,"""CNR3626259""",Completed,"""CID1114091""",Premium,Kuala Belait,Kuala Belait,12.5,41.0,,,,12.35,4.6,4.7,Online Banking,33.89,Brunei-Muara,Brunei-Muara,,4.95,22.0,August,2024,Wednesday,,8.4,OFF-200094,8/14/2024 6:18,rejected,8/14/2024 6:18,SESS-16338,8/14/2024 2:18,8/14/2024 9:18,8/14/2024 6:18,2025-10-19 16:41:00,2025-10-19 16:44:00,2025-10-19 16:51:00,2025-10-19 17:21:00,,4.86875,114.89987,4.95623,114.97711,3.5,3.92,3.28,12.7,FQ-9945,INV-209040,BND,VEH-510,Yes,Brunei-Muara,12,Normal,5,1/15/2023,Pass
2025-10-19,10:05:53,"""CNR8467869""",Completed,"""CID3130096""",SUV,Lambak,Jangsak,3.2,14.4,,,,26.58,3.8,3.7,Card,7.31,Belait,Belait,,1.06,4.6,June,2024,Thursday,,6.2,OFF-200151,6/20/2024 10:05,rejected,6/20/2024 10:05,SESS-16338,6/20/2024 8:05,6/20/2024 12:05,6/20/2024 10:05,2025-10-19 13:11:00,2025-10-19 13:16:00,2025-10-19 13:22:00,2025-10-19 13:27:00,,4.58805,114.24636,4.67083,114.25141,3.5,3.92,1.15,13.57,FQ-8742,INV-105149,BND,VEH-510,Yes,Temburong,5,Normal,8,7/25/2023,Pass
2025-10-14,11:31:06,"""CNR6103529""",Cancelled by Driver,"""CID5523739""",Sedan,Serusop,Jerudong,13.3,43.0,,1.0,Other Issue,27.98,4.7,4.0,Dart Wallet,26.68,Tutong,Brunei-Muara,Haji Ramli,3.63,16.99,May,2024,Friday,1.0,10.0,OFF-200054,5/17/2024 11:30,accepted,5/17/2024 11:30,SESS-68895,5/17/2024 7:31,5/17/2024 13:31,5/17/2024 11:31,2025-10-14 20:55:00,2025-10-14 20:58:00,2025-10-14 21:08:00,2025-10-14 21:34:00,,4.75317,114.63822,4.85107,114.9304,3.5,2.7,3.44,12.05,FQ-5830,INV-335610,BND,VEH-355,Yes,Tutong,4,High Demand Zone,8,1/28/2023,Pass
2025-10-03,22:24:03,"""CNR9205944""",Completed,"""CID2975665""",Premium,Berakas,Bangar,10.1,35.5,,,,29.25,4.3,3.6,Card,33.31,Belait,Brunei-Muara,,5.16,21.54,July,2024,Sunday,,7.6,OFF-200136,7/14/2024 22:23,accepted,7/14/2024 22:23,SESS-16338,7/14/2024 17:24,7/15/2024 1:24,7/14/2024 22:24,2025-10-03 21:27:00,2025-10-03 21:30:00,2025-10-03 21:38:00,2025-10-03 22:19:00,,4.65695,114.26303,4.96827,114.92521,3.5,3.92,2.84,10.26,FQ-7907,INV-658083,BND,VEH-510,Yes,Belait,10,Normal,14,9/8/2023,Pass
2025-10-08,9:41:19,"""CNR4332965""",Completed,"""CID2809404""",Compact,Bandar Seri Begawan,Sengkurong,8.3,11.7,,,,8.75,4.5,4.1,Dart Wallet,34.36,Belait,Brunei-Muara,Roslan Ahmad,7.45,28.03,February,2024,Sunday,1.0,8.9,OFF-200130,2/25/2024 9:40,accepted,2/25/2024 9:40,SESS-14930,2/25/2024 5:41,2/25/2024 12:41,2/25/2024 9:41,2025-10-08 07:12:00,2025-10-08 07:14:00,2025-10-08 07:16:00,2025-10-08 07:33:00,2/25/2024 9:47,4.5047,114.21765,4.93141,114.97093,3.5,3.92,0.94,7.95,FQ-7271,INV-680275,BND,VEH-675,Yes,Brunei-Muara,5,High Demand Zone,10,3/6/2023,Pass
2025-10-22,8:32:29,"""CNR5958696""",Cancelled,"""CID7514435""",Premium,Mentiri,Berakas,11.8,13.2,,,,29.74,4.7,4.6,Card,21.06,Brunei-Muara,Brunei-Muara,Sufian bin Haji Ali,3.33,14.06,April,2024,Monday,0.0,8.2,OFF-200030,4/15/2024 8:32,accepted,4/15/2024 8:32,SESS-22883,4/15/2024 6:32,4/15/2024 10:32,4/15/2024 8:32,2025-10-22 08:18:00,2025-10-22 08:22:00,2025-10-22 08:31:00,2025-10-22 08:57:00,,4.87861,114.87606,4.94364,114.91597,3.5,13.06,1.06,18.62,FQ-7903,INV-948406,BND,VEH-473,Yes,Tutong,9,Normal,1,5/23/2023,Pass
2025-10-13,6:55:24,"""CNR8363670""",Completed,"""CID6661007""",Premium,Lambak,Mentiri,3.1,39.1,1.0,,,27.83,3.6,4.0,Online Banking,21.33,Tutong,Belait,Ridhwan Bakar,5.07,17.79,June,2024,Sunday,0.0,5.5,OFF-200039,6/23/2024 6:55,accepted,6/23/2024 6:55,SESS-20959,6/23/2024 2:55,6/23/2024 9:55,6/23/2024 6:55,2025-10-13 02:19:00,2025-10-13 02:21:00,2025-10-13 02:27:00,2025-10-13 02:45:00,6/23/2024 7:04,4.83034,114.71564,4.67236,114.24922,3.5,3.92,3.13,12.55,FQ-6190,INV-501755,BND,VEH-504,Yes,Brunei-Muara,4,Normal,8,1/29/2023,Pass
2025-10-11,12:29:52,"""CNR6025689""",Completed,"""CID8921108""",Premium,Rimba,Rimba,4.7,10.3,,,,7.95,4.1,3.7,Dart Wallet,30.31,Brunei-Muara,Tutong,,7.49,21.62,January,2024,Wednesday,,4.1,OFF-200035,1/10/2024 12:29,accepted,1/10/2024 12:29,SESS-16338,1/10/2024 7:29,1/10/2024 13:29,1/10/2024 12:29,2025-10-11 05:41:00,2025-10-11 05:44:00,2025-10-11 05:48:00,2025-10-11 06:18:00,,4.88513,114.87098,4.72785,114.79049,3.5,3.92,0.82,10.74,FQ-7079,INV-366816,BND,VEH-510,Yes,Tutong,12,Normal,1,5/27/2023,Pass
2025-10-23,10:05:53,"""CNR8467869""",Completed,"""CID3130096""",Premium,Kuala Belait,Kiulap,3.2,14.4,,,,24.68,4.6,4.0,Card,33.11,Belait,Belait,,4.88,22.36,June,2024,Thursday,,6.2,OFF-200151,6/20/2024 10:05,accepted,6/20/2024 10:05,SESS-16338,6/20/2024 8:05,6/20/2024 12:05,6/20/2024 10:05,2025-10-23 17:59:00,2025-10-23 18:03:00,2025-10-23 18:07:00,2025-10-23 18:29:00,,4.58805,114.24636,4.67083,114.25141,3.5,3.92,1.15,13.57,FQ-8742,INV-105149,BND,VEH-510,Yes,Brunei-Muara,5,Normal,8,7/25/2023,Pass
2025-10-02,14:52:48,"""CNR8894376""",Cancelled,"""CID3051177""",Sedan,Jerudong,Gadong,12.8,14.5,,,,5.12,3.6,4.3,Cash,32.43,Brunei-Muara,Brunei-Muara,Haji Ramli,5.03,20.43,May,2024,Thursday,1.0,10.6,OFF-200005,5/30/2024 14:51,accepted,5/30/2024 14:52,SESS-68895,5/30/2024 9:52,5/30/2024 15:52,5/30/2024 14:52,2025-10-02 14:27:00,2025-10-02 14:31:00,2025-10-02 14:36:00,2025-10-02 15:07:00,,4.9457,114.87944,4.90929,114.97515,3.5,10.93,1.16,15.59,FQ-5230,INV-964154,BND,VEH-355,Yes,Belait,4,Normal,5,10/1/2023,Pass
2025-10-30,14:53:44,"""CNR4380250""",Completed,"""CID3152566""",Compact,Tutong Town,Lambak,11.2,35.0,,,,19.86,4.5,4.2,Dart Wallet,30.01,Brunei-Muara,Tutong,Faisal Hakimi,3.22,23.1,December,2024,Saturday,1.0,10.4,OFF-200065,12/14/2024 14:52,accepted,12/14/2024 14:52,SESS-85181,12/14/2024 10:53,12/14/2024 16:53,12/14/2024 14:53,2025-10-30 17:11:00,2025-10-30 17:13:00,2025-10-30 17:17:00,2025-10-30 17:42:00,12/14/2024 15:01,4.86127,114.96102,4.74484,114.69489,3.5,3.92,2.8,19.33,FQ-5396,INV-883055,BND,VEH-126,Yes,Tutong,4,High Demand Zone,8,1/31/2024,Pass
2025-10-06,18:04:38,"""CNR7294023""",Cancelled,"""CID4171544""",Compact,Serusop,Muara,10.8,42.3,,1.0,Customer Demand,12.61,3.7,4.2,Dart Wallet,21.47,Tutong,Brunei-Muara,Ibrahim Daud,2.75,14.62,February,2024,Saturday,1.0,7.9,OFF-200074,2/24/2024 18:03,accepted,2/24/2024 18:03,SESS-97398,2/24/2024 14:04,2/24/2024 21:04,2/24/2024 18:04,2025-10-06 20:45:00,2025-10-06 20:49:00,2025-10-06 20:59:00,2025-10-06 21:05:00,,4.80558,114.7372,4.90277,114.88197,3.5,4.92,3.38,11.8,FQ-7097,INV-940986,BND,VEH-819,Yes,Tutong,8,Normal,3,10/12/2023,Pass
2025-10-30,21:05:39,"""CNR2033265""",Completed,"""CID6253371""",Sedan,Bangar,Bandar Seri Begawan,12.9,12.7,,,,27.7,3.6,4.6,Online Banking,4.16,Tutong,Brunei-Muara,Syafiqah Yusof,0.84,3.0,December,2024,Friday,1.0,9.2,OFF-200003,12/6/2024 21:05,accepted,12/6/2024 21:05,SESS-20137,12/6/2024 18:05,12/6/2024 23:05,12/6/2024 21:05,2025-10-30 01:32:00,2025-10-30 01:34:00,2025-10-30 01:41:00,2025-10-30 01:48:00,,4.75247,114.65845,4.91681,114.91535,3.5,21.68,1.02,34.75,FQ-5423,INV-847066,BND,VEH-214,Yes,Temburong,9,High Demand Zone,1,12/7/2023,Pass
2025-10-06,19:23:16,"""CNR8486373""",Cancelled,"""CID3236855""",Sedan,Kuala Belait,Muara,7.1,11.0,,1.0,Vehicle Breakdown,5.77,4.0,4.1,Card,18.82,Brunei-Muara,Brunei-Muara,Azizul Hasni,2.23,11.46,February,2024,Thursday,1.0,9.8,OFF-200078,2/22/2024 19:22,accepted,2/22/2024 19:22,SESS-32577,2/22/2024 15:23,2/22/2024 20:23,2/22/2024 19:23,2025-10-06 10:22:00,2025-10-06 10:26:00,2025-10-06 10:29:00,2025-10-06 10:46:00,,4.93714,114.85419,4.85709,114.89594,3.5,4.09,0.88,14.71,FQ-9148,INV-469898,BND,VEH-480,Yes,Brunei-Muara,8,High Demand Zone,3,6/1/2023,Pass
2025-10-23,7:20:29,"""CNR4672986""",Completed,"""CID8960852""",Premium,Lumut,Muara,13.7,10.3,,,,25.93,3.7,3.7,Card,29.47,Belait,Brunei-Muara,Ibrahim Daud,6.97,22.71,July,2024,Wednesday,1.0,7.1,OFF-200133,7/31/2024 7:19,accepted,7/31/2024 7:19,SESS-97398,7/31/2024 4:20,7/31/2024 10:20,7/31/2024 7:20,2025-10-23 04:28:00,2025-10-23 04:29:00,2025-10-23 04:33:00,2025-10-23 05:03:00,7/31/2024 7:29,4.58686,114.31698,4.88236,114.96428,3.5,3.92,0.82,8.24,FQ-7037,INV-974938,BND,VEH-819,Yes,Belait,7,Normal,14,3/7/2023,Pass
2025-10-23,12:20:32,"""CNR5687699""",Completed,"""CID6778217""",Premium,Gadong,Kuala Belait,9.0,33.6,,,,7.57,4.2,5.0,Dart Wallet,10.22,Belait,Tutong,,1.8,7.22,January,2024,Friday,,9.9,OFF-200117,1/26/2024 12:20,accepted,1/26/2024 12:20,SESS-16338,1/26/2024 9:20,1/26/2024 15:20,1/26/2024 12:20,2025-10-23 14:04:00,2025-10-23 14:09:00,2025-10-23 14:14:00,2025-10-23 14:58:00,,4.55386,114.17976,4.66007,114.60336,3.5,3.92,2.69,11.11,FQ-6513,INV-209562,BND,VEH-510,Yes,Belait,5,Normal,5,1/5/2024,Pass
2025-10-03,20:04:40,"""CNR3050672""",Completed,"""CID7072566""",Sedan,Rimba,Lumut,13.7,44.0,,,,1.41,4.8,4.0,Card,4.23,Belait,Brunei-Muara,Mustafa Kamal,0.67,2.67,April,2024,Saturday,1.0,9.2,OFF-200112,4/6/2024 20:04,rejected,4/6/2024 20:04,SESS-19846,4/6/2024 15:04,4/6/2024 22:04,4/6/2024 20:04,2025-10-03 01:28:00,2025-10-03 01:33:00,2025-10-03 01:35:00,2025-10-03 02:09:00,4/6/2024 20:11,4.52321,114.23055,4.88918,114.91799,3.5,3.92,3.52,18.91,FQ-5816,INV-979031,BND,VEH-726,Yes,Belait,9,High Demand Zone,3,5/20/2023,Pass
2025-10-27,17:31:22,"""CNR4715373""",Cancelled,"""CID7822710""",Premium,Lumut,Mata-Mata,10.7,27.9,,,,13.84,4.9,5.0,Online Banking,9.41,Brunei-Muara,Brunei-Muara,Aiman Hakim,1.15,6.26,September,2024,Wednesday,1.0,10.6,OFF-200093,9/25/2024 17:30,rejected,9/25/2024 17:30,SESS-93521,9/25/2024 15:31,9/25/2024 18:31,9/25/2024 17:31,2025-10-27 17:02:00,2025-10-27 17:04:00,2025-10-27 17:14:00,2025-10-27 17:54:00,,4.89293,114.96698,4.90829,114.89094,3.5,8.55,2.23,26.42,FQ-7920,INV-521352,BND,VEH-146,Yes,Brunei-Muara,7,High Demand Zone,14,9/28/2023,Pass
2025-10-23,14:11:18,"""CNR7599370""",Cancelled by Driver,"""CID2185983""",SUV,Kuala Belait,Tutong Town,11.3,32.9,,,,20.29,4.9,3.8,Online Banking,25.96,Brunei-Muara,Brunei-Muara,Ibrahim Daud,5.95,20.02,May,2024,Friday,1.0,11.2,OFF-200178,5/17/2024 14:10,accepted,5/17/2024 14:10,SESS-97398,5/17/2024 10:11,5/17/2024 16:11,5/17/2024 14:11,2025-10-23 03:58:00,2025-10-23 03:59:00,2025-10-23 04:09:00,2025-10-23 04:24:00,5/17/2024 14:13,4.8752,114.94021,4.90569,114.86229,3.5,3.92,2.63,10.05,FQ-5244,INV-752074,BND,VEH-819,Yes,Brunei-Muara,10,Normal,6,2/12/2023,Pass
2025-10-13,22:34:44,"""CNR2832932""",Completed,"""CID2093358""",SUV,Kiulap,Rimba,4.0,33.3,,,,4.33,3.9,4.7,Dart Wallet,30.36,Brunei-Muara,Belait,Shahrul Nizam,4.84,18.64,September,2024,Thursday,1.0,9.3,OFF-200061,9/19/2024 22:33,accepted,9/19/2024 22:33,SESS-93507,9/19/2024 17:34,9/20/2024 0:34,9/19/2024 22:34,2025-10-13 01:15:00,2025-10-13 01:17:00,2025-10-13 01:24:00,2025-10-13 01:40:00,,4.97195,114.87802,4.52003,114.28066,3.5,18.22,2.66,35.47,FQ-5020,INV-287413,BND,VEH-252,Yes,Tutong,12,High Demand Zone,9,9/7/2023,Pass
2025-10-27,7:57:52,"""CNR2678197""",Completed,"""CID7334919""",Premium,Jerudong,Bangar,9.5,32.7,,,,12.18,4.5,4.7,Card,10.03,Brunei-Muara,Brunei-Muara,Nurul Izzah,1.09,7.02,September,2024,Wednesday,0.0,4.0,OFF-200184,9/25/2024 7:57,accepted,9/25/2024 7:57,SESS-35224,9/25/2024 2:57,9/25/2024 8:57,9/25/2024 7:57,2025-10-27 06:51:00,2025-10-27 06:53:00,2025-10-27 07:00:00,2025-10-27 07:36:00,,4.85129,114.86578,4.9116,114.86929,3.5,1.26,2.62,14.22,FQ-7563,INV-931902,BND,VEH-204,Yes,Tutong,9,High Demand Zone,14,8/26/2023,Pass
2025-10-08,20:55:21,"""CNR7116878""",Completed,"""CID8235642""",Compact,Mentiri,Tutong Town,8.3,34.3,,,,3.11,3.6,3.6,Cash,11.05,Brunei-Muara,Brunei-Muara,Aiman Hakim,2.14,7.11,January,2024,Sunday,0.0,11.5,OFF-200193,1/14/2024 20:54,accepted,1/14/2024 20:54,SESS-93521,1/14/2024 15:55,1/14/2024 21:55,1/14/2024 20:55,2025-10-08 18:42:00,2025-10-08 18:46:00,2025-10-08 18:53:00,2025-10-08 19:28:00,,4.8613,114.97933,4.9221,114.87937,3.5,7.26,2.74,13.5,FQ-5308,INV-972168,BND,VEH-146,Yes,Brunei-Muara,7,Normal,5,4/2/2023,Pass
2025-10-24,19:23:16,"""CNR8486373""",Cancelled by Driver,"""CID3236855""",Sedan,Tutong Town,Gadong,7.1,11.0,,1.0,Vehicle Breakdown,14.07,4.7,3.6,Dart Wallet,21.91,Brunei-Muara,Brunei-Muara,Azizul Hasni,4.84,15.87,February,2024,Thursday,1.0,9.8,OFF-200078,2/22/2024 19:22,accepted,2/22/2024 19:22,SESS-32577,2/22/2024 15:23,2/22/2024 20:23,2/22/2024 19:23,2025-10-24 07:54:00,2025-10-24 07:57:00,2025-10-24 08:04:00,2025-10-24 08:13:00,,4.93714,114.85419,4.85709,114.89594,3.5,4.09,0.88,14.71,FQ-9148,INV-469898,BND,VEH-480,Yes,Temburong,8,High Demand Zone,3,6/1/2023,Pass
2025-10-26,17:57:12,"""CNR7253777""",Completed,"""CID3783637""",Compact,Gadong,Bandar Seri Begawan,13.6,42.3,,,,3.13,4.9,4.6,Cash,7.79,Brunei-Muara,Brunei-Muara,Mustafa Kamal,1.06,5.07,October,2024,Sunday,1.0,10.8,OFF-200135,10/27/2024 17:56,accepted,10/27/2024 17:56,SESS-19846,10/27/2024 12:57,10/27/2024 19:57,10/27/2024 17:57,2025-10-26 03:53:00,2025-10-26 03:57:00,2025-10-26 04:01:00,2025-10-26 04:22:00,10/27/2024 17:59,4.94548,114.95631,4.97401,114.90117,3.5,3.92,3.38,12.8,FQ-7626,INV-342420,BND,VEH-726,Yes,Belait,14,Normal,3,7/3/2023,Pass
2025-10-20,20:25:31,"""CNR7128155""",Completed,"""CID5063874""",SUV,Tutong Beach,Lumut,7.7,30.2,,,,15.03,3.7,4.7,Cash,18.7,Belait,Tutong,Noraini Kassim,3.56,11.59,June,2024,Monday,1.0,9.8,OFF-200025,6/24/2024 20:25,rejected,6/24/2024 20:25,SESS-88755,6/24/2024 15:25,6/24/2024 23:25,6/24/2024 20:25,2025-10-20 12:16:00,2025-10-20 12:20:00,2025-10-20 12:29:00,2025-10-20 13:08:00,,4.65754,114.3961,4.67437,114.78719,3.5,9.81,2.42,22.6,FQ-7044,INV-683708,BND,VEH-967,Yes,Brunei-Muara,5,High Demand Zone,5,3/27/2023,Pass
2025-10-21,14:11:18,"""CNR7599370""",Completed,"""CID2185983""",Premium,Bangar,Mata-Mata,11.3,32.9,,,,18.48,3.5,4.0,Card,9.5,Brunei-Muara,Brunei-Muara,Ibrahim Daud,1.49,7.2,May,2024,Friday,1.0,11.2,OFF-200178,5/17/2024 14:10,accepted,5/17/2024 14:10,SESS-97398,5/17/2024 10:11,5/17/2024 16:11,5/17/2024 14:11,2025-10-21 12:31:00,2025-10-21 12:34:00,2025-10-21 12:43:00,2025-10-21 12:49:00,5/17/2024 14:13,4.8752,114.94021,4.90569,114.86229,3.5,3.92,2.63,10.05,FQ-5244,INV-752074,BND,VEH-819,Yes,Temburong,10,Normal,6,2/12/2023,Pass
2025-10-17,23:39:52,"""CNR1605575""",Completed,"""CID9516426""",Sedan,Jerudong,Serusop,10.7,16.1,,,,1.68,3.9,3.9,Card,14.26,Tutong,Brunei-Muara,Nabilah Hassan,3.15,9.8,July,2024,Wednesday,1.0,9.6,OFF-200172,7/31/2024 23:39,accepted,7/31/2024 23:39,SESS-68128,7/31/2024 19:39,8/1/2024 1:39,7/31/2024 23:39,2025-10-17 21:37:00,2025-10-17 21:39:00,2025-10-17 21:46:00,2025-10-17 22:28:00,,4.76714,114.6423,4.8533,114.97657,3.5,7.34,1.29,13.13,FQ-5562,INV-490763,BND,VEH-713,Yes,Belait,9,Normal,10,8/21/2023,Pass
2025-10-21,20:43:20,"""CNR4712889""",Cancelled,"""CID6274332""",Compact,Gadong,Serusop,14.3,13.6,,,,20.3,4.4,4.4,Dart Wallet,12.89,Brunei-Muara,Brunei-Muara,Mohd Hafiz,2.06,9.14,October,2024,Thursday,1.0,11.4,OFF-200043,10/31/2024 20:42,accepted,10/31/2024 20:42,SESS-37455,10/31/2024 16:43,10/31/2024 23:43,10/31/2024 20:43,2025-10-21 14:41:00,2025-10-21 14:42:00,2025-10-21 14:51:00,2025-10-21 15:14:00,,4.95094,114.93896,4.92561,114.94744,3.5,4.42,1.09,11.01,FQ-7673,INV-226844,BND,VEH-678,Yes,Brunei-Muara,8,Normal,5,4/8/2023,Pass
2025-10-30,18:33:33,"""CNR1951748""",Completed,"""CID2938002""",Sedan,Sengkurong,Mata-Mata,4.7,38.4,,,,8.08,4.4,3.8,Online Banking,3.74,Brunei-Muara,Tutong,,0.5,2.54,April,2024,Wednesday,,11.8,OFF-200132,4/10/2024 18:33,accepted,4/10/2024 18:33,SESS-16338,4/10/2024 13:33,4/10/2024 19:33,4/10/2024 18:33,2025-10-30 09:46:00,2025-10-30 09:48:00,2025-10-30 09:56:00,2025-10-30 10:06:00,,4.85975,114.97263,4.65284,114.64541,3.5,3.92,3.07,15.49,FQ-9621,INV-292992,BND,VEH-510,Yes,Temburong,12,Normal,11,4/28/2023,Pass
2025-10-13,14:10:46,"""CNR2103354""",Cancelled by Driver,"""CID6530202""",Premium,Bandar Seri Begawan,Jerudong,12.6,26.5,,,,6.97,3.8,4.6,Card,10.13,Belait,Brunei-Muara,Haji Ramli,1.91,7.84,May,2024,Saturday,1.0,4.0,OFF-200069,5/18/2024 14:09,rejected,5/18/2024 14:09,SESS-68895,5/18/2024 12:10,5/18/2024 16:10,5/18/2024 14:10,2025-10-13 08:28:00,2025-10-13 08:32:00,2025-10-13 08:36:00,2025-10-13 09:08:00,,4.51288,114.20722,4.95763,114.92478,3.5,19.42,2.12,25.04,FQ-9309,INV-240062,BND,VEH-355,Yes,Temburong,4,Normal,8,8/9/2023,Pass
2025-10-12,17:46:33,"""CNR2831131""",Completed,"""CID1170263""",Premium,Berakas,Mata-Mata,12.4,34.3,1.0,,,27.57,4.0,4.4,Card,22.65,Tutong,Brunei-Muara,Aiman Hakim,4.17,17.11,May,2024,Sunday,0.0,10.5,OFF-200153,5/19/2024 17:46,accepted,5/19/2024 17:46,SESS-93521,5/19/2024 13:46,5/19/2024 18:46,5/19/2024 17:46,2025-10-12 03:02:00,2025-10-12 03:06:00,2025-10-12 03:10:00,2025-10-12 03:48:00,5/19/2024 17:51,4.66044,114.7135,4.89094,114.97557,3.5,3.92,2.74,15.2,FQ-9764,INV-621374,BND,VEH-146,Yes,Temburong,12,High Demand Zone,6,5/20/2023,Pass
2025-10-13,12:20:32,"""CNR5687699""",Completed,"""CID6778217""",Premium,Kuala Belait,Mentiri,9.0,33.6,,,,23.78,4.4,3.7,Online Banking,25.69,Belait,Tutong,,3.75,20.5,January,2024,Friday,,9.9,OFF-200117,1/26/2024 12:20,accepted,1/26/2024 12:20,SESS-16338,1/26/2024 9:20,1/26/2024 15:20,1/26/2024 12:20,2025-10-13 11:47:00,2025-10-13 11:51:00,2025-10-13 11:59:00,2025-10-13 12:22:00,,4.55386,114.17976,4.66007,114.60336,3.5,3.92,2.69,11.11,FQ-6513,INV-209562,BND,VEH-510,Yes,Belait,5,Normal,5,1/5/2024,Pass
2025-10-20,23:59:40,"""CNR2541239""",Cancelled,"""CID1296280""",SUV,Jangsak,Kuala Belait,2.0,35.6,,,,23.01,3.8,3.8,Online Banking,3.55,Tutong,Tutong,Awangku Mohd,0.73,2.87,June,2024,Sunday,1.0,8.9,OFF-200067,6/30/2024 23:59,accepted,6/30/2024 23:59,SESS-35925,6/30/2024 20:59,7/1/2024 1:59,6/30/2024 23:59,2025-10-20 18:07:00,2025-10-20 18:10:00,2025-10-20 18:15:00,2025-10-20 18:58:00,,4.78707,114.63706,4.69384,114.7241,3.5,8.83,2.85,19.98,FQ-5894,INV-866735,BND,VEH-727,Yes,Tutong,7,High Demand Zone,9,8/28/2023,Pass
2025-10-19,18:24:57,"""CNR2835455""",Completed,"""CID5855006""",Premium,Berakas,Bangar,3.2,17.1,,,,1.23,4.5,3.7,Cash,6.32,Brunei-Muara,Brunei-Muara,Shahrul Nizam,1.17,5.2,July,2024,Thursday,1.0,4.2,OFF-200018,7/4/2024 18:24,accepted,7/4/2024 18:24,SESS-93507,7/4/2024 14:24,7/4/2024 20:24,7/4/2024 18:24,2025-10-19 10:23:00,2025-10-19 10:28:00,2025-10-19 10:32:00,2025-10-19 11:03:00,,4.86728,114.89368,4.93924,114.92949,3.5,8.09,1.37,18.44,FQ-5925,INV-540658,BND,VEH-252,Yes,Temburong,5,High Demand Zone,4,12/29/2023,Pass
2025-10-04,17:45:00,"""CNR7766262""",Cancelled,"""CID7685210""",SUV,Tutong Beach,Sengkurong,2.4,11.6,,,,24.21,3.5,3.6,Online Banking,13.77,Brunei-Muara,Brunei-Muara,Awangku Mohd,2.98,8.72,February,2024,Wednesday,0.0,11.2,OFF-200019,2/7/2024 17:44,accepted,2/7/2024 17:44,SESS-35925,2/7/2024 13:45,2/7/2024 18:45,2/7/2024 17:45,2025-10-04 15:36:00,2025-10-04 15:39:00,2025-10-04 15:48:00,2025-10-04 15:55:00,,4.9711,114.97687,4.92651,114.88183,3.5,18.82,0.93,25.75,FQ-7137,INV-818580,BND,VEH-727,Yes,Tutong,12,Normal,13,8/14/2023,Pass
2025-10-10,20:04:40,"""CNR3050672""",Completed,"""CID7072566""",Sedan,Serusop,Muara,13.7,44.0,,,,23.58,4.1,4.0,Cash,6.41,Belait,Brunei-Muara,Mustafa Kamal,1.47,4.17,April,2024,Saturday,1.0,9.2,OFF-200112,4/6/2024 20:04,accepted,4/6/2024 20:04,SESS-19846,4/6/2024 15:04,4/6/2024 22:04,4/6/2024 20:04,2025-10-10 08:26:00,2025-10-10 08:30:00,2025-10-10 08:36:00,2025-10-10 09:08:00,4/6/2024 20:11,4.52321,114.23055,4.88918,114.91799,3.5,3.92,3.52,18.91,FQ-5816,INV-979031,BND,VEH-726,Yes,Brunei-Muara,9,High Demand Zone,3,5/20/2023,Pass
2025-11-12,10:56:12,"""CNR2608448""",Completed,"""CID5169769""",Sedan,Mentiri,Lumut,6.1,40.5,,,,8.57,4.0,3.9,Dart Wallet,33.22,Brunei-Muara,Tutong,Abdul Rahman,4.81,22.93,February,2024,Thursday,1.0,9.0,OFF-200139,2/8/2024 10:55,accepted,2/8/2024 10:55,SESS-85776,2/8/2024 7:56,2/8/2024 12:56,2/8/2024 10:56,2025-11-12 16:35:00,2025-11-12 16:37:00,2025-11-12 16:45:00,2025-11-12 17:28:00,,4.91423,114.9531,4.68149,114.62119,3.5,9.56,3.24,14.8,FQ-7105,INV-933646,BND,VEH-428,Yes,Tutong,9,Normal,7,4/8/2023,Pass
2025-11-13,11:25:18,"""CNR8311141""",Completed,"""CID4377550""",Premium,Kiulap,Berakas,3.9,21.9,,,,20.45,4.2,3.8,Card,8.04,Brunei-Muara,Brunei-Muara,Nabilah Hassan,1.84,5.1,July,2024,Saturday,0.0,8.5,OFF-200046,7/6/2024 11:24,rejected,7/6/2024 11:24,SESS-68128,7/6/2024 6:25,7/6/2024 13:25,7/6/2024 11:25,2025-11-13 06:55:00,2025-11-13 07:00:00,2025-11-13 07:05:00,2025-11-13 07:14:00,7/6/2024 11:29,4.85366,114.90238,4.87389,114.88302,3.5,3.92,1.75,10.46,FQ-8617,INV-775885,BND,VEH-713,Yes,Tutong,14,High Demand Zone,9,7/30/2023,Pass
2025-11-06,16:24:48,"""CNR5785058""",Cancelled by Driver,"""CID7525538""",Compact,Muara,Jangsak,11.6,35.9,1.0,,,23.95,4.8,4.6,Dart Wallet,4.05,Brunei-Muara,Brunei-Muara,Aiman Hakim,0.8,3.43,October,2024,Friday,0.0,5.5,OFF-200000,10/25/2024 16:24,accepted,10/25/2024 16:24,SESS-93521,10/25/2024 13:24,10/25/2024 18:24,10/25/2024 16:24,2025-11-06 08:22:00,2025-11-06 08:23:00,2025-11-06 08:26:00,2025-11-06 08:44:00,10/25/2024 16:30,4.87265,114.86109,4.91072,114.91494,3.5,3.92,2.87,12.86,FQ-5728,INV-132772,BND,VEH-146,Yes,Tutong,8,High Demand Zone,6,1/1/2024,Pass
2025-11-19,16:37:19,"""CNR7492796""",Cancelled,"""CID7866026""",Premium,Lumut,Jangsak,2.3,31.7,,,,2.09,4.3,3.7,Cash,9.03,Belait,Brunei-Muara,,1.33,5.89,March,2024,Wednesday,,6.0,OFF-200089,3/13/2024 16:36,accepted,3/13/2024 16:36,SESS-16338,3/13/2024 13:37,3/13/2024 18:37,3/13/2024 16:37,2025-11-19 08:20:00,2025-11-19 08:22:00,2025-11-19 08:24:00,2025-11-19 09:06:00,,4.6872,114.36158,4.8765,114.87703,3.5,3.92,2.54,14.94,FQ-6417,INV-489304,BND,VEH-510,Yes,Brunei-Muara,12,High Demand Zone,13,7/31/2023,Pass
2025-11-26,13:52:53,"""CNR6076037""",Cancelled,"""CID7062179""",Premium,Mata-Mata,Rimba,11.4,12.8,1.0,,,22.86,5.0,3.7,Card,26.35,Belait,Tutong,Ibrahim Daud,3.42,20.81,January,2024,Monday,0.0,4.0,OFF-200141,1/15/2024 13:51,accepted,1/15/2024 13:52,SESS-97398,1/15/2024 9:52,1/15/2024 16:52,1/15/2024 13:52,2025-11-26 10:54:00,2025-11-26 10:59:00,2025-11-26 11:03:00,2025-11-26 11:18:00,1/15/2024 13:55,4.66258,114.38961,4.84392,114.7965,3.5,3.92,1.02,15.55,FQ-8235,INV-478504,BND,VEH-819,Yes,Tutong,8,High Demand Zone,2,2/22/2023,Pass
2025-11-20,12:59:18,"""CNR4413354""",Completed,"""CID9033252""",SUV,Rimba,Jerudong,6.0,21.8,,,,6.72,3.7,4.6,Card,3.7,Brunei-Muara,Belait,Nabilah Hassan,0.61,2.6,September,2024,Friday,0.0,4.3,OFF-200063,9/27/2024 12:58,accepted,9/27/2024 12:58,SESS-68128,9/27/2024 8:59,9/27/2024 14:59,9/27/2024 12:59,2025-11-20 06:56:00,2025-11-20 06:58:00,2025-11-20 07:00:00,2025-11-20 07:13:00,,4.92793,114.93082,4.69372,114.3898,3.5,16.45,1.74,21.19,FQ-7132,INV-155972,BND,VEH-713,Yes,Tutong,7,Normal,7,2/1/2024,Pass
2025-11-29,21:26:16,"""CNR9924856""",Completed,"""CID5443075""",Compact,Mata-Mata,Serusop,9.0,23.4,,,,2.64,4.9,3.6,Online Banking,31.76,Belait,Belait,Mohd Hafiz,4.94,21.26,January,2024,Monday,0.0,4.3,OFF-200037,1/15/2024 21:25,accepted,1/15/2024 21:25,SESS-37455,1/15/2024 17:26,1/15/2024 23:26,1/15/2024 21:26,2025-11-29 13:42:00,2025-11-29 13:43:00,2025-11-29 13:50:00,2025-11-29 14:24:00,,4.5176,114.18781,4.60447,114.17037,3.5,2.81,1.87,6.68,FQ-6944,INV-424842,BND,VEH-678,Yes,Temburong,13,Normal,4,11/27/2023,Pass
2025-11-06,14:08:13,"""CNR8483311""",Completed,"""CID5335612""",Sedan,Lambak,Muara,14.7,36.8,1.0,,,16.67,4.7,4.7,Card,4.49,Brunei-Muara,Brunei-Muara,Khairul Anuar,1.09,3.21,March,2024,Thursday,0.0,8.3,OFF-200036,3/7/2024 14:07,accepted,3/7/2024 14:08,SESS-78148,3/7/2024 12:08,3/7/2024 16:08,3/7/2024 14:08,2025-11-06 07:34:00,2025-11-06 07:37:00,2025-11-06 07:47:00,2025-11-06 08:29:00,3/7/2024 14:16,4.87607,114.91628,4.89107,114.95041,3.5,3.92,2.94,16.54,FQ-8173,INV-250204,BND,VEH-476,Yes,Temburong,12,High Demand Zone,13,10/17/2023,Pass
2025-11-26,19:14:34,"""CNR2674741""",Cancelled,"""CID7007482""",Premium,Kuala Belait,Kiulap,6.8,31.6,,,,8.51,3.7,4.7,Cash,32.32,Tutong,Brunei-Muara,,5.47,26.53,August,2024,Monday,,5.1,OFF-200125,8/5/2024 19:13,rejected,8/5/2024 19:13,SESS-16338,8/5/2024 15:14,8/5/2024 22:14,8/5/2024 19:14,2025-11-25 23:59:00,2025-11-26 00:01:00,2025-11-26 00:05:00,2025-11-26 00:39:00,,4.71669,114.70873,4.88169,114.90428,3.5,3.92,2.53,17.42,FQ-5760,INV-534541,BND,VEH-510,Yes,Belait,9,High Demand Zone,4,8/20/2023,Pass
2025-11-30,0:13:50,"""CNR6177422""",Completed,"""CID3215044""",SUV,Mata-Mata,Jerudong,8.0,31.6,,,,16.71,4.5,3.7,Online Banking,14.51,Tutong,Brunei-Muara,Mohd Hafiz,3.45,10.65,November,2024,Friday,1.0,8.7,OFF-200138,11/22/2024 0:13,rejected,11/22/2024 0:13,SESS-37455,11/21/2024 20:13,11/22/2024 3:13,11/22/2024 0:13,2025-11-30 15:29:00,2025-11-30 15:32:00,2025-11-30 15:41:00,2025-11-30 16:26:00,,4.84087,114.7318,4.89173,114.942,3.5,22.4,2.53,38.04,FQ-8005,INV-476323,BND,VEH-678,Yes,Tutong,4,High Demand Zone,10,3/9/2023,Pass
2025-11-21,16:58:40,"""CNR3034053""",Cancelled,"""CID7011064""",Premium,Mentiri,Kiulap,5.4,17.4,,,,27.53,3.9,3.9,Dart Wallet,25.8,Brunei-Muara,Brunei-Muara,Ahmad Zaki,3.15,20.15,May,2024,Tuesday,1.0,12.0,OFF-200099,5/21/2024 16:58,accepted,5/21/2024 16:58,SESS-75925,5/21/2024 12:58,5/21/2024 18:58,5/21/2024 16:58,2025-11-21 04:16:00,2025-11-21 04:18:00,2025-11-21 04:21:00,2025-11-21 04:58:00,,4.95755,114.97649,4.93414,114.8688,3.5,2.52,1.39,12.41,FQ-7603,INV-358639,BND,VEH-696,Yes,Belait,13,Normal,14,2/4/2024,Pass
2025-11-07,18:11:43,"""CNR8512722""",Cancelled by Driver,"""CID2465285""",Sedan,Bandar Seri Begawan,Bandar Seri Begawan,7.6,27.9,,,,2.22,4.7,4.3,Cash,33.91,Belait,Belait,Azizul Hasni,8.39,26.25,May,2024,Sunday,1.0,4.4,OFF-200076,5/5/2024 18:10,rejected,5/5/2024 18:10,SESS-32577,5/5/2024 14:11,5/5/2024 21:11,5/5/2024 18:11,2025-11-07 14:31:00,2025-11-07 14:32:00,2025-11-07 14:36:00,2025-11-07 14:45:00,,4.60775,114.13642,4.58249,114.34187,3.5,22.37,2.23,44.15,FQ-6170,INV-879407,BND,VEH-480,Yes,Belait,5,High Demand Zone,11,6/7/2023,Pass
2025-11-24,15:35:47,"""CNR1351335""",Completed,"""CID9426219""",SUV,Kuala Belait,Kiulap,13.0,15.6,,,,18.96,4.6,4.4,Card,21.81,Belait,Brunei-Muara,Aiman Hakim,3.34,14.46,December,2024,Saturday,0.0,5.7,OFF-200002,12/7/2024 15:34,accepted,12/7/2024 15:34,SESS-93521,12/7/2024 12:35,12/7/2024 18:35,12/7/2024 15:35,2025-11-24 18:53:00,2025-11-24 18:54:00,2025-11-24 19:03:00,2025-11-24 19:12:00,,4.55591,114.29617,4.86575,114.85667,3.5,4.31,1.25,18.59,FQ-6466,INV-289151,BND,VEH-146,Yes,Temburong,6,High Demand Zone,7,7/9/2023,Pass
2025-11-29,20:28:37,"""CNR5239998""",Completed,"""CID1535942""",Premium,Lumut,Rimba,8.7,30.6,,,,1.62,3.8,3.7,Card,8.82,Belait,Brunei-Muara,Ahmad Zaki,1.08,7.18,April,2024,Wednesday,1.0,7.2,OFF-200160,4/24/2024 20:27,rejected,4/24/2024 20:27,SESS-75925,4/24/2024 15:28,4/24/2024 21:28,4/24/2024 20:28,2025-11-29 03:25:00,2025-11-29 03:27:00,2025-11-29 03:31:00,2025-11-29 03:42:00,,4.51696,114.13943,4.8616,114.86799,3.5,16.78,2.45,23.73,FQ-6399,INV-765728,BND,VEH-696,Yes,Belait,8,Normal,13,7/17/2023,Pass
2025-11-22,7:20:29,"""CNR4672986""",Completed,"""CID8960852""",SUV,Gadong,Bangar,13.7,10.3,,,,26.44,4.2,4.8,Card,12.67,Belait,Brunei-Muara,Ibrahim Daud,1.85,10.24,July,2024,Wednesday,1.0,7.1,OFF-200133,7/31/2024 7:19,accepted,7/31/2024 7:19,SESS-97398,7/31/2024 4:20,7/31/2024 10:20,7/31/2024 7:20,2025-11-22 10:33:00,2025-11-22 10:35:00,2025-11-22 10:43:00,2025-11-22 11:04:00,7/31/2024 7:29,4.58686,114.31698,4.88236,114.96428,3.5,3.92,0.82,8.24,FQ-7037,INV-974938,BND,VEH-819,Yes,Belait,7,Normal,14,3/7/2023,Pass
2025-11-20,20:31:41,"""CNR6760475""",Cancelled by Driver,"""CID2785792""",Sedan,Gadong,Lambak,11.8,39.2,,,,20.85,4.7,4.0,Online Banking,27.51,Belait,Tutong,,5.91,17.0,December,2024,Friday,,5.8,OFF-200177,12/27/2024 20:30,rejected,12/27/2024 20:31,SESS-16338,12/27/2024 18:31,12/27/2024 22:31,12/27/2024 20:31,2025-11-20 18:54:00,2025-11-20 18:57:00,2025-11-20 18:59:00,2025-11-20 19:25:00,,4.64322,114.34329,4.70581,114.68612,3.5,3.92,3.14,15.56,FQ-9122,INV-765025,BND,VEH-510,Yes,Temburong,13,Normal,8,9/12/2023,Pass
2025-11-15,13:43:58,"""CNR2717765""",Completed,"""CID6981040""",Premium,Berakas,Lambak,11.7,11.0,,,,27.72,4.0,3.7,Dart Wallet,8.92,Belait,Belait,Mustafa Kamal,1.96,6.41,September,2024,Thursday,0.0,7.4,OFF-200009,9/12/2024 13:43,accepted,9/12/2024 13:43,SESS-19846,9/12/2024 8:43,9/12/2024 16:43,9/12/2024 13:43,2025-11-15 15:08:00,2025-11-15 15:12:00,2025-11-15 15:16:00,2025-11-15 16:00:00,,4.53623,114.32737,4.67409,114.37873,3.5,17.33,0.88,21.71,FQ-9941,INV-153422,BND,VEH-726,Yes,Temburong,6,Normal,12,9/1/2023,Pass
2025-11-05,9:55:48,"""CNR4076785""",Cancelled by Driver,"""CID4419792""",Sedan,Serusop,Serusop,11.7,29.7,,,,9.29,4.7,4.9,Online Banking,7.83,Brunei-Muara,Belait,Ahmad Zaki,1.87,4.84,December,2024,Tuesday,1.0,7.7,OFF-200004,12/3/2024 9:55,accepted,12/3/2024 9:55,SESS-75925,12/3/2024 4:55,12/3/2024 11:55,12/3/2024 9:55,2025-11-05 00:15:00,2025-11-05 00:18:00,2025-11-05 00:26:00,2025-11-05 00:36:00,,4.89715,114.85574,4.588,114.39263,3.5,5.43,2.38,10.81,FQ-9216,INV-903863,BND,VEH-696,Yes,Brunei-Muara,5,Normal,6,1/15/2024,Pass
2025-11-07,11:19:06,"""CNR3609994""",Completed,"""CID2703039""",SUV,Muara,Mata-Mata,11.0,40.1,,,,19.05,4.1,3.8,Dart Wallet,8.52,Brunei-Muara,Belait,,1.83,5.74,February,2024,Thursday,,8.5,OFF-200150,2/22/2024 11:18,rejected,2/22/2024 11:18,SESS-16338,2/22/2024 9:19,2/22/2024 12:19,2/22/2024 11:19,2025-11-07 00:59:00,2025-11-07 01:02:00,2025-11-07 01:09:00,2025-11-07 01:51:00,,4.9529,114.92257,4.60565,114.22755,3.5,3.92,3.21,15.94,FQ-6583,INV-561935,BND,VEH-510,Yes,Temburong,9,High Demand Zone,12,7/18/2023,Pass
2025-11-03,14:54:46,"""CNR4762531""",Completed,"""CID9791511""",SUV,Jerudong,Berakas,5.5,38.2,,,,17.64,3.6,4.8,Cash,4.4,Brunei-Muara,Brunei-Muara,Ibrahim Daud,0.59,3.58,May,2024,Sunday,1.0,6.4,OFF-200137,5/12/2024 14:54,accepted,5/12/2024 14:54,SESS-97398,5/12/2024 11:54,5/12/2024 15:54,5/12/2024 14:54,2025-11-03 10:31:00,2025-11-03 10:32:00,2025-11-03 10:42:00,2025-11-03 11:03:00,,4.88485,114.97826,4.85334,114.94048,3.5,9.57,3.06,22.16,FQ-7858,INV-169076,BND,VEH-819,Yes,Tutong,13,High Demand Zone,3,2/24/2023,Pass
2025-11-21,14:16:33,"""CNR9623602""",Cancelled by Driver,"""CID9192664""",Sedan,Sengkurong,Kuala Belait,4.7,23.2,,,,16.76,3.5,3.9,Online Banking,30.83,Brunei-Muara,Belait,Awangku Mohd,7.67,22.63,March,2024,Monday,1.0,8.0,OFF-200171,3/11/2024 14:15,accepted,3/11/2024 14:16,SESS-35925,3/11/2024 12:16,3/11/2024 15:16,3/11/2024 14:16,2025-11-21 02:06:00,2025-11-21 02:08:00,2025-11-21 02:11:00,2025-11-21 02:25:00,,4.94485,114.85971,4.54751,114.1511,3.5,5.83,1.86,21.78,FQ-5630,INV-210043,BND,VEH-727,Yes,Brunei-Muara,10,High Demand Zone,10,7/26/2023,Pass
2025-11-25,13:43:11,"""CNR9249380""",Completed,"""CID5685213""",Premium,Rimba,Kuala Belait,7.0,31.9,,,,6.15,4.5,4.2,Card,28.43,Belait,Brunei-Muara,Nurul Izzah,6.75,23.65,September,2024,Thursday,1.0,11.1,OFF-200129,9/12/2024 13:42,accepted,9/12/2024 13:42,SESS-35224,9/12/2024 11:43,9/12/2024 16:43,9/12/2024 13:43,2025-11-25 17:57:00,2025-11-25 18:00:00,2025-11-25 18:07:00,2025-11-25 18:45:00,,4.60794,114.25377,4.90001,114.92623,3.5,13.05,2.55,29.65,FQ-5272,INV-376808,BND,VEH-204,Yes,Brunei-Muara,13,High Demand Zone,1,7/10/2023,Pass
2025-11-16,16:14:46,"""CNR8215682""",Completed,"""CID4968980""",Compact,Rimba,Kuala Belait,14.6,11.8,,,,7.31,4.9,3.7,Online Banking,26.18,Brunei-Muara,Tutong,Awangku Mohd,3.06,20.02,February,2024,Saturday,0.0,6.9,OFF-200012,2/10/2024 16:14,rejected,2/10/2024 16:14,SESS-35925,2/10/2024 11:14,2/10/2024 17:14,2/10/2024 16:14,2025-11-16 07:40:00,2025-11-16 07:43:00,2025-11-16 07:53:00,2025-11-16 08:18:00,,4.93645,114.91644,4.81403,114.7482,3.5,10.1,0.94,14.54,FQ-9491,INV-310926,BND,VEH-727,Yes,Temburong,12,Normal,11,2/3/2023,Pass
2025-11-26,5:07:15,"""CNR2934263""",Completed,"""CID3123182""",Sedan,Kuala Belait,Bandar Seri Begawan,9.5,22.1,,,,24.08,4.9,4.9,Online Banking,20.02,Belait,Brunei-Muara,Khairul Anuar,4.2,12.58,March,2024,Monday,0.0,11.4,OFF-200167,3/25/2024 5:06,accepted,3/25/2024 5:06,SESS-78148,3/25/2024 2:07,3/25/2024 7:07,3/25/2024 5:07,2025-11-26 04:04:00,2025-11-26 04:06:00,2025-11-26 04:11:00,2025-11-26 04:20:00,,4.62353,114.31096,4.95954,114.93956,3.5,13.26,1.77,23.53,FQ-8646,INV-555702,BND,VEH-476,Yes,Brunei-Muara,14,Normal,2,6/14/2023,Pass
2025-11-19,13:43:11,"""CNR9249380""",Completed,"""CID5685213""",Premium,Serusop,Mata-Mata,7.0,31.9,,,,16.94,3.5,4.1,Cash,6.55,Belait,Brunei-Muara,Nurul Izzah,1.51,4.02,September,2024,Thursday,1.0,11.1,OFF-200129,9/12/2024 13:42,accepted,9/12/2024 13:42,SESS-35224,9/12/2024 11:43,9/12/2024 16:43,9/12/2024 13:43,2025-11-19 22:48:00,2025-11-19 22:52:00,2025-11-19 22:55:00,2025-11-19 23:07:00,,4.60794,114.25377,4.90001,114.92623,3.5,13.05,2.55,29.65,FQ-5272,INV-376808,BND,VEH-204,Yes,Temburong,13,High Demand Zone,1,7/10/2023,Pass
2025-11-23,14:59:17,"""CNR6784305""",Cancelled by Driver,"""CID9250370""",Premium,Berakas,Lambak,11.5,36.6,,,,3.79,3.9,4.7,Card,9.03,Brunei-Muara,Brunei-Muara,Sufian bin Haji Ali,0.97,6.14,July,2024,Saturday,0.0,11.8,OFF-200083,7/6/2024 14:58,rejected,7/6/2024 14:58,SESS-22883,7/6/2024 9:59,7/6/2024 16:59,7/6/2024 14:59,2025-11-23 23:07:00,2025-11-23 23:08:00,2025-11-23 23:10:00,2025-11-23 23:15:00,,4.894,114.93164,4.95329,114.94433,3.5,7.14,2.93,20.36,FQ-9351,INV-505010,BND,VEH-473,Yes,Tutong,13,High Demand Zone,1,1/12/2024,Pass
2025-11-29,15:00:48,"""CNR5307735""",Cancelled by Driver,"""CID5073889""",Compact,Bangar,Lambak,8.5,34.8,,,,12.55,4.2,4.2,Card,4.91,Belait,Belait,Faisal Hakimi,0.61,3.8,August,2024,Saturday,1.0,11.7,OFF-200064,8/24/2024 15:00,accepted,8/24/2024 15:00,SESS-85181,8/24/2024 12:00,8/24/2024 17:00,8/24/2024 15:00,2025-11-29 16:46:00,2025-11-29 16:47:00,2025-11-29 16:57:00,2025-11-29 17:17:00,,4.66511,114.13113,4.58069,114.2856,3.5,4.2,2.78,11.48,FQ-8743,INV-246818,BND,VEH-126,Yes,Tutong,7,Normal,5,8/20/2023,Pass
2025-11-08,22:31:08,"""CNR9701090""",Completed,"""CID5501061""",Compact,Berakas,Berakas,3.8,12.1,,,,26.61,4.7,4.6,Dart Wallet,23.32,Brunei-Muara,Brunei-Muara,Shahrul Nizam,5.53,19.61,April,2024,Wednesday,0.0,8.5,OFF-200062,4/24/2024 22:30,accepted,4/24/2024 22:30,SESS-93507,4/24/2024 20:31,4/25/2024 1:31,4/24/2024 22:31,2025-11-08 07:01:00,2025-11-08 07:06:00,2025-11-08 07:11:00,2025-11-08 07:51:00,4/24/2024 22:35,4.96124,114.90419,4.95828,114.92584,3.5,3.92,0.97,13.39,FQ-8734,INV-511415,BND,VEH-252,Yes,Temburong,7,Normal,14,4/7/2023,Pass
2025-11-06,10:01:49,"""CNR5994386""",Completed,"""CID5100180""",Sedan,Jerudong,Gadong,9.6,17.4,,,,7.54,4.3,4.3,Card,9.44,Brunei-Muara,Brunei-Muara,Hamid Rashid,1.08,7.1,June,2024,Wednesday,0.0,6.7,OFF-200100,6/12/2024 10:01,accepted,6/12/2024 10:01,SESS-39154,6/12/2024 6:01,6/12/2024 11:01,6/12/2024 10:01,2025-11-06 12:20:00,2025-11-06 12:24:00,2025-11-06 12:29:00,2025-11-06 12:40:00,,4.85784,114.86004,4.91782,114.92255,3.5,6.97,1.39,10.86,FQ-9392,INV-788877,BND,VEH-750,Yes,Tutong,10,Normal,2,1/1/2024,Pass
2025-11-08,14:39:10,"""CNR6124395""",Cancelled,"""CID6298841""",Premium,Tutong Beach,Lumut,3.0,16.6,,,,3.75,4.7,4.6,Cash,18.78,Brunei-Muara,Brunei-Muara,Ridhwan Bakar,4.01,11.47,October,2024,Wednesday,1.0,9.7,OFF-200072,10/30/2024 14:38,rejected,10/30/2024 14:38,SESS-20959,10/30/2024 9:39,10/30/2024 17:39,10/30/2024 14:39,2025-11-08 11:43:00,2025-11-08 11:48:00,2025-11-08 11:57:00,2025-11-08 12:13:00,,4.91928,114.85849,4.95747,114.93246,3.5,7.06,1.33,12.36,FQ-9605,INV-486889,BND,VEH-504,Yes,Brunei-Muara,9,High Demand Zone,3,3/18/2023,Pass
2025-11-06,14:44:07,"""CNR3009174""",Cancelled by Driver,"""CID4686557""",SUV,Muara,Bandar Seri Begawan,10.2,11.3,,,,4.39,4.4,4.0,Dart Wallet,33.61,Brunei-Muara,Belait,Syafiqah Yusof,6.86,27.88,January,2024,Saturday,0.0,9.9,OFF-200016,1/13/2024 14:43,rejected,1/13/2024 14:43,SESS-20137,1/13/2024 11:44,1/13/2024 17:44,1/13/2024 14:44,2025-11-06 00:29:00,2025-11-06 00:30:00,2025-11-06 00:40:00,2025-11-06 01:19:00,1/13/2024 14:48,4.9107,114.89467,4.57992,114.32022,3.5,3.92,0.9,10.4,FQ-5713,INV-816454,BND,VEH-214,Yes,Tutong,4,High Demand Zone,7,11/2/2023,Pass
2025-11-19,8:36:52,"""CNR2600511""",Cancelled,"""CID9938842""",Sedan,Lumut,Lambak,7.6,14.3,,,,28.65,4.8,3.8,Card,14.8,Belait,Belait,Ibrahim Daud,2.33,10.36,December,2024,Wednesday,0.0,9.1,OFF-200008,12/25/2024 8:36,rejected,12/25/2024 8:36,SESS-97398,12/25/2024 3:36,12/25/2024 10:36,12/25/2024 8:36,2025-11-19 17:28:00,2025-11-19 17:31:00,2025-11-19 17:41:00,2025-11-19 18:01:00,,4.51527,114.27945,4.60612,114.1339,3.5,6.22,1.14,18.29,FQ-9134,INV-912270,BND,VEH-819,Yes,Tutong,4,High Demand Zone,11,11/3/2023,Pass
2025-11-19,16:17:08,"""CNR3966448""",Completed,"""CID4889324""",Premium,Tutong Beach,Lambak,7.3,26.5,,,,19.22,3.7,3.9,Online Banking,24.48,Belait,Belait,Faisal Hakimi,4.08,14.74,February,2024,Friday,1.0,9.2,OFF-200142,2/23/2024 16:16,accepted,2/23/2024 16:16,SESS-85181,2/23/2024 11:17,2/23/2024 18:17,2/23/2024 16:17,2025-11-19 02:57:00,2025-11-19 02:59:00,2025-11-19 03:08:00,2025-11-19 03:33:00,,4.63084,114.22862,4.53255,114.18426,3.5,17.03,2.12,24.65,FQ-6771,INV-391024,BND,VEH-126,Yes,Tutong,9,Normal,11,11/30/2023,Pass
2025-11-28,10:05:53,"""CNR8467869""",Cancelled,"""CID3130096""",Premium,Mata-Mata,Mata-Mata,3.2,14.4,,,,17.31,4.5,4.0,Cash,18.5,Belait,Belait,,3.5,13.66,June,2024,Thursday,,6.2,OFF-200151,6/20/2024 10:05,rejected,6/20/2024 10:05,SESS-16338,6/20/2024 8:05,6/20/2024 12:05,6/20/2024 10:05,2025-11-28 18:51:00,2025-11-28 18:55:00,2025-11-28 19:01:00,2025-11-28 19:34:00,,4.58805,114.24636,4.67083,114.25141,3.5,3.92,1.15,13.57,FQ-8742,INV-105149,BND,VEH-510,Yes,Belait,5,Normal,8,7/25/2023,Pass
2025-11-09,21:26:16,"""CNR9924856""",Completed,"""CID5443075""",SUV,Bandar Seri Begawan,Tutong Beach,9.0,23.4,,,,9.38,4.1,4.0,Online Banking,17.79,Belait,Belait,Mohd Hafiz,4.3,12.71,January,2024,Monday,0.0,4.3,OFF-200037,1/15/2024 21:25,rejected,1/15/2024 21:25,SESS-37455,1/15/2024 17:26,1/15/2024 23:26,1/15/2024 21:26,2025-11-09 17:12:00,2025-11-09 17:16:00,2025-11-09 17:22:00,2025-11-09 18:06:00,,4.5176,114.18781,4.60447,114.17037,3.5,2.81,1.87,6.68,FQ-6944,INV-424842,BND,VEH-678,Yes,Tutong,13,Normal,4,11/27/2023,Pass
2025-11-19,18:57:42,"""CNR1401168""",Completed,"""CID2578107""",Premium,Bangar,Gadong,12.4,24.6,,,,5.83,4.0,4.8,Online Banking,28.35,Brunei-Muara,Brunei-Muara,Haji Ramli,6.26,21.55,May,2024,Saturday,1.0,7.2,OFF-200162,5/25/2024 18:57,accepted,5/25/2024 18:57,SESS-68895,5/25/2024 15:57,5/25/2024 19:57,5/25/2024 18:57,2025-11-19 17:44:00,2025-11-19 17:48:00,2025-11-19 17:51:00,2025-11-19 18:30:00,,4.90637,114.97589,4.91939,114.85413,3.5,9.32,1.97,18.79,FQ-5954,INV-736927,BND,VEH-355,Yes,Tutong,12,Normal,2,7/29/2023,Pass
2025-11-06,17:31:22,"""CNR4715373""",Completed,"""CID7822710""",Compact,Jangsak,Kiulap,10.7,27.9,,,,16.79,3.7,4.0,Dart Wallet,3.58,Brunei-Muara,Brunei-Muara,Aiman Hakim,0.81,2.39,September,2024,Wednesday,1.0,10.6,OFF-200093,9/25/2024 17:30,accepted,9/25/2024 17:30,SESS-93521,9/25/2024 15:31,9/25/2024 18:31,9/25/2024 17:31,2025-11-06 03:45:00,2025-11-06 03:49:00,2025-11-06 03:53:00,2025-11-06 04:00:00,,4.89293,114.96698,4.90829,114.89094,3.5,8.55,2.23,26.42,FQ-7920,INV-521352,BND,VEH-146,Yes,Belait,7,High Demand Zone,14,9/28/2023,Pass
2025-11-08,6:18:50,"""CNR3626259""",Cancelled by Driver,"""CID1114091""",Premium,Mentiri,Lumut,12.5,41.0,,,,25.78,4.8,4.1,Card,11.38,Brunei-Muara,Brunei-Muara,,2.08,9.66,August,2024,Wednesday,,8.4,OFF-200094,8/14/2024 6:18,rejected,8/14/2024 6:18,SESS-16338,8/14/2024 2:18,8/14/2024 9:18,8/14/2024 6:18,2025-11-08 00:23:00,2025-11-08 00:25:00,2025-11-08 00:35:00,2025-11-08 01:14:00,,4.86875,114.89987,4.95623,114.97711,3.5,3.92,3.28,12.7,FQ-9945,INV-209040,BND,VEH-510,Yes,Brunei-Muara,12,Normal,5,1/15/2023,Pass
2025-11-01,11:03:06,"""CNR1752210""",Cancelled,"""CID3897629""",Sedan,Gadong,Berakas,4.4,30.3,,,,26.77,4.9,3.8,Online Banking,6.26,Brunei-Muara,Belait,,0.96,4.97,February,2024,Thursday,,5.3,OFF-200048,2/8/2024 11:02,rejected,2/8/2024 11:02,SESS-16338,2/8/2024 8:03,2/8/2024 13:03,2/8/2024 11:03,2025-11-01 04:51:00,2025-11-01 04:52:00,2025-11-01 04:59:00,2025-11-01 05:32:00,,4.85678,114.96516,4.68926,114.35637,3.5,3.92,2.42,9.84,FQ-5275,INV-419149,BND,VEH-510,Yes,Brunei-Muara,11,Normal,12,5/28/2023,Pass
2025-11-12,11:54:21,"""CNR2312430""",Cancelled,"""CID9761509""",Premium,Jangsak,Bangar,10.0,39.5,,,,14.92,4.2,3.7,Dart Wallet,19.08,Brunei-Muara,Tutong,Shahrul Nizam,1.96,14.89,August,2024,Monday,0.0,8.1,OFF-200068,8/26/2024 11:53,accepted,8/26/2024 11:53,SESS-93507,8/26/2024 9:54,8/26/2024 12:54,8/26/2024 11:54,2025-11-12 12:05:00,2025-11-12 12:08:00,2025-11-12 12:18:00,2025-11-12 12:29:00,,4.93963,114.89716,4.80297,114.68201,3.5,7.54,3.16,16.2,FQ-6291,INV-968820,BND,VEH-252,Yes,Belait,11,Normal,8,11/13/2023,Pass
2025-11-14,22:34:44,"""CNR2832932""",Completed,"""CID2093358""",Sedan,Mata-Mata,Sengkurong,4.0,33.3,,,,9.79,3.6,4.4,Cash,32.41,Brunei-Muara,Belait,Shahrul Nizam,3.88,27.3,September,2024,Thursday,1.0,9.3,OFF-200061,9/19/2024 22:33,accepted,9/19/2024 22:33,SESS-93507,9/19/2024 17:34,9/20/2024 0:34,9/19/2024 22:34,2025-11-14 20:48:00,2025-11-14 20:49:00,2025-11-14 20:51:00,2025-11-14 20:58:00,,4.97195,114.87802,4.52003,114.28066,3.5,18.22,2.66,35.47,FQ-5020,INV-287413,BND,VEH-252,Yes,Belait,12,High Demand Zone,9,9/7/2023,Pass
2025-11-16,14:53:05,"""CNR9806462""",Cancelled,"""CID3361602""",Premium,Sengkurong,Lambak,14.3,42.5,,,,4.66,4.8,4.4,Cash,28.2,Brunei-Muara,Belait,Dayangku Siti,4.28,19.2,April,2024,Saturday,0.0,7.0,OFF-200187,4/6/2024 14:52,accepted,4/6/2024 14:52,SESS-38322,4/6/2024 12:53,4/6/2024 17:53,4/6/2024 14:53,2025-11-16 08:29:00,2025-11-16 08:34:00,2025-11-16 08:42:00,2025-11-16 09:08:00,4/6/2024 15:00,4.90633,114.94813,4.66645,114.22783,3.5,3.92,3.4,16.02,FQ-8440,INV-511256,BND,VEH-618,Yes,Temburong,4,High Demand Zone,6,9/25/2023,Pass
2025-11-05,20:31:41,"""CNR6760475""",Completed,"""CID2785792""",Premium,Jerudong,Gadong,11.8,39.2,,,,1.85,4.3,4.1,Card,17.07,Belait,Tutong,,2.94,12.37,December,2024,Friday,,5.8,OFF-200177,12/27/2024 20:30,accepted,12/27/2024 20:31,SESS-16338,12/27/2024 18:31,12/27/2024 22:31,12/27/2024 20:31,2025-11-05 10:53:00,2025-11-05 10:55:00,2025-11-05 10:59:00,2025-11-05 11:31:00,,4.64322,114.34329,4.70581,114.68612,3.5,3.92,3.14,15.56,FQ-9122,INV-765025,BND,VEH-510,Yes,Belait,13,Normal,8,9/12/2023,Pass
2025-11-22,4:52:04,"""CNR3628440""",Cancelled by Driver,"""CID7053690""",Sedan,Mentiri,Lambak,15.0,16.5,,,,15.18,4.0,4.0,Card,13.0,Belait,Brunei-Muara,Hamid Rashid,1.57,8.07,October,2024,Wednesday,1.0,8.1,OFF-200077,10/16/2024 4:51,accepted,10/16/2024 4:51,SESS-39154,10/16/2024 0:52,10/16/2024 6:52,10/16/2024 4:52,2025-11-22 10:13:00,2025-11-22 10:18:00,2025-11-22 10:23:00,2025-11-22 11:06:00,,4.5157,114.38092,4.9559,114.94024,3.5,17.31,1.32,35.7,FQ-8869,INV-625491,BND,VEH-750,Yes,Temburong,12,High Demand Zone,7,3/29/2023,Pass
2025-11-04,17:37:07,"""CNR6403761""",Completed,"""CID4335550""",SUV,Rimba,Serusop,4.6,32.9,1.0,,,23.59,4.1,4.2,Cash,10.58,Belait,Belait,Haji Ramli,2.6,6.73,May,2024,Thursday,0.0,9.3,OFF-200116,5/9/2024 17:36,rejected,5/9/2024 17:36,SESS-68895,5/9/2024 13:37,5/9/2024 18:37,5/9/2024 17:37,2025-11-04 05:41:00,2025-11-04 05:42:00,2025-11-04 05:44:00,2025-11-04 06:27:00,5/9/2024 17:43,4.56322,114.35532,4.52656,114.19165,3.5,3.92,2.63,12.05,FQ-5044,INV-648494,BND,VEH-355,Yes,Belait,6,Normal,11,5/25/2023,Pass
2025-11-09,15:20:46,"""CNR4215294""",Completed,"""CID4665477""",Premium,Bangar,Mentiri,4.8,13.5,,,,9.85,4.0,4.6,Online Banking,21.7,Belait,Brunei-Muara,Faisal Hakimi,3.3,16.72,January,2024,Wednesday,0.0,5.7,OFF-200119,1/10/2024 15:20,accepted,1/10/2024 15:20,SESS-85181,1/10/2024 11:20,1/10/2024 16:20,1/10/2024 15:20,2025-11-09 17:31:00,2025-11-09 17:36:00,2025-11-09 17:41:00,2025-11-09 18:20:00,,4.53101,114.19478,4.91683,114.93668,3.5,6.58,1.08,11.16,FQ-5787,INV-530245,BND,VEH-126,Yes,Tutong,7,Normal,6,5/5/2023,Pass
2025-11-13,22:24:03,"""CNR9205944""",Completed,"""CID2975665""",Sedan,Jangsak,Bandar Seri Begawan,10.1,35.5,,,,18.38,3.8,3.9,Online Banking,14.62,Belait,Brunei-Muara,,2.46,9.72,July,2024,Sunday,,7.6,OFF-200136,7/14/2024 22:23,accepted,7/14/2024 22:23,SESS-16338,7/14/2024 17:24,7/15/2024 1:24,7/14/2024 22:24,2025-11-13 03:20:00,2025-11-13 03:23:00,2025-11-13 03:32:00,2025-11-13 03:57:00,,4.65695,114.26303,4.96827,114.92521,3.5,3.92,2.84,10.26,FQ-7907,INV-658083,BND,VEH-510,Yes,Brunei-Muara,10,Normal,14,9/8/2023,Pass
2025-11-12,14:48:47,"""CNR8626386""",Completed,"""CID6488104""",Sedan,Tutong Beach,Kuala Belait,13.2,29.6,,,,21.37,4.8,3.9,Dart Wallet,21.58,Belait,Brunei-Muara,Azizul Hasni,3.65,18.24,October,2024,Sunday,1.0,10.5,OFF-200161,10/27/2024 14:48,accepted,10/27/2024 14:48,SESS-32577,10/27/2024 9:48,10/27/2024 17:48,10/27/2024 14:48,2025-11-12 20:06:00,2025-11-12 20:09:00,2025-11-12 20:13:00,2025-11-12 20:40:00,,4.67317,114.37449,4.94355,114.888,3.5,3.42,2.37,9.29,FQ-9476,INV-887065,BND,VEH-480,Yes,Temburong,9,Normal,7,10/2/2023,Pass
2025-11-20,12:06:32,"""CNR1755879""",Cancelled,"""CID1823373""",Sedan,Muara,Berakas,2.3,13.8,,,,2.99,4.4,4.3,Card,30.96,Brunei-Muara,Brunei-Muara,,6.93,20.13,July,2024,Sunday,,11.0,OFF-200075,7/21/2024 12:05,accepted,7/21/2024 12:06,SESS-16338,7/21/2024 10:06,7/21/2024 13:06,7/21/2024 12:06,2025-11-20 05:53:00,2025-11-20 05:57:00,2025-11-20 06:02:00,2025-11-20 06:28:00,,4.88843,114.92228,4.88137,114.91752,3.5,3.92,1.1,12.65,FQ-8727,INV-645832,BND,VEH-510,Yes,Brunei-Muara,11,High Demand Zone,8,8/10/2023,Pass
2025-11-06,20:46:16,"""CNR5874746""",Cancelled,"""CID9596834""",Premium,Bangar,Bandar Seri Begawan,8.5,33.8,,,,9.27,4.0,4.5,Card,9.28,Belait,Brunei-Muara,Faisal Hakimi,1.18,6.86,June,2024,Sunday,1.0,9.9,OFF-200034,6/23/2024 20:45,rejected,6/23/2024 20:45,SESS-85181,6/23/2024 15:46,6/23/2024 22:46,6/23/2024 20:46,2025-11-06 13:45:00,2025-11-06 13:49:00,2025-11-06 13:59:00,2025-11-06 14:06:00,6/23/2024 20:54,4.66917,114.28965,4.89813,114.86034,3.5,3.92,2.7,15.12,FQ-8476,INV-245076,BND,VEH-126,Yes,Belait,9,Normal,13,12/8/2023,Pass
2025-11-04,16:24:48,"""CNR5785058""",Completed,"""CID7525538""",Compact,Mentiri,Muara,11.6,35.9,1.0,,,20.88,3.6,4.1,Cash,14.4,Brunei-Muara,Brunei-Muara,Aiman Hakim,2.04,9.32,October,2024,Friday,0.0,5.5,OFF-200000,10/25/2024 16:24,accepted,10/25/2024 16:24,SESS-93521,10/25/2024 13:24,10/25/2024 18:24,10/25/2024 16:24,2025-11-04 14:33:00,2025-11-04 14:36:00,2025-11-04 14:44:00,2025-11-04 15:08:00,10/25/2024 16:30,4.87265,114.86109,4.91072,114.91494,3.5,3.92,2.87,12.86,FQ-5728,INV-132772,BND,VEH-146,Yes,Belait,8,High Demand Zone,6,1/1/2024,Pass
2025-11-16,6:55:24,"""CNR8363670""",Cancelled,"""CID6661007""",SUV,Bandar Seri Begawan,Kuala Belait,3.1,39.1,1.0,,,17.69,5.0,4.1,Card,21.81,Tutong,Belait,Ridhwan Bakar,4.24,17.93,June,2024,Sunday,0.0,5.5,OFF-200039,6/23/2024 6:55,accepted,6/23/2024 6:55,SESS-20959,6/23/2024 2:55,6/23/2024 9:55,6/23/2024 6:55,2025-11-16 14:38:00,2025-11-16 14:43:00,2025-11-16 14:47:00,2025-11-16 15:16:00,6/23/2024 7:04,4.83034,114.71564,4.67236,114.24922,3.5,3.92,3.13,12.55,FQ-6190,INV-501755,BND,VEH-504,Yes,Temburong,4,Normal,8,1/29/2023,Pass
2025-11-11,12:59:18,"""CNR4413354""",Completed,"""CID9033252""",Premium,Kiulap,Bangar,6.0,21.8,,,,7.78,4.6,3.7,Dart Wallet,20.0,Brunei-Muara,Belait,Nabilah Hassan,4.13,16.66,September,2024,Friday,0.0,4.3,OFF-200063,9/27/2024 12:58,accepted,9/27/2024 12:58,SESS-68128,9/27/2024 8:59,9/27/2024 14:59,9/27/2024 12:59,2025-11-11 01:36:00,2025-11-11 01:37:00,2025-11-11 01:39:00,2025-11-11 02:21:00,,4.92793,114.93082,4.69372,114.3898,3.5,16.45,1.74,21.19,FQ-7132,INV-155972,BND,VEH-713,Yes,Brunei-Muara,7,Normal,7,2/1/2024,Pass
2025-11-18,6:17:11,"""CNR2817835""",Cancelled by Driver,"""CID3004362""",Premium,Kuala Belait,Rimba,14.8,26.1,,,,13.7,4.8,4.7,Online Banking,21.65,Belait,Tutong,Mohd Hafiz,5.01,16.03,September,2024,Sunday,1.0,9.8,OFF-200149,9/8/2024 6:16,rejected,9/8/2024 6:16,SESS-37455,9/8/2024 2:17,9/8/2024 8:17,9/8/2024 6:17,2025-11-18 19:17:00,2025-11-18 19:20:00,2025-11-18 19:26:00,2025-11-18 20:04:00,,4.61877,114.19491,4.69642,114.67254,3.5,5.43,2.09,10.02,FQ-8071,INV-674994,BND,VEH-678,Yes,Belait,4,Normal,2,11/10/2023,Pass
2025-11-11,13:56:24,"""CNR5195905""",Completed,"""CID6060819""",Sedan,Tutong Beach,Jerudong,6.0,37.1,1.0,,,17.93,4.8,4.8,Card,17.12,Belait,Tutong,Nabilah Hassan,3.28,13.4,June,2024,Monday,0.0,9.6,OFF-200059,6/10/2024 13:55,accepted,6/10/2024 13:55,SESS-68128,6/10/2024 10:56,6/10/2024 14:56,6/10/2024 13:56,2025-11-11 20:33:00,2025-11-11 20:38:00,2025-11-11 20:45:00,2025-11-11 21:26:00,6/10/2024 14:02,4.67708,114.20374,4.71426,114.64436,3.5,3.92,2.97,14.39,FQ-5551,INV-725131,BND,VEH-713,Yes,Belait,12,Normal,14,10/24/2023,Pass
2025-11-27,12:59:18,"""CNR4413354""",Completed,"""CID9033252""",Compact,Jangsak,Bandar Seri Begawan,6.0,21.8,,,,8.62,4.9,3.9,Cash,32.31,Brunei-Muara,Belait,Nabilah Hassan,3.71,22.04,September,2024,Friday,0.0,4.3,OFF-200063,9/27/2024 12:58,accepted,9/27/2024 12:58,SESS-68128,9/27/2024 8:59,9/27/2024 14:59,9/27/2024 12:59,2025-11-27 02:41:00,2025-11-27 02:46:00,2025-11-27 02:52:00,2025-11-27 03:05:00,,4.92793,114.93082,4.69372,114.3898,3.5,16.45,1.74,21.19,FQ-7132,INV-155972,BND,VEH-713,Yes,Belait,7,Normal,7,2/1/2024,Pass
2025-11-14,11:35:20,"""CNR3950515""",Completed,"""CID9062603""",SUV,Bandar Seri Begawan,Lambak,8.2,14.2,1.0,,,25.62,5.0,3.9,Cash,27.06,Brunei-Muara,Belait,Abdul Rahman,3.04,17.01,December,2024,Thursday,1.0,8.1,OFF-200092,12/26/2024 11:34,accepted,12/26/2024 11:34,SESS-85776,12/26/2024 6:35,12/26/2024 12:35,12/26/2024 11:35,2025-11-14 15:34:00,2025-11-14 15:38:00,2025-11-14 15:48:00,2025-11-14 16:03:00,12/26/2024 11:44,4.90952,114.9285,4.53955,114.11603,3.5,3.92,1.14,15.7,FQ-9328,INV-348133,BND,VEH-428,Yes,Brunei-Muara,11,High Demand Zone,3,1/1/2023,Pass
2025-11-16,14:49:19,"""CNR1758100""",Cancelled,"""CID7007318""",Sedan,Gadong,Lambak,10.3,23.4,,,,5.29,3.8,4.4,Dart Wallet,14.85,Brunei-Muara,Brunei-Muara,Noraini Kassim,3.54,12.11,October,2024,Friday,0.0,6.9,OFF-200071,10/4/2024 14:48,accepted,10/4/2024 14:48,SESS-88755,10/4/2024 10:49,10/4/2024 16:49,10/4/2024 14:49,2025-11-16 16:53:00,2025-11-16 16:58:00,2025-11-16 17:05:00,2025-11-16 17:27:00,,4.85156,114.9388,4.97422,114.92309,3.5,3.7,1.87,13.6,FQ-6719,INV-204938,BND,VEH-967,Yes,Brunei-Muara,4,High Demand Zone,12,1/17/2024,Pass
2025-11-26,10:40:22,"""CNR1652765""",Completed,"""CID8558813""",Premium,Jangsak,Gadong,6.5,34.4,,1.0,Vehicle Breakdown,22.59,3.5,4.4,Card,3.64,Tutong,Belait,Zulhelmi Ishak,0.5,2.29,December,2024,Sunday,1.0,4.5,OFF-200010,12/1/2024 10:40,rejected,12/1/2024 10:40,SESS-38008,12/1/2024 7:40,12/1/2024 11:40,12/1/2024 10:40,2025-11-26 10:53:00,2025-11-26 10:58:00,2025-11-26 11:05:00,2025-11-26 11:50:00,,4.747,114.67638,4.5337,114.22291,3.5,2.13,2.75,15.47,FQ-6248,INV-952956,BND,VEH-353,Yes,Brunei-Muara,9,High Demand Zone,11,1/29/2024,Pass
2025-11-28,20:47:53,"""CNR3122045""",Cancelled,"""CID3241966""",Sedan,Mentiri,Sengkurong,10.5,33.1,,,,21.01,4.3,3.7,Card,21.37,Belait,Tutong,Zulhelmi Ishak,3.85,14.57,July,2024,Thursday,0.0,7.7,OFF-200104,7/11/2024 20:47,accepted,7/11/2024 20:47,SESS-38008,7/11/2024 17:47,7/11/2024 21:47,7/11/2024 20:47,2025-11-28 16:56:00,2025-11-28 16:59:00,2025-11-28 17:08:00,2025-11-28 17:49:00,,4.5563,114.25526,4.72672,114.73274,3.5,1.02,2.65,14.76,FQ-9811,INV-950112,BND,VEH-353,Yes,Belait,8,High Demand Zone,9,8/23/2023,Pass
2025-11-04,21:58:45,"""CNR9312414""",Completed,"""CID1962689""",SUV,Berakas,Jangsak,2.4,16.2,,,,24.06,3.7,4.6,Dart Wallet,32.85,Brunei-Muara,Brunei-Muara,Sufian bin Haji Ali,4.3,24.07,January,2024,Saturday,1.0,4.5,OFF-200013,1/13/2024 21:58,accepted,1/13/2024 21:58,SESS-22883,1/13/2024 16:58,1/13/2024 23:58,1/13/2024 21:58,2025-11-04 01:14:00,2025-11-04 01:16:00,2025-11-04 01:18:00,2025-11-04 01:43:00,,4.96477,114.89641,4.93448,114.90409,3.5,20.52,1.3,36.65,FQ-7660,INV-846445,BND,VEH-473,Yes,Tutong,6,High Demand Zone,13,9/4/2023,Pass
2025-11-15,13:56:24,"""CNR5195905""",Cancelled by Driver,"""CID6060819""",Premium,Muara,Berakas,6.0,37.1,1.0,,,19.17,4.8,5.0,Card,25.54,Belait,Tutong,Nabilah Hassan,6.29,18.8,June,2024,Monday,0.0,9.6,OFF-200059,6/10/2024 13:55,accepted,6/10/2024 13:55,SESS-68128,6/10/2024 10:56,6/10/2024 14:56,6/10/2024 13:56,2025-11-15 01:58:00,2025-11-15 02:03:00,2025-11-15 02:13:00,2025-11-15 02:40:00,6/10/2024 14:02,4.67708,114.20374,4.71426,114.64436,3.5,3.92,2.97,14.39,FQ-5551,INV-725131,BND,VEH-713,Yes,Temburong,12,Normal,14,10/24/2023,Pass
2025-11-14,17:26:43,"""CNR5058425""",Completed,"""CID8939404""",Compact,Bandar Seri Begawan,Mentiri,2.4,35.3,,,,11.35,3.9,4.1,Dart Wallet,21.18,Brunei-Muara,Belait,Ridhwan Bakar,2.49,16.89,July,2024,Saturday,0.0,4.9,OFF-200029,7/6/2024 17:26,rejected,7/6/2024 17:26,SESS-20959,7/6/2024 13:26,7/6/2024 18:26,7/6/2024 17:26,2025-11-14 02:13:00,2025-11-14 02:17:00,2025-11-14 02:23:00,2025-11-14 03:08:00,,4.96512,114.89779,4.62049,114.24781,3.5,3.67,2.82,17.48,FQ-8863,INV-156526,BND,VEH-504,Yes,Belait,9,High Demand Zone,4,1/1/2023,Pass
2025-11-22,20:46:16,"""CNR5874746""",Completed,"""CID9596834""",Compact,Lumut,Lambak,8.5,33.8,,,,19.85,3.8,3.9,Cash,34.9,Belait,Brunei-Muara,Faisal Hakimi,5.29,24.52,June,2024,Sunday,1.0,9.9,OFF-200034,6/23/2024 20:45,rejected,6/23/2024 20:45,SESS-85181,6/23/2024 15:46,6/23/2024 22:46,6/23/2024 20:46,2025-11-22 18:50:00,2025-11-22 18:52:00,2025-11-22 19:02:00,2025-11-22 19:15:00,6/23/2024 20:54,4.66917,114.28965,4.89813,114.86034,3.5,3.92,2.7,15.12,FQ-8476,INV-245076,BND,VEH-126,Yes,Temburong,9,Normal,13,12/8/2023,Pass
2025-11-03,14:00:27,"""CNR3467080""",Completed,"""CID3327954""",Sedan,Bandar Seri Begawan,Kiulap,4.5,33.4,,,,26.29,3.6,4.7,Dart Wallet,13.71,Brunei-Muara,Tutong,Nabilah Hassan,1.99,10.4,April,2024,Friday,1.0,9.4,OFF-200164,4/5/2024 13:59,accepted,4/5/2024 13:59,SESS-68128,4/5/2024 9:00,4/5/2024 16:00,4/5/2024 14:00,2025-11-03 12:44:00,2025-11-03 12:45:00,2025-11-03 12:51:00,2025-11-03 13:12:00,,4.89059,114.94448,4.74366,114.75213,3.5,8.89,2.67,15.06,FQ-9454,INV-776049,BND,VEH-713,Yes,Temburong,14,Normal,9,6/18/2023,Pass
2025-11-12,9:55:48,"""CNR4076785""",Completed,"""CID4419792""",SUV,Serusop,Lumut,11.7,29.7,,,,7.05,3.9,4.8,Cash,18.57,Brunei-Muara,Belait,Ahmad Zaki,4.24,11.77,December,2024,Tuesday,1.0,7.7,OFF-200004,12/3/2024 9:55,accepted,12/3/2024 9:55,SESS-75925,12/3/2024 4:55,12/3/2024 11:55,12/3/2024 9:55,2025-11-12 02:47:00,2025-11-12 02:52:00,2025-11-12 03:02:00,2025-11-12 03:19:00,,4.89715,114.85574,4.588,114.39263,3.5,5.43,2.38,10.81,FQ-9216,INV-903863,BND,VEH-696,Yes,Brunei-Muara,5,Normal,6,1/15/2024,Pass
2025-11-09,20:17:18,"""CNR6724544""",Cancelled by Driver,"""CID8999095""",Sedan,Mentiri,Berakas,3.4,43.5,,,,12.66,4.4,4.5,Dart Wallet,16.39,Brunei-Muara,Brunei-Muara,Khairul Anuar,3.75,12.68,January,2024,Friday,0.0,9.4,OFF-200082,1/5/2024 20:16,accepted,1/5/2024 20:16,SESS-78148,1/5/2024 16:17,1/5/2024 21:17,1/5/2024 20:17,2025-11-09 21:09:00,2025-11-09 21:14:00,2025-11-09 21:17:00,2025-11-09 21:51:00,1/5/2024 20:21,4.89792,114.88277,4.89921,114.883,3.5,3.92,3.48,13.4,FQ-7573,INV-473089,BND,VEH-476,Yes,Belait,14,Normal,13,4/7/2023,Pass
2025-11-23,11:06:44,"""CNR8442785""",Completed,"""CID7651154""",Premium,Tutong Beach,Jangsak,3.2,43.6,,,,7.88,4.2,4.6,Online Banking,30.38,Tutong,Brunei-Muara,Ahmad Zaki,4.54,24.54,September,2024,Wednesday,0.0,4.5,OFF-200122,9/4/2024 11:05,accepted,9/4/2024 11:06,SESS-75925,9/4/2024 8:06,9/4/2024 14:06,9/4/2024 11:06,2025-11-23 00:27:00,2025-11-23 00:32:00,2025-11-23 00:36:00,2025-11-23 00:52:00,,4.67843,114.76523,4.9107,114.96154,3.5,13.79,3.49,25.78,FQ-8406,INV-615153,BND,VEH-696,Yes,Tutong,6,Normal,13,6/11/2023,Pass
2025-11-28,4:52:04,"""CNR3628440""",Cancelled,"""CID7053690""",Sedan,Mata-Mata,Bangar,15.0,16.5,,,,23.2,4.3,3.8,Cash,27.82,Belait,Brunei-Muara,Hamid Rashid,4.06,16.94,October,2024,Wednesday,1.0,8.1,OFF-200077,10/16/2024 4:51,accepted,10/16/2024 4:51,SESS-39154,10/16/2024 0:52,10/16/2024 6:52,10/16/2024 4:52,2025-11-28 14:59:00,2025-11-28 15:01:00,2025-11-28 15:07:00,2025-11-28 15:41:00,,4.5157,114.38092,4.9559,114.94024,3.5,17.31,1.32,35.7,FQ-8869,INV-625491,BND,VEH-750,Yes,Brunei-Muara,12,High Demand Zone,7,3/29/2023,Pass
2025-11-17,17:46:33,"""CNR2831131""",Completed,"""CID1170263""",SUV,Jangsak,Sengkurong,12.4,34.3,1.0,,,14.77,3.5,3.8,Card,12.09,Tutong,Brunei-Muara,Aiman Hakim,1.66,7.3,May,2024,Sunday,0.0,10.5,OFF-200153,5/19/2024 17:46,rejected,5/19/2024 17:46,SESS-93521,5/19/2024 13:46,5/19/2024 18:46,5/19/2024 17:46,2025-11-17 02:22:00,2025-11-17 02:27:00,2025-11-17 02:32:00,2025-11-17 03:08:00,5/19/2024 17:51,4.66044,114.7135,4.89094,114.97557,3.5,3.92,2.74,15.2,FQ-9764,INV-621374,BND,VEH-146,Yes,Temburong,12,High Demand Zone,6,5/20/2023,Pass
2025-11-01,22:34:44,"""CNR2832932""",Completed,"""CID2093358""",SUV,Gadong,Lambak,4.0,33.3,,,,5.84,3.8,4.5,Dart Wallet,11.46,Brunei-Muara,Belait,Shahrul Nizam,1.6,6.99,September,2024,Thursday,1.0,9.3,OFF-200061,9/19/2024 22:33,accepted,9/19/2024 22:33,SESS-93507,9/19/2024 17:34,9/20/2024 0:34,9/19/2024 22:34,2025-11-01 19:49:00,2025-11-01 19:51:00,2025-11-01 19:58:00,2025-11-01 20:10:00,,4.97195,114.87802,4.52003,114.28066,3.5,18.22,2.66,35.47,FQ-5020,INV-287413,BND,VEH-252,Yes,Temburong,12,High Demand Zone,9,9/7/2023,Pass
2025-11-28,7:00:48,"""CNR4534216""",Completed,"""CID4657162""",Sedan,Jangsak,Serusop,8.8,26.9,,1.0,Customer Demand,21.51,3.6,4.6,Online Banking,3.63,Brunei-Muara,Brunei-Muara,Farhana Yusof,0.69,2.63,September,2024,Monday,1.0,5.2,OFF-200131,9/30/2024 7:00,accepted,9/30/2024 7:00,SESS-31967,9/30/2024 5:00,9/30/2024 8:00,9/30/2024 7:00,2025-11-28 07:52:00,2025-11-28 07:55:00,2025-11-28 07:57:00,2025-11-28 08:07:00,,4.95842,114.96845,4.97889,114.8587,3.5,1.35,2.15,8.75,FQ-5227,INV-291739,BND,VEH-674,Yes,Temburong,8,High Demand Zone,12,2/4/2023,Pass
2025-11-07,18:49:30,"""CNR6338955""",Completed,"""CID6611339""",Premium,Kiulap,Lumut,4.4,20.5,,,,16.78,4.2,4.6,Cash,27.02,Brunei-Muara,Brunei-Muara,Noraini Kassim,5.08,19.36,July,2024,Sunday,1.0,8.4,OFF-200088,7/28/2024 18:48,accepted,7/28/2024 18:48,SESS-88755,7/28/2024 16:49,7/28/2024 21:49,7/28/2024 18:49,2025-11-07 05:07:00,2025-11-07 05:12:00,2025-11-07 05:17:00,2025-11-07 05:45:00,,4.90686,114.91577,4.93584,114.94313,3.5,16.12,1.64,36.89,FQ-5557,INV-822221,BND,VEH-967,Yes,Brunei-Muara,8,High Demand Zone,12,8/3/2023,Pass
2025-11-24,18:22:20,"""CNR7385162""",Completed,"""CID4223292""",Sedan,Lambak,Sengkurong,12.9,29.0,,,,1.41,3.8,4.5,Dart Wallet,8.94,Belait,Brunei-Muara,,1.82,7.22,July,2024,Sunday,,5.2,OFF-200041,7/14/2024 18:21,accepted,7/14/2024 18:21,SESS-16338,7/14/2024 14:22,7/14/2024 21:22,7/14/2024 18:22,2025-11-24 12:06:00,2025-11-24 12:08:00,2025-11-24 12:16:00,2025-11-24 12:57:00,,4.57838,114.37354,4.96925,114.91966,3.5,3.92,2.32,10.74,FQ-6215,INV-299624,BND,VEH-510,Yes,Belait,4,Normal,4,9/17/2023,Pass
2025-11-04,18:49:30,"""CNR6338955""",Cancelled,"""CID6611339""",Compact,Kuala Belait,Rimba,4.4,20.5,,,,1.35,3.6,4.5,Cash,4.61,Brunei-Muara,Brunei-Muara,Noraini Kassim,0.77,3.4,July,2024,Sunday,1.0,8.4,OFF-200088,7/28/2024 18:48,accepted,7/28/2024 18:48,SESS-88755,7/28/2024 16:49,7/28/2024 21:49,7/28/2024 18:49,2025-11-04 03:31:00,2025-11-04 03:32:00,2025-11-04 03:34:00,2025-11-04 04:18:00,,4.90686,114.91577,4.93584,114.94313,3.5,16.12,1.64,36.89,FQ-5557,INV-822221,BND,VEH-967,Yes,Belait,8,High Demand Zone,12,8/3/2023,Pass
2025-11-30,14:20:44,"""CNR8878477""",Completed,"""CID5259729""",Compact,Muara,Rimba,4.3,10.7,1.0,,,28.79,4.4,4.2,Card,9.29,Belait,Belait,Shahrul Nizam,0.94,6.93,July,2024,Saturday,0.0,8.3,OFF-200145,7/20/2024 14:20,accepted,7/20/2024 14:20,SESS-93507,7/20/2024 12:20,7/20/2024 16:20,7/20/2024 14:20,2025-11-30 04:42:00,2025-11-30 04:47:00,2025-11-30 04:49:00,2025-11-30 04:56:00,7/20/2024 14:29,4.66899,114.2119,4.56758,114.15712,3.5,3.92,0.86,9.28,FQ-7781,INV-502556,BND,VEH-252,Yes,Tutong,12,Normal,7,12/7/2023,Pass
2025-11-01,6:55:24,"""CNR8363670""",Cancelled by Driver,"""CID6661007""",Compact,Gadong,Gadong,3.1,39.1,1.0,,,22.83,3.7,3.7,Card,5.86,Tutong,Belait,Ridhwan Bakar,0.98,3.57,June,2024,Sunday,0.0,5.5,OFF-200039,6/23/2024 6:55,rejected,6/23/2024 6:55,SESS-20959,6/23/2024 2:55,6/23/2024 9:55,6/23/2024 6:55,2025-11-01 00:59:00,2025-11-01 01:01:00,2025-11-01 01:06:00,2025-11-01 01:42:00,6/23/2024 7:04,4.83034,114.71564,4.67236,114.24922,3.5,3.92,3.13,12.55,FQ-6190,INV-501755,BND,VEH-504,Yes,Tutong,4,Normal,8,1/29/2023,Pass
2025-11-18,14:49:19,"""CNR1758100""",Completed,"""CID7007318""",SUV,Rimba,Lumut,10.3,23.4,,,,8.36,4.1,3.9,Card,28.74,Brunei-Muara,Brunei-Muara,Noraini Kassim,5.93,23.5,October,2024,Friday,0.0,6.9,OFF-200071,10/4/2024 14:48,accepted,10/4/2024 14:48,SESS-88755,10/4/2024 10:49,10/4/2024 16:49,10/4/2024 14:49,2025-11-18 12:22:00,2025-11-18 12:26:00,2025-11-18 12:36:00,2025-11-18 12:43:00,,4.85156,114.9388,4.97422,114.92309,3.5,3.7,1.87,13.6,FQ-6719,INV-204938,BND,VEH-967,Yes,Brunei-Muara,4,High Demand Zone,12,1/17/2024,Pass
2025-11-04,23:33:25,"""CNR6408706""",Completed,"""CID1966936""",Compact,Lumut,Gadong,13.9,28.7,,,,29.51,4.8,4.0,Online Banking,16.03,Belait,Tutong,Haji Ramli,2.15,10.2,January,2024,Sunday,1.0,4.3,OFF-200038,1/7/2024 23:32,accepted,1/7/2024 23:32,SESS-68895,1/7/2024 20:33,1/8/2024 0:33,1/7/2024 23:33,2025-11-04 14:58:00,2025-11-04 15:03:00,2025-11-04 15:07:00,2025-11-04 15:48:00,,4.52471,114.10833,4.71093,114.747,3.5,10.45,2.3,22.31,FQ-9577,INV-981907,BND,VEH-355,Yes,Brunei-Muara,6,High Demand Zone,3,4/15/2023,Pass
2025-11-30,16:02:47,"""CNR7028693""",Completed,"""CID5551104""",Premium,Gadong,Serusop,12.2,22.2,,,,5.12,4.4,4.6,Card,27.17,Brunei-Muara,Brunei-Muara,Ridhwan Bakar,6.53,21.28,September,2024,Monday,1.0,7.0,OFF-200103,9/9/2024 16:01,accepted,9/9/2024 16:01,SESS-20959,9/9/2024 13:02,9/9/2024 17:02,9/9/2024 16:02,2025-11-30 04:06:00,2025-11-30 04:07:00,2025-11-30 04:11:00,2025-11-30 04:39:00,,4.8998,114.92244,4.96698,114.9224,3.5,5.6,1.78,13.82,FQ-7728,INV-412885,BND,VEH-504,Yes,Temburong,8,High Demand Zone,10,7/23/2023,Pass
2025-11-10,21:58:45,"""CNR9312414""",Completed,"""CID1962689""",SUV,Gadong,Berakas,2.4,16.2,,,,27.77,4.7,4.2,Dart Wallet,6.02,Brunei-Muara,Brunei-Muara,Sufian bin Haji Ali,0.67,4.32,January,2024,Saturday,1.0,4.5,OFF-200013,1/13/2024 21:58,accepted,1/13/2024 21:58,SESS-22883,1/13/2024 16:58,1/13/2024 23:58,1/13/2024 21:58,2025-11-10 23:41:00,2025-11-10 23:43:00,2025-11-10 23:52:00,2025-11-11 00:25:00,,4.96477,114.89641,4.93448,114.90409,3.5,20.52,1.3,36.65,FQ-7660,INV-846445,BND,VEH-473,Yes,Temburong,6,High Demand Zone,13,9/4/2023,Pass
2025-11-24,9:11:33,"""CNR2416214""",Completed,"""CID1397558""",Sedan,Bangar,Sengkurong,11.7,23.1,,,,17.67,4.9,4.3,Dart Wallet,6.38,Brunei-Muara,Brunei-Muara,Siti Aminah,1.55,4.0,March,2024,Friday,0.0,5.8,OFF-200031,3/29/2024 9:10,accepted,3/29/2024 9:10,SESS-19622,3/29/2024 4:11,3/29/2024 10:11,3/29/2024 9:11,2025-11-24 16:52:00,2025-11-24 16:55:00,2025-11-24 17:01:00,2025-11-24 17:14:00,,4.92683,114.93766,4.88988,114.87956,3.5,8.46,1.85,20.72,FQ-6711,INV-209265,BND,VEH-614,Yes,Tutong,5,High Demand Zone,14,7/14/2023,Pass
2025-11-03,14:11:18,"""CNR7599370""",Cancelled by Driver,"""CID2185983""",Premium,Bangar,Mata-Mata,11.3,32.9,,,,27.34,4.1,3.8,Dart Wallet,28.32,Brunei-Muara,Brunei-Muara,Ibrahim Daud,4.62,20.63,May,2024,Friday,1.0,11.2,OFF-200178,5/17/2024 14:10,rejected,5/17/2024 14:10,SESS-97398,5/17/2024 10:11,5/17/2024 16:11,5/17/2024 14:11,2025-11-03 05:37:00,2025-11-03 05:41:00,2025-11-03 05:51:00,2025-11-03 06:23:00,5/17/2024 14:13,4.8752,114.94021,4.90569,114.86229,3.5,3.92,2.63,10.05,FQ-5244,INV-752074,BND,VEH-819,Yes,Tutong,10,Normal,6,2/12/2023,Pass
2025-11-02,15:06:49,"""CNR5715194""",Cancelled by Driver,"""CID6537872""",SUV,Tutong Town,Gadong,10.2,41.2,,,,4.18,3.7,4.8,Dart Wallet,34.26,Tutong,Belait,Farhana Yusof,4.92,20.83,September,2024,Wednesday,0.0,7.9,OFF-200124,9/25/2024 15:06,accepted,9/25/2024 15:06,SESS-31967,9/25/2024 10:06,9/25/2024 18:06,9/25/2024 15:06,2025-11-02 00:23:00,2025-11-02 00:26:00,2025-11-02 00:32:00,2025-11-02 01:10:00,,4.68763,114.72517,4.50899,114.39684,3.5,5.21,3.3,15.01,FQ-6423,INV-764834,BND,VEH-674,Yes,Temburong,11,High Demand Zone,11,11/9/2023,Pass
2025-11-14,21:24:21,"""CNR4588860""",Completed,"""CID6823367""",SUV,Rimba,Serusop,13.4,17.2,,,,15.79,3.7,3.6,Online Banking,20.29,Belait,Brunei-Muara,Zulhelmi Ishak,4.9,13.55,November,2024,Monday,0.0,7.3,OFF-200165,11/4/2024 21:23,accepted,11/4/2024 21:23,SESS-38008,11/4/2024 18:24,11/5/2024 0:24,11/4/2024 21:24,2025-11-14 08:49:00,2025-11-14 08:54:00,2025-11-14 09:02:00,2025-11-14 09:10:00,,4.52914,114.21041,4.8514,114.97435,3.5,5.56,1.38,14.05,FQ-9700,INV-394972,BND,VEH-353,Yes,Belait,12,High Demand Zone,6,9/9/2023,Pass
2025-11-08,18:33:20,"""CNR4666491""",Completed,"""CID2057868""",Sedan,Lambak,Serusop,4.1,33.6,,,,22.08,4.0,4.8,Card,9.38,Belait,Brunei-Muara,Fadhil Junaidi,1.98,7.24,January,2024,Wednesday,1.0,7.4,OFF-200096,1/10/2024 18:33,accepted,1/10/2024 18:33,SESS-29233,1/10/2024 15:33,1/10/2024 19:33,1/10/2024 18:33,2025-11-08 18:23:00,2025-11-08 18:26:00,2025-11-08 18:33:00,2025-11-08 19:04:00,,4.63604,114.29406,4.90912,114.9514,3.5,15.11,2.69,26.3,FQ-8044,INV-642008,BND,VEH-642,Yes,Temburong,14,Normal,10,6/4/2023,Pass
2025-11-11,20:58:36,"""CNR2834318""",Completed,"""CID5225614""",Compact,Gadong,Gadong,5.0,33.7,,,,18.22,4.7,4.3,Card,17.51,Tutong,Brunei-Muara,Azizul Hasni,1.76,13.19,September,2024,Tuesday,1.0,8.3,OFF-200022,9/24/2024 20:57,rejected,9/24/2024 20:57,SESS-32577,9/24/2024 18:58,9/24/2024 21:58,9/24/2024 20:58,2025-11-11 00:50:00,2025-11-11 00:51:00,2025-11-11 00:56:00,2025-11-11 01:14:00,9/24/2024 21:06,4.6951,114.61724,4.93418,114.88213,3.5,3.92,2.7,12.65,FQ-9106,INV-154394,BND,VEH-480,Yes,Brunei-Muara,13,High Demand Zone,14,9/1/2023,Pass
2025-11-19,22:31:08,"""CNR9701090""",Completed,"""CID5501061""",Compact,Gadong,Bandar Seri Begawan,3.8,12.1,,,,6.84,4.9,4.5,Card,24.94,Brunei-Muara,Brunei-Muara,Shahrul Nizam,5.61,17.81,April,2024,Wednesday,0.0,8.5,OFF-200062,4/24/2024 22:30,accepted,4/24/2024 22:30,SESS-93507,4/24/2024 20:31,4/25/2024 1:31,4/24/2024 22:31,2025-11-19 02:00:00,2025-11-19 02:04:00,2025-11-19 02:07:00,2025-11-19 02:28:00,4/24/2024 22:35,4.96124,114.90419,4.95828,114.92584,3.5,3.92,0.97,13.39,FQ-8734,INV-511415,BND,VEH-252,Yes,Brunei-Muara,7,Normal,14,4/7/2023,Pass
2025-11-19,16:17:08,"""CNR3966448""",Cancelled by Driver,"""CID4889324""",Premium,Bangar,Mentiri,7.3,26.5,,,,8.48,4.7,4.9,Cash,18.36,Belait,Belait,Faisal Hakimi,1.98,12.14,February,2024,Friday,1.0,9.2,OFF-200142,2/23/2024 16:16,rejected,2/23/2024 16:16,SESS-85181,2/23/2024 11:17,2/23/2024 18:17,2/23/2024 16:17,2025-11-19 23:23:00,2025-11-19 23:27:00,2025-11-19 23:29:00,2025-11-20 00:13:00,,4.63084,114.22862,4.53255,114.18426,3.5,17.03,2.12,24.65,FQ-6771,INV-391024,BND,VEH-126,Yes,Brunei-Muara,9,Normal,11,11/30/2023,Pass
2025-11-19,7:49:03,"""CNR9435112""",Completed,"""CID8876690""",Compact,Jerudong,Muara,3.9,27.2,,,,20.2,4.3,3.9,Cash,13.19,Brunei-Muara,Brunei-Muara,Aiman Hakim,2.05,9.75,July,2024,Friday,0.0,4.5,OFF-200152,7/5/2024 7:48,accepted,7/5/2024 7:48,SESS-93521,7/5/2024 2:49,7/5/2024 10:49,7/5/2024 7:49,2025-11-19 16:08:00,2025-11-19 16:12:00,2025-11-19 16:17:00,2025-11-19 16:36:00,,4.86425,114.94359,4.88987,114.95656,3.5,16.52,2.18,34.3,FQ-8851,INV-457956,BND,VEH-146,Yes,Brunei-Muara,4,High Demand Zone,3,7/21/2023,Pass
2025-11-25,18:03:59,"""CNR6443443""",Completed,"""CID1686959""",Sedan,Tutong Town,Gadong,7.6,16.6,,,,9.05,4.4,4.1,Online Banking,27.4,Brunei-Muara,Brunei-Muara,Hamid Rashid,4.58,19.26,December,2024,Tuesday,1.0,4.3,OFF-200144,12/10/2024 18:03,accepted,12/10/2024 18:03,SESS-39154,12/10/2024 15:03,12/10/2024 21:03,12/10/2024 18:03,2025-11-25 18:46:00,2025-11-25 18:47:00,2025-11-25 18:51:00,2025-11-25 19:15:00,12/10/2024 18:08,4.88354,114.93049,4.97936,114.95369,3.5,3.92,1.33,17.12,FQ-6220,INV-852305,BND,VEH-750,Yes,Belait,11,High Demand Zone,10,2/3/2023,Pass
2025-11-20,20:55:21,"""CNR7116878""",Completed,"""CID8235642""",Sedan,Jangsak,Serusop,8.3,34.3,,,,19.67,4.9,4.7,Cash,11.54,Brunei-Muara,Brunei-Muara,Aiman Hakim,1.4,6.97,January,2024,Sunday,0.0,11.5,OFF-200193,1/14/2024 20:54,accepted,1/14/2024 20:54,SESS-93521,1/14/2024 15:55,1/14/2024 21:55,1/14/2024 20:55,2025-11-20 08:08:00,2025-11-20 08:12:00,2025-11-20 08:18:00,2025-11-20 09:00:00,,4.8613,114.97933,4.9221,114.87937,3.5,7.26,2.74,13.5,FQ-5308,INV-972168,BND,VEH-146,Yes,Temburong,7,Normal,5,4/2/2023,Pass
2025-11-23,8:02:31,"""CNR9210055""",Completed,"""CID2341391""",SUV,Kuala Belait,Gadong,9.5,34.1,1.0,,,15.52,3.7,4.0,Dart Wallet,19.99,Brunei-Muara,Brunei-Muara,Fadhil Junaidi,2.78,12.34,March,2024,Friday,0.0,7.6,OFF-200052,3/8/2024 8:02,accepted,3/8/2024 8:02,SESS-29233,3/8/2024 4:02,3/8/2024 9:02,3/8/2024 8:02,2025-11-23 15:59:00,2025-11-23 16:04:00,2025-11-23 16:09:00,2025-11-23 16:22:00,3/8/2024 8:04,4.89535,114.86483,4.86959,114.89999,3.5,3.92,2.73,10.15,FQ-6058,INV-126854,BND,VEH-642,Yes,Temburong,13,Normal,8,8/20/2023,Pass
2025-11-08,16:02:47,"""CNR7028693""",Completed,"""CID5551104""",Compact,Muara,Sengkurong,12.2,22.2,,,,18.97,4.6,3.7,Cash,5.79,Brunei-Muara,Brunei-Muara,Ridhwan Bakar,1.07,4.91,September,2024,Monday,1.0,7.0,OFF-200103,9/9/2024 16:01,accepted,9/9/2024 16:01,SESS-20959,9/9/2024 13:02,9/9/2024 17:02,9/9/2024 16:02,2025-11-08 11:29:00,2025-11-08 11:32:00,2025-11-08 11:40:00,2025-11-08 11:57:00,,4.8998,114.92244,4.96698,114.9224,3.5,5.6,1.78,13.82,FQ-7728,INV-412885,BND,VEH-504,Yes,Belait,8,High Demand Zone,10,7/23/2023,Pass
2025-11-04,16:02:47,"""CNR7028693""",Completed,"""CID5551104""",Premium,Sengkurong,Gadong,12.2,22.2,,,,18.45,3.6,4.1,Dart Wallet,4.95,Brunei-Muara,Brunei-Muara,Ridhwan Bakar,0.69,3.24,September,2024,Monday,1.0,7.0,OFF-200103,9/9/2024 16:01,accepted,9/9/2024 16:01,SESS-20959,9/9/2024 13:02,9/9/2024 17:02,9/9/2024 16:02,2025-11-04 17:02:00,2025-11-04 17:04:00,2025-11-04 17:07:00,2025-11-04 17:38:00,,4.8998,114.92244,4.96698,114.9224,3.5,5.6,1.78,13.82,FQ-7728,INV-412885,BND,VEH-504,Yes,Tutong,8,High Demand Zone,10,7/23/2023,Pass
2025-11-05,14:11:18,"""CNR7599370""",Completed,"""CID2185983""",SUV,Gadong,Bandar Seri Begawan,11.3,32.9,,,,3.6,4.6,4.9,Card,5.2,Brunei-Muara,Brunei-Muara,Ibrahim Daud,1.23,3.16,May,2024,Friday,1.0,11.2,OFF-200178,5/17/2024 14:10,rejected,5/17/2024 14:10,SESS-97398,5/17/2024 10:11,5/17/2024 16:11,5/17/2024 14:11,2025-11-05 17:07:00,2025-11-05 17:11:00,2025-11-05 17:15:00,2025-11-05 17:53:00,5/17/2024 14:13,4.8752,114.94021,4.90569,114.86229,3.5,3.92,2.63,10.05,FQ-5244,INV-752074,BND,VEH-819,Yes,Brunei-Muara,10,Normal,6,2/12/2023,Pass
2025-11-01,23:33:25,"""CNR6408706""",Completed,"""CID1966936""",Compact,Tutong Town,Kuala Belait,13.9,28.7,,,,29.38,4.1,4.5,Cash,31.6,Belait,Tutong,Haji Ramli,4.2,22.27,January,2024,Sunday,1.0,4.3,OFF-200038,1/7/2024 23:32,accepted,1/7/2024 23:32,SESS-68895,1/7/2024 20:33,1/8/2024 0:33,1/7/2024 23:33,2025-11-01 15:36:00,2025-11-01 15:39:00,2025-11-01 15:47:00,2025-11-01 16:19:00,,4.52471,114.10833,4.71093,114.747,3.5,10.45,2.3,22.31,FQ-9577,INV-981907,BND,VEH-355,Yes,Belait,6,High Demand Zone,3,4/15/2023,Pass
2025-11-01,14:11:18,"""CNR7599370""",Cancelled,"""CID2185983""",SUV,Sengkurong,Lumut,11.3,32.9,,,,11.14,4.3,5.0,Online Banking,11.3,Brunei-Muara,Brunei-Muara,Ibrahim Daud,1.27,9.5,May,2024,Friday,1.0,11.2,OFF-200178,5/17/2024 14:10,accepted,5/17/2024 14:10,SESS-97398,5/17/2024 10:11,5/17/2024 16:11,5/17/2024 14:11,2025-11-01 03:30:00,2025-11-01 03:32:00,2025-11-01 03:39:00,2025-11-01 03:49:00,5/17/2024 14:13,4.8752,114.94021,4.90569,114.86229,3.5,3.92,2.63,10.05,FQ-5244,INV-752074,BND,VEH-819,Yes,Brunei-Muara,10,Normal,6,2/12/2023,Pass
2025-11-06,11:58:09,"""CNR8141819""",Cancelled,"""CID5476229""",Sedan,Rimba,Jangsak,5.3,11.5,,,,28.02,3.9,4.8,Dart Wallet,32.92,Brunei-Muara,Belait,Syafiqah Yusof,8.0,26.2,July,2024,Tuesday,0.0,8.4,OFF-200197,7/16/2024 11:57,rejected,7/16/2024 11:57,SESS-20137,7/16/2024 9:58,7/16/2024 12:58,7/16/2024 11:58,2025-11-06 10:40:00,2025-11-06 10:44:00,2025-11-06 10:48:00,2025-11-06 10:59:00,,4.87897,114.87332,4.54191,114.17947,3.5,17.37,0.92,37.68,FQ-9475,INV-646401,BND,VEH-214,Yes,Belait,12,High Demand Zone,3,6/10/2023,Pass
2025-11-03,7:20:29,"""CNR4672986""",Cancelled,"""CID8960852""",Premium,Tutong Beach,Tutong Town,13.7,10.3,,,,17.77,5.0,3.6,Dart Wallet,24.2,Belait,Brunei-Muara,Ibrahim Daud,3.73,18.39,July,2024,Wednesday,1.0,7.1,OFF-200133,7/31/2024 7:19,accepted,7/31/2024 7:19,SESS-97398,7/31/2024 4:20,7/31/2024 10:20,7/31/2024 7:20,2025-11-03 19:43:00,2025-11-03 19:48:00,2025-11-03 19:56:00,2025-11-03 20:29:00,7/31/2024 7:29,4.58686,114.31698,4.88236,114.96428,3.5,3.92,0.82,8.24,FQ-7037,INV-974938,BND,VEH-819,Yes,Temburong,7,Normal,14,3/7/2023,Pass
2025-11-04,3:53:28,"""CNR5222189""",Completed,"""CID1300727""",Premium,Serusop,Muara,8.1,33.7,,,,22.06,4.9,4.3,Online Banking,4.72,Belait,Brunei-Muara,Ibrahim Daud,1.01,3.87,August,2024,Monday,0.0,10.8,OFF-200066,8/19/2024 3:52,accepted,8/19/2024 3:52,SESS-97398,8/18/2024 22:53,8/19/2024 4:53,8/19/2024 3:53,2025-11-04 16:07:00,2025-11-04 16:10:00,2025-11-04 16:19:00,2025-11-04 16:56:00,,4.55687,114.10796,4.90694,114.94762,3.5,4.61,2.7,12.81,FQ-9266,INV-235946,BND,VEH-819,Yes,Belait,13,Normal,11,11/14/2023,Pass
2025-11-05,22:11:25,"""CNR1993047""",Completed,"""CID2155317""",Premium,Lambak,Sengkurong,14.8,42.7,,,,9.02,3.7,4.6,Card,24.12,Brunei-Muara,Brunei-Muara,Syafiqah Yusof,5.37,16.18,June,2024,Sunday,1.0,10.0,OFF-200134,6/30/2024 22:11,rejected,6/30/2024 22:11,SESS-20137,6/30/2024 17:11,7/1/2024 1:11,6/30/2024 22:11,2025-11-05 02:10:00,2025-11-05 02:13:00,2025-11-05 02:21:00,2025-11-05 03:06:00,,4.91504,114.94118,4.96987,114.87202,3.5,3.22,3.42,15.18,FQ-5376,INV-178320,BND,VEH-214,Yes,Tutong,9,High Demand Zone,8,3/25/2023,Pass
2025-11-23,14:11:18,"""CNR7599370""",Completed,"""CID2185983""",Compact,Tutong Beach,Serusop,11.3,32.9,,,,7.54,4.8,4.3,Card,10.47,Brunei-Muara,Brunei-Muara,Ibrahim Daud,2.29,8.05,May,2024,Friday,1.0,11.2,OFF-200178,5/17/2024 14:10,rejected,5/17/2024 14:10,SESS-97398,5/17/2024 10:11,5/17/2024 16:11,5/17/2024 14:11,2025-11-23 19:16:00,2025-11-23 19:21:00,2025-11-23 19:31:00,2025-11-23 19:48:00,5/17/2024 14:13,4.8752,114.94021,4.90569,114.86229,3.5,3.92,2.63,10.05,FQ-5244,INV-752074,BND,VEH-819,Yes,Brunei-Muara,10,Normal,6,2/12/2023,Pass
2025-11-26,13:47:33,"""CNR7496424""",Cancelled,"""CID5064084""",Sedan,Mata-Mata,Bangar,2.4,32.1,,,,1.53,3.8,5.0,Dart Wallet,30.72,Brunei-Muara,Belait,Nabilah Hassan,6.83,24.93,April,2024,Monday,1.0,9.9,OFF-200199,4/29/2024 13:46,accepted,4/29/2024 13:46,SESS-68128,4/29/2024 9:47,4/29/2024 16:47,4/29/2024 13:47,2025-11-26 05:31:00,2025-11-26 05:36:00,2025-11-26 05:46:00,2025-11-26 05:55:00,4/29/2024 13:51,4.89037,114.89512,4.69342,114.1578,3.5,3.92,2.57,13.48,FQ-6861,INV-690894,BND,VEH-713,Yes,Tutong,7,High Demand Zone,6,4/16/2023,Pass
2025-11-06,18:22:20,"""CNR7385162""",Completed,"""CID4223292""",Sedan,Muara,Gadong,12.9,29.0,,,,28.58,3.7,3.9,Dart Wallet,22.56,Belait,Brunei-Muara,,5.04,15.93,July,2024,Sunday,,5.2,OFF-200041,7/14/2024 18:21,accepted,7/14/2024 18:21,SESS-16338,7/14/2024 14:22,7/14/2024 21:22,7/14/2024 18:22,2025-11-06 11:12:00,2025-11-06 11:13:00,2025-11-06 11:19:00,2025-11-06 11:36:00,,4.57838,114.37354,4.96925,114.91966,3.5,3.92,2.32,10.74,FQ-6215,INV-299624,BND,VEH-510,Yes,Belait,4,Normal,4,9/17/2023,Pass
2025-11-23,20:22:11,"""CNR7665294""",Completed,"""CID5596375""",Sedan,Berakas,Lambak,3.1,22.3,,,,18.17,4.7,3.6,Card,20.62,Brunei-Muara,Belait,Fadhil Junaidi,5.02,15.49,November,2024,Friday,1.0,7.6,OFF-200191,11/29/2024 20:21,rejected,11/29/2024 20:21,SESS-29233,11/29/2024 15:22,11/29/2024 22:22,11/29/2024 20:22,2025-11-23 23:32:00,2025-11-23 23:33:00,2025-11-23 23:41:00,2025-11-24 00:18:00,11/29/2024 20:24,4.86634,114.86194,4.61182,114.16108,3.5,3.92,1.78,10.2,FQ-8230,INV-513393,BND,VEH-642,Yes,Brunei-Muara,13,Normal,6,9/21/2023,Pass
2025-11-02,15:02:29,"""CNR6886384""",Cancelled by Driver,"""CID6455263""",Sedan,Jerudong,Lumut,13.0,10.2,,,,22.73,3.7,4.8,Dart Wallet,4.46,Belait,Brunei-Muara,Zulhelmi Ishak,0.95,3.66,November,2024,Tuesday,0.0,5.5,OFF-200014,11/19/2024 15:02,rejected,11/19/2024 15:02,SESS-38008,11/19/2024 10:02,11/19/2024 17:02,11/19/2024 15:02,2025-11-02 00:03:00,2025-11-02 00:04:00,2025-11-02 00:13:00,2025-11-02 00:37:00,,4.57292,114.14499,4.85556,114.96281,3.5,7.24,0.82,19.45,FQ-8698,INV-370782,BND,VEH-353,Yes,Belait,4,High Demand Zone,6,1/8/2023,Pass
2025-11-12,16:23:55,"""CNR2775531""",Completed,"""CID3611959""",Compact,Jerudong,Kuala Belait,3.4,34.7,,,,3.23,3.7,4.0,Online Banking,23.12,Brunei-Muara,Brunei-Muara,Siti Aminah,3.49,19.41,September,2024,Tuesday,0.0,5.7,OFF-200110,9/24/2024 16:23,accepted,9/24/2024 16:23,SESS-19622,9/24/2024 12:23,9/24/2024 17:23,9/24/2024 16:23,2025-11-12 21:38:00,2025-11-12 21:43:00,2025-11-12 21:45:00,2025-11-12 22:29:00,,4.97314,114.93464,4.96064,114.90285,3.5,16.15,2.78,20.93,FQ-9653,INV-443473,BND,VEH-614,Yes,Tutong,8,Normal,10,4/26/2023,Pass
2025-11-04,21:38:19,"""CNR5641229""",Cancelled,"""CID6884557""",Compact,Tutong Beach,Gadong,7.9,34.7,,,,14.57,4.5,3.5,Card,25.88,Tutong,Tutong,Zulhelmi Ishak,3.0,21.65,August,2024,Saturday,1.0,9.3,OFF-200156,8/10/2024 21:37,accepted,8/10/2024 21:37,SESS-38008,8/10/2024 17:38,8/11/2024 0:38,8/10/2024 21:38,2025-11-04 00:15:00,2025-11-04 00:20:00,2025-11-04 00:30:00,2025-11-04 00:45:00,,4.75138,114.66938,4.71459,114.78805,3.5,20.18,2.78,44.69,FQ-7952,INV-574905,BND,VEH-353,Yes,Temburong,12,High Demand Zone,1,3/14/2023,Pass
2025-11-04,15:25:55,"""CNR7374583""",Cancelled by Driver,"""CID2049576""",Compact,Tutong Town,Lumut,11.6,11.6,,,,25.29,3.7,4.3,Cash,18.53,Belait,Brunei-Muara,Roslan Ahmad,4.29,11.3,February,2024,Friday,1.0,5.6,OFF-200032,2/2/2024 15:25,accepted,2/2/2024 15:25,SESS-14930,2/2/2024 10:25,2/2/2024 17:25,2/2/2024 15:25,2025-11-04 19:24:00,2025-11-04 19:26:00,2025-11-04 19:30:00,2025-11-04 19:44:00,,4.63734,114.1876,4.89436,114.89808,3.5,5.36,0.93,14.79,FQ-8563,INV-787245,BND,VEH-675,Yes,Temburong,6,Normal,9,12/12/2023,Pass
2025-11-29,13:14:23,"""CNR9959930""",Completed,"""CID5337972""",Sedan,Sengkurong,Jangsak,6.8,42.9,,,,9.5,4.9,4.8,Cash,24.41,Belait,Brunei-Muara,Haji Ramli,2.94,19.52,October,2024,Wednesday,1.0,8.5,OFF-200154,10/16/2024 13:13,accepted,10/16/2024 13:13,SESS-68895,10/16/2024 10:14,10/16/2024 15:14,10/16/2024 13:14,2025-11-29 00:00:00,2025-11-29 00:01:00,2025-11-29 00:11:00,2025-11-29 00:34:00,,4.61501,114.20753,4.8934,114.94653,3.5,2.69,3.43,11.52,FQ-9929,INV-905997,BND,VEH-355,Yes,Tutong,8,High Demand Zone,3,4/17/2023,Pass
2025-11-06,4:39:18,"""CNR8910332""",Cancelled,"""CID1229941""",Compact,Bangar,Sengkurong,4.5,11.0,,,,24.22,4.5,4.2,Online Banking,3.64,Brunei-Muara,Brunei-Muara,,0.56,2.8,November,2024,Tuesday,,4.3,OFF-200163,11/19/2024 4:39,rejected,11/19/2024 4:39,SESS-16338,11/19/2024 1:39,11/19/2024 6:39,11/19/2024 4:39,2025-11-06 03:19:00,2025-11-06 03:23:00,2025-11-06 03:25:00,2025-11-06 04:07:00,,4.88914,114.88394,4.95473,114.87104,3.5,3.92,0.88,17.45,FQ-7055,INV-883339,BND,VEH-510,Yes,Temburong,8,High Demand Zone,10,8/21/2023,Pass
2025-11-08,21:38:19,"""CNR5641229""",Completed,"""CID6884557""",Compact,Kiulap,Jerudong,7.9,34.7,,,,14.93,4.9,3.6,Online Banking,5.33,Tutong,Tutong,Zulhelmi Ishak,0.69,3.21,August,2024,Saturday,1.0,9.3,OFF-200156,8/10/2024 21:37,rejected,8/10/2024 21:37,SESS-38008,8/10/2024 17:38,8/11/2024 0:38,8/10/2024 21:38,2025-11-08 18:49:00,2025-11-08 18:50:00,2025-11-08 18:54:00,2025-11-08 19:22:00,,4.75138,114.66938,4.71459,114.78805,3.5,20.18,2.78,44.69,FQ-7952,INV-574905,BND,VEH-353,Yes,Tutong,12,High Demand Zone,1,3/14/2023,Pass
2025-11-27,21:26:16,"""CNR9924856""",Completed,"""CID5443075""",SUV,Jerudong,Bangar,9.0,23.4,,,,7.39,4.4,4.6,Card,19.11,Belait,Belait,Mohd Hafiz,4.53,11.51,January,2024,Monday,0.0,4.3,OFF-200037,1/15/2024 21:25,accepted,1/15/2024 21:25,SESS-37455,1/15/2024 17:26,1/15/2024 23:26,1/15/2024 21:26,2025-11-27 20:26:00,2025-11-27 20:29:00,2025-11-27 20:33:00,2025-11-27 20:54:00,,4.5176,114.18781,4.60447,114.17037,3.5,2.81,1.87,6.68,FQ-6944,INV-424842,BND,VEH-678,Yes,Belait,13,Normal,4,11/27/2023,Pass
2025-11-26,7:57:52,"""CNR2678197""",Cancelled,"""CID7334919""",Premium,Serusop,Jerudong,9.5,32.7,,,,23.15,4.1,4.5,Cash,26.03,Brunei-Muara,Brunei-Muara,Nurul Izzah,6.47,20.27,September,2024,Wednesday,0.0,4.0,OFF-200184,9/25/2024 7:57,rejected,9/25/2024 7:57,SESS-35224,9/25/2024 2:57,9/25/2024 8:57,9/25/2024 7:57,2025-11-26 02:43:00,2025-11-26 02:45:00,2025-11-26 02:52:00,2025-11-26 02:57:00,,4.85129,114.86578,4.9116,114.86929,3.5,1.26,2.62,14.22,FQ-7563,INV-931902,BND,VEH-204,Yes,Brunei-Muara,9,High Demand Zone,14,8/26/2023,Pass
2025-11-26,18:33:20,"""CNR4666491""",Completed,"""CID2057868""",Sedan,Bangar,Bandar Seri Begawan,4.1,33.6,,,,26.53,5.0,3.9,Cash,29.25,Belait,Brunei-Muara,Fadhil Junaidi,5.11,19.57,January,2024,Wednesday,1.0,7.4,OFF-200096,1/10/2024 18:33,accepted,1/10/2024 18:33,SESS-29233,1/10/2024 15:33,1/10/2024 19:33,1/10/2024 18:33,2025-11-26 07:05:00,2025-11-26 07:07:00,2025-11-26 07:14:00,2025-11-26 07:58:00,,4.63604,114.29406,4.90912,114.9514,3.5,15.11,2.69,26.3,FQ-8044,INV-642008,BND,VEH-642,Yes,Tutong,14,Normal,10,6/4/2023,Pass
2025-11-16,13:14:23,"""CNR9959930""",Completed,"""CID5337972""",Premium,Lumut,Muara,6.8,42.9,,,,3.21,3.7,4.7,Online Banking,20.47,Belait,Brunei-Muara,Haji Ramli,3.56,14.58,October,2024,Wednesday,1.0,8.5,OFF-200154,10/16/2024 13:13,accepted,10/16/2024 13:13,SESS-68895,10/16/2024 10:14,10/16/2024 15:14,10/16/2024 13:14,2025-11-16 16:43:00,2025-11-16 16:44:00,2025-11-16 16:52:00,2025-11-16 17:34:00,,4.61501,114.20753,4.8934,114.94653,3.5,2.69,3.43,11.52,FQ-9929,INV-905997,BND,VEH-355,Yes,Tutong,8,High Demand Zone,3,4/17/2023,Pass
2025-11-19,8:57:26,"""CNR5472109""",Cancelled,"""CID5048206""",Premium,Mentiri,Sengkurong,12.9,30.6,,,,24.55,3.7,4.1,Card,27.4,Brunei-Muara,Brunei-Muara,Fadhil Junaidi,3.67,19.6,August,2024,Monday,1.0,6.7,OFF-200182,8/12/2024 8:57,accepted,8/12/2024 8:57,SESS-29233,8/12/2024 6:57,8/12/2024 9:57,8/12/2024 8:57,2025-11-19 11:34:00,2025-11-19 11:39:00,2025-11-19 11:48:00,2025-11-19 12:29:00,,4.91086,114.85067,4.89067,114.95317,3.5,7.64,2.45,16.09,FQ-6003,INV-661710,BND,VEH-642,Yes,Brunei-Muara,13,Normal,12,11/17/2023,Pass
2025-11-26,15:25:55,"""CNR7374583""",Completed,"""CID2049576""",Sedan,Jangsak,Serusop,11.6,11.6,,,,14.36,4.1,3.7,Online Banking,6.26,Belait,Brunei-Muara,Roslan Ahmad,1.1,3.85,February,2024,Friday,1.0,5.6,OFF-200032,2/2/2024 15:25,rejected,2/2/2024 15:25,SESS-14930,2/2/2024 10:25,2/2/2024 17:25,2/2/2024 15:25,2025-11-26 09:17:00,2025-11-26 09:21:00,2025-11-26 09:27:00,2025-11-26 09:55:00,,4.63734,114.1876,4.89436,114.89808,3.5,5.36,0.93,14.79,FQ-8563,INV-787245,BND,VEH-675,Yes,Temburong,6,Normal,9,12/12/2023,Pass
2025-11-09,19:39:10,"""CNR9815636""",Completed,"""CID4412852""",Compact,Berakas,Jerudong,4.1,40.1,,,,23.51,4.0,3.6,Online Banking,19.96,Brunei-Muara,Tutong,Ahmad Zaki,2.88,16.41,November,2024,Friday,0.0,8.2,OFF-200195,11/1/2024 19:38,accepted,11/1/2024 19:38,SESS-75925,11/1/2024 16:39,11/1/2024 22:39,11/1/2024 19:39,2025-11-09 20:21:00,2025-11-09 20:25:00,2025-11-09 20:30:00,2025-11-09 21:09:00,,4.93874,114.93587,4.66206,114.61835,3.5,6.77,3.21,13.48,FQ-5429,INV-993095,BND,VEH-696,Yes,Brunei-Muara,11,Normal,8,6/7/2023,Pass
2025-11-28,10:41:11,"""CNR1282098""",Cancelled,"""CID4893475""",Premium,Lambak,Lambak,11.5,13.3,,,,26.91,3.6,4.0,Online Banking,34.4,Brunei-Muara,Tutong,Noraini Kassim,6.1,22.24,December,2024,Monday,1.0,10.8,OFF-200085,12/16/2024 10:40,rejected,12/16/2024 10:40,SESS-88755,12/16/2024 8:41,12/16/2024 13:41,12/16/2024 10:41,2025-11-28 10:37:00,2025-11-28 10:41:00,2025-11-28 10:45:00,2025-11-28 11:19:00,,4.85943,114.89897,4.79064,114.74205,3.5,17.09,1.06,22.65,FQ-8604,INV-541408,BND,VEH-967,Yes,Brunei-Muara,8,Normal,9,4/8/2023,Pass
2025-11-14,14:53:44,"""CNR4380250""",Completed,"""CID3152566""",Compact,Berakas,Serusop,11.2,35.0,,,,16.91,4.0,4.5,Cash,9.66,Brunei-Muara,Tutong,Faisal Hakimi,1.66,8.02,December,2024,Saturday,1.0,10.4,OFF-200065,12/14/2024 14:52,accepted,12/14/2024 14:52,SESS-85181,12/14/2024 10:53,12/14/2024 16:53,12/14/2024 14:53,2025-11-14 13:10:00,2025-11-14 13:14:00,2025-11-14 13:16:00,2025-11-14 13:29:00,12/14/2024 15:01,4.86127,114.96102,4.74484,114.69489,3.5,3.92,2.8,19.33,FQ-5396,INV-883055,BND,VEH-126,Yes,Temburong,4,High Demand Zone,8,1/31/2024,Pass
2025-11-05,13:43:58,"""CNR2717765""",Cancelled by Driver,"""CID6981040""",Sedan,Kiulap,Mata-Mata,11.7,11.0,,,,7.78,3.9,4.1,Online Banking,21.92,Belait,Belait,Mustafa Kamal,3.29,13.47,September,2024,Thursday,0.0,7.4,OFF-200009,9/12/2024 13:43,rejected,9/12/2024 13:43,SESS-19846,9/12/2024 8:43,9/12/2024 16:43,9/12/2024 13:43,2025-11-05 06:44:00,2025-11-05 06:49:00,2025-11-05 06:57:00,2025-11-05 07:35:00,,4.53623,114.32737,4.67409,114.37873,3.5,17.33,0.88,21.71,FQ-9941,INV-153422,BND,VEH-726,Yes,Temburong,6,Normal,12,9/1/2023,Pass
2025-11-01,9:55:48,"""CNR4076785""",Completed,"""CID4419792""",Compact,Lumut,Berakas,11.7,29.7,,,,8.46,4.0,4.5,Cash,16.73,Brunei-Muara,Belait,Ahmad Zaki,2.15,10.07,December,2024,Tuesday,1.0,7.7,OFF-200004,12/3/2024 9:55,rejected,12/3/2024 9:55,SESS-75925,12/3/2024 4:55,12/3/2024 11:55,12/3/2024 9:55,2025-11-01 11:35:00,2025-11-01 11:40:00,2025-11-01 11:50:00,2025-11-01 11:56:00,,4.89715,114.85574,4.588,114.39263,3.5,5.43,2.38,10.81,FQ-9216,INV-903863,BND,VEH-696,Yes,Belait,5,Normal,6,1/15/2024,Pass
2025-11-15,11:06:44,"""CNR8442785""",Completed,"""CID7651154""",Premium,Lumut,Mentiri,3.2,43.6,,,,18.01,3.9,4.7,Online Banking,30.22,Tutong,Brunei-Muara,Ahmad Zaki,4.12,24.65,September,2024,Wednesday,0.0,4.5,OFF-200122,9/4/2024 11:05,rejected,9/4/2024 11:06,SESS-75925,9/4/2024 8:06,9/4/2024 14:06,9/4/2024 11:06,2025-11-15 01:32:00,2025-11-15 01:37:00,2025-11-15 01:47:00,2025-11-15 02:22:00,,4.67843,114.76523,4.9107,114.96154,3.5,13.79,3.49,25.78,FQ-8406,INV-615153,BND,VEH-696,Yes,Temburong,6,Normal,13,6/11/2023,Pass
2025-11-28,20:07:52,"""CNR3734577""",Completed,"""CID4874936""",Sedan,Berakas,Lambak,5.5,30.4,,,,4.09,4.8,4.1,Card,18.43,Tutong,Brunei-Muara,Sufian bin Haji Ali,3.13,11.4,October,2024,Tuesday,0.0,10.1,OFF-200073,10/1/2024 20:07,accepted,10/1/2024 20:07,SESS-22883,10/1/2024 15:07,10/1/2024 22:07,10/1/2024 20:07,2025-11-28 05:20:00,2025-11-28 05:22:00,2025-11-28 05:30:00,2025-11-28 05:48:00,,4.65284,114.72336,4.888,114.87296,3.5,5.38,2.43,10.81,FQ-9229,INV-676519,BND,VEH-473,Yes,Temburong,5,Normal,10,4/23/2023,Pass
2025-11-14,18:33:20,"""CNR4666491""",Completed,"""CID2057868""",SUV,Kiulap,Kuala Belait,4.1,33.6,,,,17.02,4.9,4.1,Online Banking,11.58,Belait,Brunei-Muara,Fadhil Junaidi,1.56,8.62,January,2024,Wednesday,1.0,7.4,OFF-200096,1/10/2024 18:33,accepted,1/10/2024 18:33,SESS-29233,1/10/2024 15:33,1/10/2024 19:33,1/10/2024 18:33,2025-11-14 19:00:00,2025-11-14 19:04:00,2025-11-14 19:07:00,2025-11-14 19:43:00,,4.63604,114.29406,4.90912,114.9514,3.5,15.11,2.69,26.3,FQ-8044,INV-642008,BND,VEH-642,Yes,Belait,14,Normal,10,6/4/2023,Pass
2025-11-27,12:20:32,"""CNR5687699""",Cancelled by Driver,"""CID6778217""",SUV,Lambak,Gadong,9.0,33.6,,,,29.4,4.7,3.9,Dart Wallet,6.06,Belait,Tutong,,1.22,4.04,January,2024,Friday,,9.9,OFF-200117,1/26/2024 12:20,accepted,1/26/2024 12:20,SESS-16338,1/26/2024 9:20,1/26/2024 15:20,1/26/2024 12:20,2025-11-27 13:27:00,2025-11-27 13:32:00,2025-11-27 13:37:00,2025-11-27 13:42:00,,4.55386,114.17976,4.66007,114.60336,3.5,3.92,2.69,11.11,FQ-6513,INV-209562,BND,VEH-510,Yes,Belait,5,Normal,5,1/5/2024,Pass
2025-11-02,21:26:16,"""CNR9924856""",Completed,"""CID5443075""",Sedan,Gadong,Berakas,9.0,23.4,,,,2.14,4.4,3.5,Dart Wallet,31.39,Belait,Belait,Mohd Hafiz,3.19,21.52,January,2024,Monday,0.0,4.3,OFF-200037,1/15/2024 21:25,rejected,1/15/2024 21:25,SESS-37455,1/15/2024 17:26,1/15/2024 23:26,1/15/2024 21:26,2025-11-02 13:27:00,2025-11-02 13:31:00,2025-11-02 13:34:00,2025-11-02 13:40:00,,4.5176,114.18781,4.60447,114.17037,3.5,2.81,1.87,6.68,FQ-6944,INV-424842,BND,VEH-678,Yes,Temburong,13,Normal,4,11/27/2023,Pass
2025-11-07,22:15:02,"""CNR6026851""",Completed,"""CID6133594""",Sedan,Rimba,Muara,6.4,20.7,,,,13.56,4.9,4.3,Dart Wallet,28.04,Brunei-Muara,Brunei-Muara,Abdul Rahman,5.14,18.52,October,2024,Saturday,1.0,8.9,OFF-200140,10/5/2024 22:14,accepted,10/5/2024 22:14,SESS-85776,10/5/2024 18:15,10/5/2024 23:15,10/5/2024 22:15,2025-11-07 05:19:00,2025-11-07 05:22:00,2025-11-07 05:26:00,2025-11-07 06:00:00,,4.9225,114.96828,4.89399,114.9767,3.5,13.76,1.66,25.65,FQ-6476,INV-839344,BND,VEH-428,Yes,Tutong,8,High Demand Zone,4,1/28/2023,Pass
2025-11-02,19:14:18,"""CNR7208423""",Cancelled by Driver,"""CID8572144""",Premium,Sengkurong,Bangar,2.1,34.9,,,,7.52,3.8,4.6,Cash,26.62,Belait,Belait,Sufian bin Haji Ali,3.29,19.05,May,2024,Saturday,1.0,5.8,OFF-200158,5/25/2024 19:13,accepted,5/25/2024 19:14,SESS-22883,5/25/2024 14:14,5/25/2024 20:14,5/25/2024 19:14,2025-11-02 23:18:00,2025-11-02 23:19:00,2025-11-02 23:25:00,2025-11-02 23:50:00,,4.5353,114.32541,4.58885,114.25079,3.5,14.58,2.79,26.09,FQ-6919,INV-902186,BND,VEH-473,Yes,Belait,12,High Demand Zone,4,4/20/2023,Pass
2025-11-28,11:25:18,"""CNR8311141""",Completed,"""CID4377550""",Premium,Sengkurong,Kiulap,3.9,21.9,,,,21.84,4.2,4.7,Dart Wallet,29.57,Brunei-Muara,Brunei-Muara,Nabilah Hassan,5.82,21.09,July,2024,Saturday,0.0,8.5,OFF-200046,7/6/2024 11:24,accepted,7/6/2024 11:24,SESS-68128,7/6/2024 6:25,7/6/2024 13:25,7/6/2024 11:25,2025-11-28 02:03:00,2025-11-28 02:07:00,2025-11-28 02:10:00,2025-11-28 02:51:00,7/6/2024 11:29,4.85366,114.90238,4.87389,114.88302,3.5,3.92,1.75,10.46,FQ-8617,INV-775885,BND,VEH-713,Yes,Belait,14,High Demand Zone,9,7/30/2023,Pass
2025-11-06,16:48:05,"""CNR9060565""",Completed,"""CID8916050""",Sedan,Tutong Town,Sengkurong,7.7,28.4,,,,1.08,4.8,4.6,Dart Wallet,12.64,Brunei-Muara,Brunei-Muara,Syafiqah Yusof,3.15,9.95,July,2024,Monday,1.0,5.7,OFF-200108,7/29/2024 16:47,rejected,7/29/2024 16:47,SESS-20137,7/29/2024 14:48,7/29/2024 17:48,7/29/2024 16:48,2025-11-06 17:32:00,2025-11-06 17:34:00,2025-11-06 17:41:00,2025-11-06 18:05:00,,4.94133,114.96168,4.92891,114.91703,3.5,12.7,2.27,26.2,FQ-7952,INV-884997,BND,VEH-214,Yes,Temburong,9,High Demand Zone,6,11/4/2023,Pass
2025-11-01,18:52:21,"""CNR5527486""",Completed,"""CID1522967""",SUV,Kiulap,Lambak,3.1,10.9,,,,7.91,3.6,4.4,Cash,31.23,Brunei-Muara,Tutong,Ridhwan Bakar,4.34,18.99,November,2024,Tuesday,1.0,11.1,OFF-200179,11/12/2024 18:51,accepted,11/12/2024 18:51,SESS-20959,11/12/2024 15:52,11/12/2024 20:52,11/12/2024 18:52,2025-11-01 04:59:00,2025-11-01 05:00:00,2025-11-01 05:02:00,2025-11-01 05:41:00,,4.91079,114.87978,4.68273,114.73974,3.5,2.04,0.87,10.62,FQ-7306,INV-318395,BND,VEH-504,Yes,Belait,12,High Demand Zone,9,6/20/2023,Pass
2025-11-08,23:05:33,"""CNR2833289""",Completed,"""CID3076034""",Sedan,Berakas,Lambak,8.7,20.6,1.0,,,5.46,4.8,4.0,Card,5.15,Brunei-Muara,Tutong,Farhana Yusof,1.02,3.57,January,2024,Thursday,0.0,5.3,OFF-200183,1/4/2024 23:04,accepted,1/4/2024 23:04,SESS-31967,1/4/2024 19:05,1/5/2024 0:05,1/4/2024 23:05,2025-11-08 05:48:00,2025-11-08 05:50:00,2025-11-08 05:57:00,2025-11-08 06:12:00,1/4/2024 23:08,4.90347,114.93113,4.65918,114.70569,3.5,3.92,1.65,18.6,FQ-9241,INV-115386,BND,VEH-674,Yes,Belait,4,High Demand Zone,14,2/1/2024,Pass
2025-11-02,15:02:29,"""CNR6886384""",Completed,"""CID6455263""",Compact,Kiulap,Muara,13.0,10.2,,,,8.12,4.9,3.9,Online Banking,27.16,Belait,Brunei-Muara,Zulhelmi Ishak,3.92,22.24,November,2024,Tuesday,0.0,5.5,OFF-200014,11/19/2024 15:02,accepted,11/19/2024 15:02,SESS-38008,11/19/2024 10:02,11/19/2024 17:02,11/19/2024 15:02,2025-11-02 03:29:00,2025-11-02 03:32:00,2025-11-02 03:39:00,2025-11-02 03:58:00,,4.57292,114.14499,4.85556,114.96281,3.5,7.24,0.82,19.45,FQ-8698,INV-370782,BND,VEH-353,Yes,Tutong,4,High Demand Zone,6,1/8/2023,Pass
2025-11-19,21:38:19,"""CNR5641229""",Completed,"""CID6884557""",Sedan,Bangar,Muara,7.9,34.7,,,,26.51,4.1,4.6,Card,5.89,Tutong,Tutong,Zulhelmi Ishak,1.28,3.62,August,2024,Saturday,1.0,9.3,OFF-200156,8/10/2024 21:37,accepted,8/10/2024 21:37,SESS-38008,8/10/2024 17:38,8/11/2024 0:38,8/10/2024 21:38,2025-11-19 12:57:00,2025-11-19 12:58:00,2025-11-19 13:08:00,2025-11-19 13:13:00,,4.75138,114.66938,4.71459,114.78805,3.5,20.18,2.78,44.69,FQ-7952,INV-574905,BND,VEH-353,Yes,Tutong,12,High Demand Zone,1,3/14/2023,Pass
2025-11-30,17:57:12,"""CNR7253777""",Completed,"""CID3783637""",Compact,Serusop,Muara,13.6,42.3,,,,9.96,4.1,4.9,Dart Wallet,18.4,Brunei-Muara,Brunei-Muara,Mustafa Kamal,2.28,12.75,October,2024,Sunday,1.0,10.8,OFF-200135,10/27/2024 17:56,accepted,10/27/2024 17:56,SESS-19846,10/27/2024 12:57,10/27/2024 19:57,10/27/2024 17:57,2025-11-30 19:33:00,2025-11-30 19:34:00,2025-11-30 19:38:00,2025-11-30 20:22:00,10/27/2024 17:59,4.94548,114.95631,4.97401,114.90117,3.5,3.92,3.38,12.8,FQ-7626,INV-342420,BND,VEH-726,Yes,Brunei-Muara,14,Normal,3,7/3/2023,Pass
2025-11-20,9:55:48,"""CNR4076785""",Cancelled,"""CID4419792""",SUV,Jerudong,Serusop,11.7,29.7,,,,3.9,4.1,3.7,Dart Wallet,25.5,Brunei-Muara,Belait,Ahmad Zaki,5.31,17.67,December,2024,Tuesday,1.0,7.7,OFF-200004,12/3/2024 9:55,accepted,12/3/2024 9:55,SESS-75925,12/3/2024 4:55,12/3/2024 11:55,12/3/2024 9:55,2025-11-20 08:32:00,2025-11-20 08:36:00,2025-11-20 08:41:00,2025-11-20 08:51:00,,4.89715,114.85574,4.588,114.39263,3.5,5.43,2.38,10.81,FQ-9216,INV-903863,BND,VEH-696,Yes,Tutong,5,Normal,6,1/15/2024,Pass
2025-11-09,21:38:19,"""CNR5641229""",Cancelled by Driver,"""CID6884557""",SUV,Rimba,Jerudong,7.9,34.7,,,,24.45,4.5,4.4,Cash,6.85,Tutong,Tutong,Zulhelmi Ishak,0.69,4.5,August,2024,Saturday,1.0,9.3,OFF-200156,8/10/2024 21:37,rejected,8/10/2024 21:37,SESS-38008,8/10/2024 17:38,8/11/2024 0:38,8/10/2024 21:38,2025-11-09 15:06:00,2025-11-09 15:10:00,2025-11-09 15:20:00,2025-11-09 15:34:00,,4.75138,114.66938,4.71459,114.78805,3.5,20.18,2.78,44.69,FQ-7952,INV-574905,BND,VEH-353,Yes,Tutong,12,High Demand Zone,1,3/14/2023,Pass
2025-11-29,11:25:18,"""CNR8311141""",Completed,"""CID4377550""",SUV,Kiulap,Berakas,3.9,21.9,,,,25.94,4.6,3.9,Cash,25.11,Brunei-Muara,Brunei-Muara,Nabilah Hassan,3.71,17.29,July,2024,Saturday,0.0,8.5,OFF-200046,7/6/2024 11:24,accepted,7/6/2024 11:24,SESS-68128,7/6/2024 6:25,7/6/2024 13:25,7/6/2024 11:25,2025-11-29 17:48:00,2025-11-29 17:50:00,2025-11-29 17:57:00,2025-11-29 18:19:00,7/6/2024 11:29,4.85366,114.90238,4.87389,114.88302,3.5,3.92,1.75,10.46,FQ-8617,INV-775885,BND,VEH-713,Yes,Tutong,14,High Demand Zone,9,7/30/2023,Pass
2025-11-05,23:59:40,"""CNR2541239""",Cancelled by Driver,"""CID1296280""",Compact,Kiulap,Tutong Beach,2.0,35.6,,,,8.57,3.9,4.5,Dart Wallet,23.41,Tutong,Tutong,Awangku Mohd,2.79,17.59,June,2024,Sunday,1.0,8.9,OFF-200067,6/30/2024 23:59,rejected,6/30/2024 23:59,SESS-35925,6/30/2024 20:59,7/1/2024 1:59,6/30/2024 23:59,2025-11-05 03:31:00,2025-11-05 03:34:00,2025-11-05 03:37:00,2025-11-05 04:22:00,,4.78707,114.63706,4.69384,114.7241,3.5,8.83,2.85,19.98,FQ-5894,INV-866735,BND,VEH-727,Yes,Belait,7,High Demand Zone,9,8/28/2023,Pass
2025-11-05,12:06:32,"""CNR1755879""",Completed,"""CID1823373""",Sedan,Mentiri,Bangar,2.3,13.8,,,,15.01,4.4,4.1,Card,27.69,Brunei-Muara,Brunei-Muara,,4.82,16.9,July,2024,Sunday,,11.0,OFF-200075,7/21/2024 12:05,accepted,7/21/2024 12:06,SESS-16338,7/21/2024 10:06,7/21/2024 13:06,7/21/2024 12:06,2025-11-05 03:53:00,2025-11-05 03:55:00,2025-11-05 04:05:00,2025-11-05 04:42:00,,4.88843,114.92228,4.88137,114.91752,3.5,3.92,1.1,12.65,FQ-8727,INV-645832,BND,VEH-510,Yes,Tutong,11,High Demand Zone,8,8/10/2023,Pass
2025-11-07,23:39:52,"""CNR1605575""",Completed,"""CID9516426""",Sedan,Jerudong,Sengkurong,10.7,16.1,,,,20.3,4.0,4.8,Card,25.93,Tutong,Brunei-Muara,Nabilah Hassan,3.66,21.78,July,2024,Wednesday,1.0,9.6,OFF-200172,7/31/2024 23:39,rejected,7/31/2024 23:39,SESS-68128,7/31/2024 19:39,8/1/2024 1:39,7/31/2024 23:39,2025-11-07 07:34:00,2025-11-07 07:38:00,2025-11-07 07:48:00,2025-11-07 08:03:00,,4.76714,114.6423,4.8533,114.97657,3.5,7.34,1.29,13.13,FQ-5562,INV-490763,BND,VEH-713,Yes,Tutong,9,Normal,10,8/21/2023,Pass
2025-11-17,13:43:11,"""CNR9249380""",Cancelled,"""CID5685213""",Compact,Mentiri,Mata-Mata,7.0,31.9,,,,15.73,3.8,4.4,Card,3.58,Belait,Brunei-Muara,Nurul Izzah,0.43,2.5,September,2024,Thursday,1.0,11.1,OFF-200129,9/12/2024 13:42,accepted,9/12/2024 13:42,SESS-35224,9/12/2024 11:43,9/12/2024 16:43,9/12/2024 13:43,2025-11-17 11:35:00,2025-11-17 11:37:00,2025-11-17 11:47:00,2025-11-17 12:25:00,,4.60794,114.25377,4.90001,114.92623,3.5,13.05,2.55,29.65,FQ-5272,INV-376808,BND,VEH-204,Yes,Belait,13,High Demand Zone,1,7/10/2023,Pass
2025-11-10,13:14:23,"""CNR9959930""",Completed,"""CID5337972""",SUV,Rimba,Lambak,6.8,42.9,,,,4.08,4.5,4.5,Card,3.28,Belait,Brunei-Muara,Haji Ramli,0.69,2.12,October,2024,Wednesday,1.0,8.5,OFF-200154,10/16/2024 13:13,accepted,10/16/2024 13:13,SESS-68895,10/16/2024 10:14,10/16/2024 15:14,10/16/2024 13:14,2025-11-10 06:45:00,2025-11-10 06:48:00,2025-11-10 06:55:00,2025-11-10 07:40:00,,4.61501,114.20753,4.8934,114.94653,3.5,2.69,3.43,11.52,FQ-9929,INV-905997,BND,VEH-355,Yes,Brunei-Muara,8,High Demand Zone,3,4/17/2023,Pass
2025-11-06,6:18:50,"""CNR3626259""",Completed,"""CID1114091""",Sedan,Tutong Town,Lambak,12.5,41.0,,,,8.93,4.7,4.4,Cash,10.86,Brunei-Muara,Brunei-Muara,,2.02,7.3,August,2024,Wednesday,,8.4,OFF-200094,8/14/2024 6:18,accepted,8/14/2024 6:18,SESS-16338,8/14/2024 2:18,8/14/2024 9:18,8/14/2024 6:18,2025-11-06 09:14:00,2025-11-06 09:18:00,2025-11-06 09:28:00,2025-11-06 09:44:00,,4.86875,114.89987,4.95623,114.97711,3.5,3.92,3.28,12.7,FQ-9945,INV-209040,BND,VEH-510,Yes,Belait,12,Normal,5,1/15/2023,Pass
2025-11-20,7:50:30,"""CNR6197135""",Completed,"""CID5014483""",Compact,Kiulap,Serusop,3.8,22.2,,,,26.86,4.1,4.4,Dart Wallet,32.39,Brunei-Muara,Brunei-Muara,Syafiqah Yusof,3.49,26.14,November,2024,Tuesday,0.0,9.7,OFF-200114,11/12/2024 7:49,accepted,11/12/2024 7:49,SESS-20137,11/12/2024 3:50,11/12/2024 9:50,11/12/2024 7:50,2025-11-20 22:31:00,2025-11-20 22:33:00,2025-11-20 22:41:00,2025-11-20 23:12:00,,4.88027,114.87663,4.88441,114.97508,3.5,21.26,1.78,26.54,FQ-6469,INV-297736,BND,VEH-214,Yes,Temburong,6,Normal,11,10/11/2023,Pass
2025-11-06,4:39:18,"""CNR8910332""",Completed,"""CID1229941""",Sedan,Bandar Seri Begawan,Kiulap,4.5,11.0,,,,16.62,3.6,4.8,Card,27.42,Brunei-Muara,Brunei-Muara,,3.4,17.67,November,2024,Tuesday,,4.3,OFF-200163,11/19/2024 4:39,accepted,11/19/2024 4:39,SESS-16338,11/19/2024 1:39,11/19/2024 6:39,11/19/2024 4:39,2025-11-06 02:27:00,2025-11-06 02:28:00,2025-11-06 02:30:00,2025-11-06 02:53:00,,4.88914,114.88394,4.95473,114.87104,3.5,3.92,0.88,17.45,FQ-7055,INV-883339,BND,VEH-510,Yes,Belait,8,High Demand Zone,10,8/21/2023,Pass
2025-11-19,12:29:52,"""CNR6025689""",Completed,"""CID8921108""",Compact,Tutong Beach,Serusop,4.7,10.3,,,,12.61,3.6,4.7,Dart Wallet,15.8,Brunei-Muara,Tutong,,3.35,13.13,January,2024,Wednesday,,4.1,OFF-200035,1/10/2024 12:29,accepted,1/10/2024 12:29,SESS-16338,1/10/2024 7:29,1/10/2024 13:29,1/10/2024 12:29,2025-11-19 07:18:00,2025-11-19 07:22:00,2025-11-19 07:24:00,2025-11-19 07:29:00,,4.88513,114.87098,4.72785,114.79049,3.5,3.92,0.82,10.74,FQ-7079,INV-366816,BND,VEH-510,Yes,Brunei-Muara,12,Normal,1,5/27/2023,Pass
2025-11-14,20:25:31,"""CNR7128155""",Cancelled,"""CID5063874""",Premium,Gadong,Gadong,7.7,30.2,,,,13.29,3.8,3.7,Card,9.4,Belait,Tutong,Noraini Kassim,1.54,6.69,June,2024,Monday,1.0,9.8,OFF-200025,6/24/2024 20:25,accepted,6/24/2024 20:25,SESS-88755,6/24/2024 15:25,6/24/2024 23:25,6/24/2024 20:25,2025-11-14 04:15:00,2025-11-14 04:20:00,2025-11-14 04:25:00,2025-11-14 04:48:00,,4.65754,114.3961,4.67437,114.78719,3.5,9.81,2.42,22.6,FQ-7044,INV-683708,BND,VEH-967,Yes,Tutong,5,High Demand Zone,5,3/27/2023,Pass
2025-11-04,8:30:02,"""CNR5318170""",Completed,"""CID4771912""",Sedan,Tutong Town,Kuala Belait,6.6,28.7,,,,21.75,3.7,4.7,Dart Wallet,33.04,Brunei-Muara,Brunei-Muara,Faisal Hakimi,4.67,23.04,April,2024,Tuesday,0.0,10.1,OFF-200042,4/23/2024 8:29,accepted,4/23/2024 8:29,SESS-85181,4/23/2024 4:30,4/23/2024 10:30,4/23/2024 8:30,2025-11-04 06:46:00,2025-11-04 06:47:00,2025-11-04 06:55:00,2025-11-04 07:12:00,,4.89597,114.89751,4.92782,114.92492,3.5,9.73,2.3,15.53,FQ-9536,INV-686288,BND,VEH-126,Yes,Brunei-Muara,13,Normal,3,10/3/2023,Pass
2025-11-24,15:46:39,"""CNR1091682""",Completed,"""CID1131593""",Compact,Tutong Beach,Sengkurong,3.4,14.7,1.0,,,7.04,3.6,4.4,Dart Wallet,30.48,Belait,Tutong,Abdul Rahman,4.38,20.2,July,2024,Thursday,0.0,11.0,OFF-200026,7/4/2024 15:45,rejected,7/4/2024 15:45,SESS-85776,7/4/2024 12:46,7/4/2024 18:46,7/4/2024 15:46,2025-11-24 06:16:00,2025-11-24 06:20:00,2025-11-24 06:29:00,2025-11-24 06:45:00,7/4/2024 15:55,4.65763,114.19244,4.65554,114.72602,3.5,3.92,1.18,10.75,FQ-9428,INV-959254,BND,VEH-428,Yes,Temburong,6,High Demand Zone,6,9/11/2023,Pass
2025-11-09,11:54:21,"""CNR2312430""",Completed,"""CID9761509""",Compact,Jerudong,Tutong Beach,10.0,39.5,,,,17.37,3.8,3.6,Cash,22.83,Brunei-Muara,Tutong,Shahrul Nizam,4.67,14.68,August,2024,Monday,0.0,8.1,OFF-200068,8/26/2024 11:53,rejected,8/26/2024 11:53,SESS-93507,8/26/2024 9:54,8/26/2024 12:54,8/26/2024 11:54,2025-11-09 13:39:00,2025-11-09 13:42:00,2025-11-09 13:51:00,2025-11-09 14:00:00,,4.93963,114.89716,4.80297,114.68201,3.5,7.54,3.16,16.2,FQ-6291,INV-968820,BND,VEH-252,Yes,Tutong,11,Normal,8,11/13/2023,Pass
2025-11-18,11:25:41,"""CNR2765681""",Completed,"""CID2228162""",SUV,Lumut,Lambak,3.8,44.0,1.0,,,24.09,4.4,3.9,Online Banking,27.99,Brunei-Muara,Brunei-Muara,Awangku Mohd,4.43,20.3,July,2024,Wednesday,0.0,5.4,OFF-200147,7/24/2024 11:25,rejected,7/24/2024 11:25,SESS-35925,7/24/2024 9:25,7/24/2024 12:25,7/24/2024 11:25,2025-11-18 07:19:00,2025-11-18 07:22:00,2025-11-18 07:28:00,2025-11-18 07:52:00,7/24/2024 11:27,4.91518,114.87124,4.91739,114.93728,3.5,3.92,3.52,10.94,FQ-5767,INV-212483,BND,VEH-727,Yes,Brunei-Muara,6,Normal,4,12/10/2023,Pass
2025-11-01,10:40:22,"""CNR1652765""",Completed,"""CID8558813""",Compact,Rimba,Serusop,6.5,34.4,,1.0,Vehicle Breakdown,15.96,5.0,4.5,Cash,8.53,Tutong,Belait,Zulhelmi Ishak,1.19,6.68,December,2024,Sunday,1.0,4.5,OFF-200010,12/1/2024 10:40,rejected,12/1/2024 10:40,SESS-38008,12/1/2024 7:40,12/1/2024 11:40,12/1/2024 10:40,2025-11-01 05:09:00,2025-11-01 05:12:00,2025-11-01 05:22:00,2025-11-01 05:45:00,,4.747,114.67638,4.5337,114.22291,3.5,2.13,2.75,15.47,FQ-6248,INV-952956,BND,VEH-353,Yes,Belait,9,High Demand Zone,11,1/29/2024,Pass
2025-11-01,20:07:52,"""CNR3734577""",Cancelled,"""CID4874936""",SUV,Lumut,Tutong Town,5.5,30.4,,,,23.63,4.7,3.5,Cash,10.5,Tutong,Brunei-Muara,Sufian bin Haji Ali,2.37,7.88,October,2024,Tuesday,0.0,10.1,OFF-200073,10/1/2024 20:07,accepted,10/1/2024 20:07,SESS-22883,10/1/2024 15:07,10/1/2024 22:07,10/1/2024 20:07,2025-11-01 19:08:00,2025-11-01 19:11:00,2025-11-01 19:21:00,2025-11-01 19:40:00,,4.65284,114.72336,4.888,114.87296,3.5,5.38,2.43,10.81,FQ-9229,INV-676519,BND,VEH-473,Yes,Tutong,5,Normal,10,4/23/2023,Pass
2025-11-16,16:02:47,"""CNR7028693""",Completed,"""CID5551104""",Sedan,Lumut,Mata-Mata,12.2,22.2,,,,27.29,4.6,3.6,Online Banking,19.17,Brunei-Muara,Brunei-Muara,Ridhwan Bakar,2.53,12.76,September,2024,Monday,1.0,7.0,OFF-200103,9/9/2024 16:01,rejected,9/9/2024 16:01,SESS-20959,9/9/2024 13:02,9/9/2024 17:02,9/9/2024 16:02,2025-11-16 16:55:00,2025-11-16 16:56:00,2025-11-16 17:04:00,2025-11-16 17:25:00,,4.8998,114.92244,4.96698,114.9224,3.5,5.6,1.78,13.82,FQ-7728,INV-412885,BND,VEH-504,Yes,Tutong,8,High Demand Zone,10,7/23/2023,Pass
2025-11-03,21:26:16,"""CNR9924856""",Completed,"""CID5443075""",SUV,Mata-Mata,Jangsak,9.0,23.4,,,,24.46,4.8,4.5,Dart Wallet,20.71,Belait,Belait,Mohd Hafiz,2.28,17.42,January,2024,Monday,0.0,4.3,OFF-200037,1/15/2024 21:25,rejected,1/15/2024 21:25,SESS-37455,1/15/2024 17:26,1/15/2024 23:26,1/15/2024 21:26,2025-11-03 17:37:00,2025-11-03 17:41:00,2025-11-03 17:48:00,2025-11-03 18:21:00,,4.5176,114.18781,4.60447,114.17037,3.5,2.81,1.87,6.68,FQ-6944,INV-424842,BND,VEH-678,Yes,Tutong,13,Normal,4,11/27/2023,Pass
2025-11-03,7:20:29,"""CNR4672986""",Completed,"""CID8960852""",SUV,Jangsak,Lumut,13.7,10.3,,,,21.23,3.9,4.1,Cash,13.7,Belait,Brunei-Muara,Ibrahim Daud,3.09,10.45,July,2024,Wednesday,1.0,7.1,OFF-200133,7/31/2024 7:19,accepted,7/31/2024 7:19,SESS-97398,7/31/2024 4:20,7/31/2024 10:20,7/31/2024 7:20,2025-11-03 16:20:00,2025-11-03 16:21:00,2025-11-03 16:23:00,2025-11-03 17:01:00,7/31/2024 7:29,4.58686,114.31698,4.88236,114.96428,3.5,3.92,0.82,8.24,FQ-7037,INV-974938,BND,VEH-819,Yes,Belait,7,Normal,14,3/7/2023,Pass
2025-12-08,13:47:33,"""CNR7496424""",Cancelled,"""CID5064084""",Compact,Muara,Muara,2.4,32.1,,,,12.49,4.1,3.5,Online Banking,9.76,Brunei-Muara,Belait,Nabilah Hassan,1.95,7.43,April,2024,Monday,1.0,9.9,OFF-200199,4/29/2024 13:46,accepted,4/29/2024 13:46,SESS-68128,4/29/2024 9:47,4/29/2024 16:47,4/29/2024 13:47,2025-12-08 11:21:00,2025-12-08 11:24:00,2025-12-08 11:26:00,2025-12-08 11:58:00,4/29/2024 13:51,4.89037,114.89512,4.69342,114.1578,3.5,3.92,2.57,13.48,FQ-6861,INV-690894,BND,VEH-713,Yes,Brunei-Muara,7,High Demand Zone,6,4/16/2023,Pass
2025-12-23,20:58:36,"""CNR2834318""",Cancelled by Driver,"""CID5225614""",Premium,Mata-Mata,Lumut,5.0,33.7,,,,14.11,4.6,3.8,Cash,27.68,Tutong,Brunei-Muara,Azizul Hasni,4.56,21.09,September,2024,Tuesday,1.0,8.3,OFF-200022,9/24/2024 20:57,accepted,9/24/2024 20:57,SESS-32577,9/24/2024 18:58,9/24/2024 21:58,9/24/2024 20:58,2025-12-23 03:29:00,2025-12-23 03:31:00,2025-12-23 03:35:00,2025-12-23 03:48:00,9/24/2024 21:06,4.6951,114.61724,4.93418,114.88213,3.5,3.92,2.7,12.65,FQ-9106,INV-154394,BND,VEH-480,Yes,Temburong,13,High Demand Zone,14,9/1/2023,Pass
2025-12-22,11:25:18,"""CNR8311141""",Cancelled by Driver,"""CID4377550""",Premium,Mata-Mata,Berakas,3.9,21.9,,,,1.7,4.8,4.5,Card,34.6,Brunei-Muara,Brunei-Muara,Nabilah Hassan,7.61,28.06,July,2024,Saturday,0.0,8.5,OFF-200046,7/6/2024 11:24,rejected,7/6/2024 11:24,SESS-68128,7/6/2024 6:25,7/6/2024 13:25,7/6/2024 11:25,2025-12-22 19:39:00,2025-12-22 19:43:00,2025-12-22 19:51:00,2025-12-22 19:58:00,7/6/2024 11:29,4.85366,114.90238,4.87389,114.88302,3.5,3.92,1.75,10.46,FQ-8617,INV-775885,BND,VEH-713,Yes,Belait,14,High Demand Zone,9,7/30/2023,Pass
2025-12-28,16:37:19,"""CNR7492796""",Completed,"""CID7866026""",Premium,Jangsak,Kiulap,2.3,31.7,,,,13.84,4.6,4.8,Dart Wallet,24.85,Belait,Brunei-Muara,,3.25,17.44,March,2024,Wednesday,,6.0,OFF-200089,3/13/2024 16:36,rejected,3/13/2024 16:36,SESS-16338,3/13/2024 13:37,3/13/2024 18:37,3/13/2024 16:37,2025-12-28 21:34:00,2025-12-28 21:36:00,2025-12-28 21:40:00,2025-12-28 22:04:00,,4.6872,114.36158,4.8765,114.87703,3.5,3.92,2.54,14.94,FQ-6417,INV-489304,BND,VEH-510,Yes,Brunei-Muara,12,High Demand Zone,13,7/31/2023,Pass
2025-12-13,11:28:33,"""CNR1941394""",Completed,"""CID6286517""",SUV,Tutong Beach,Bandar Seri Begawan,6.3,31.1,,,,10.36,4.2,4.7,Dart Wallet,16.4,Belait,Brunei-Muara,Faisal Hakimi,2.14,13.46,February,2024,Wednesday,1.0,11.7,OFF-200045,2/7/2024 11:27,accepted,2/7/2024 11:27,SESS-85181,2/7/2024 9:28,2/7/2024 12:28,2/7/2024 11:28,2025-12-13 05:25:00,2025-12-13 05:27:00,2025-12-13 05:36:00,2025-12-13 05:41:00,,4.68402,114.39582,4.85542,114.96918,3.5,8.2,2.49,22.28,FQ-6778,INV-391132,BND,VEH-126,Yes,Belait,14,High Demand Zone,9,12/26/2023,Pass
2025-12-15,13:53:59,"""CNR5691095""",Completed,"""CID6721290""",Compact,Tutong Town,Lambak,4.8,34.3,,,,21.17,4.8,3.9,Online Banking,9.6,Brunei-Muara,Tutong,,2.33,7.05,April,2024,Tuesday,,9.8,OFF-200106,4/23/2024 13:53,accepted,4/23/2024 13:53,SESS-16338,4/23/2024 10:53,4/23/2024 14:53,4/23/2024 13:53,2025-12-15 23:44:00,2025-12-15 23:48:00,2025-12-15 23:58:00,2025-12-16 00:03:00,,4.92991,114.94706,4.7877,114.73165,3.5,3.92,2.74,15.16,FQ-9582,INV-465906,BND,VEH-510,Yes,Tutong,6,Normal,4,12/3/2023,Pass
2025-12-22,10:56:12,"""CNR2608448""",Cancelled,"""CID5169769""",Compact,Sengkurong,Mata-Mata,6.1,40.5,,,,10.86,5.0,4.1,Cash,5.03,Brunei-Muara,Tutong,Abdul Rahman,0.65,3.7,February,2024,Thursday,1.0,9.0,OFF-200139,2/8/2024 10:55,accepted,2/8/2024 10:55,SESS-85776,2/8/2024 7:56,2/8/2024 12:56,2/8/2024 10:56,2025-12-22 07:17:00,2025-12-22 07:18:00,2025-12-22 07:20:00,2025-12-22 07:44:00,,4.91423,114.9531,4.68149,114.62119,3.5,9.56,3.24,14.8,FQ-7105,INV-933646,BND,VEH-428,Yes,Tutong,9,Normal,7,4/8/2023,Pass
2025-12-17,22:15:02,"""CNR6026851""",Cancelled,"""CID6133594""",SUV,Muara,Kiulap,6.4,20.7,,,,15.56,4.5,4.1,Cash,16.26,Brunei-Muara,Brunei-Muara,Abdul Rahman,2.57,13.53,October,2024,Saturday,1.0,8.9,OFF-200140,10/5/2024 22:14,accepted,10/5/2024 22:14,SESS-85776,10/5/2024 18:15,10/5/2024 23:15,10/5/2024 22:15,2025-12-17 05:02:00,2025-12-17 05:07:00,2025-12-17 05:17:00,2025-12-17 05:36:00,,4.9225,114.96828,4.89399,114.9767,3.5,13.76,1.66,25.65,FQ-6476,INV-839344,BND,VEH-428,Yes,Tutong,8,High Demand Zone,4,1/28/2023,Pass
2025-12-22,16:02:47,"""CNR7028693""",Cancelled by Driver,"""CID5551104""",Premium,Jerudong,Rimba,12.2,22.2,,,,6.79,4.9,4.2,Card,13.51,Brunei-Muara,Brunei-Muara,Ridhwan Bakar,1.44,9.62,September,2024,Monday,1.0,7.0,OFF-200103,9/9/2024 16:01,accepted,9/9/2024 16:01,SESS-20959,9/9/2024 13:02,9/9/2024 17:02,9/9/2024 16:02,2025-12-22 07:31:00,2025-12-22 07:36:00,2025-12-22 07:43:00,2025-12-22 07:55:00,,4.8998,114.92244,4.96698,114.9224,3.5,5.6,1.78,13.82,FQ-7728,INV-412885,BND,VEH-504,Yes,Brunei-Muara,8,High Demand Zone,10,7/23/2023,Pass
2025-12-05,2:54:41,"""CNR4689937""",Cancelled,"""CID3896706""",Sedan,Berakas,Gadong,4.1,44.0,,,,16.33,4.8,3.8,Cash,15.87,Brunei-Muara,Belait,Abdul Rahman,2.57,11.91,August,2024,Wednesday,1.0,7.0,OFF-200189,8/28/2024 2:54,accepted,8/28/2024 2:54,SESS-85776,8/27/2024 21:54,8/28/2024 4:54,8/28/2024 2:54,2025-12-05 13:34:00,2025-12-05 13:38:00,2025-12-05 13:40:00,2025-12-05 14:04:00,8/28/2024 2:58,4.91149,114.92542,4.69683,114.35312,3.5,3.92,3.52,14.68,FQ-6394,INV-575507,BND,VEH-428,Yes,Brunei-Muara,10,High Demand Zone,13,4/3/2023,Pass
2025-12-10,16:23:55,"""CNR2775531""",Cancelled,"""CID3611959""",Premium,Jangsak,Serusop,3.4,34.7,,,,13.15,4.6,4.5,Card,5.84,Brunei-Muara,Brunei-Muara,Siti Aminah,1.4,3.51,September,2024,Tuesday,0.0,5.7,OFF-200110,9/24/2024 16:23,accepted,9/24/2024 16:23,SESS-19622,9/24/2024 12:23,9/24/2024 17:23,9/24/2024 16:23,2025-12-10 09:45:00,2025-12-10 09:46:00,2025-12-10 09:53:00,2025-12-10 10:31:00,,4.97314,114.93464,4.96064,114.90285,3.5,16.15,2.78,20.93,FQ-9653,INV-443473,BND,VEH-614,Yes,Brunei-Muara,8,Normal,10,4/26/2023,Pass
2025-12-29,16:02:47,"""CNR7028693""",Cancelled by Driver,"""CID5551104""",Sedan,Rimba,Serusop,12.2,22.2,,,,7.96,3.8,4.6,Cash,29.9,Brunei-Muara,Brunei-Muara,Ridhwan Bakar,3.24,18.84,September,2024,Monday,1.0,7.0,OFF-200103,9/9/2024 16:01,accepted,9/9/2024 16:01,SESS-20959,9/9/2024 13:02,9/9/2024 17:02,9/9/2024 16:02,2025-12-29 12:46:00,2025-12-29 12:50:00,2025-12-29 12:54:00,2025-12-29 13:06:00,,4.8998,114.92244,4.96698,114.9224,3.5,5.6,1.78,13.82,FQ-7728,INV-412885,BND,VEH-504,Yes,Temburong,8,High Demand Zone,10,7/23/2023,Pass
2025-12-30,13:56:24,"""CNR5195905""",Completed,"""CID6060819""",SUV,Mentiri,Rimba,6.0,37.1,1.0,,,3.36,4.9,4.7,Online Banking,31.8,Belait,Tutong,Nabilah Hassan,6.74,19.17,June,2024,Monday,0.0,9.6,OFF-200059,6/10/2024 13:55,rejected,6/10/2024 13:55,SESS-68128,6/10/2024 10:56,6/10/2024 14:56,6/10/2024 13:56,2025-12-30 13:03:00,2025-12-30 13:06:00,2025-12-30 13:12:00,2025-12-30 13:33:00,6/10/2024 14:02,4.67708,114.20374,4.71426,114.64436,3.5,3.92,2.97,14.39,FQ-5551,INV-725131,BND,VEH-713,Yes,Belait,12,Normal,14,10/24/2023,Pass
2025-12-05,18:51:11,"""CNR5215080""",Completed,"""CID8772824""",SUV,Bandar Seri Begawan,Serusop,3.8,43.0,,,,16.99,4.9,4.7,Dart Wallet,3.29,Brunei-Muara,Belait,Nurul Izzah,0.55,2.19,March,2024,Friday,0.0,9.6,OFF-200170,3/29/2024 18:50,accepted,3/29/2024 18:51,SESS-35224,3/29/2024 16:51,3/29/2024 19:51,3/29/2024 18:51,2025-12-05 09:01:00,2025-12-05 09:05:00,2025-12-05 09:10:00,2025-12-05 09:38:00,3/29/2024 18:57,4.87112,114.94696,4.60348,114.26603,3.5,3.92,3.44,18.29,FQ-9633,INV-387567,BND,VEH-204,Yes,Brunei-Muara,6,High Demand Zone,6,2/2/2024,Pass
2025-12-02,16:58:40,"""CNR3034053""",Completed,"""CID7011064""",Compact,Kuala Belait,Muara,5.4,17.4,,,,11.29,3.6,4.3,Online Banking,4.34,Brunei-Muara,Brunei-Muara,Ahmad Zaki,0.71,3.36,May,2024,Tuesday,1.0,12.0,OFF-200099,5/21/2024 16:58,accepted,5/21/2024 16:58,SESS-75925,5/21/2024 12:58,5/21/2024 18:58,5/21/2024 16:58,2025-12-02 07:29:00,2025-12-02 07:30:00,2025-12-02 07:39:00,2025-12-02 08:08:00,,4.95755,114.97649,4.93414,114.8688,3.5,2.52,1.39,12.41,FQ-7603,INV-358639,BND,VEH-696,Yes,Belait,13,Normal,14,2/4/2024,Pass
2025-12-18,23:59:40,"""CNR2541239""",Completed,"""CID1296280""",SUV,Rimba,Tutong Town,2.0,35.6,,,,8.21,3.7,4.1,Cash,34.94,Tutong,Tutong,Awangku Mohd,8.42,24.19,June,2024,Sunday,1.0,8.9,OFF-200067,6/30/2024 23:59,rejected,6/30/2024 23:59,SESS-35925,6/30/2024 20:59,7/1/2024 1:59,6/30/2024 23:59,2025-12-18 14:43:00,2025-12-18 14:44:00,2025-12-18 14:50:00,2025-12-18 15:18:00,,4.78707,114.63706,4.69384,114.7241,3.5,8.83,2.85,19.98,FQ-5894,INV-866735,BND,VEH-727,Yes,Belait,7,High Demand Zone,9,8/28/2023,Pass
2025-12-07,18:33:33,"""CNR1951748""",Cancelled by Driver,"""CID2938002""",Compact,Jangsak,Tutong Beach,4.7,38.4,,,,17.86,4.8,4.9,Online Banking,7.14,Brunei-Muara,Tutong,,1.23,5.3,April,2024,Wednesday,,11.8,OFF-200132,4/10/2024 18:33,accepted,4/10/2024 18:33,SESS-16338,4/10/2024 13:33,4/10/2024 19:33,4/10/2024 18:33,2025-12-07 04:08:00,2025-12-07 04:12:00,2025-12-07 04:14:00,2025-12-07 04:46:00,,4.85975,114.97263,4.65284,114.64541,3.5,3.92,3.07,15.49,FQ-9621,INV-292992,BND,VEH-510,Yes,Temburong,12,Normal,11,4/28/2023,Pass
2025-12-29,15:20:46,"""CNR4215294""",Completed,"""CID4665477""",Compact,Lambak,Lambak,4.8,13.5,,,,3.11,3.8,4.4,Card,16.34,Belait,Brunei-Muara,Faisal Hakimi,3.92,11.66,January,2024,Wednesday,0.0,5.7,OFF-200119,1/10/2024 15:20,rejected,1/10/2024 15:20,SESS-85181,1/10/2024 11:20,1/10/2024 16:20,1/10/2024 15:20,2025-12-29 05:00:00,2025-12-29 05:02:00,2025-12-29 05:08:00,2025-12-29 05:16:00,,4.53101,114.19478,4.91683,114.93668,3.5,6.58,1.08,11.16,FQ-5787,INV-530245,BND,VEH-126,Yes,Temburong,7,Normal,6,5/5/2023,Pass
2025-12-29,14:08:13,"""CNR8483311""",Cancelled by Driver,"""CID5335612""",Compact,Berakas,Mentiri,14.7,36.8,1.0,,,14.08,4.0,4.2,Dart Wallet,25.72,Brunei-Muara,Brunei-Muara,Khairul Anuar,6.11,16.64,March,2024,Thursday,0.0,8.3,OFF-200036,3/7/2024 14:07,rejected,3/7/2024 14:08,SESS-78148,3/7/2024 12:08,3/7/2024 16:08,3/7/2024 14:08,2025-12-29 11:15:00,2025-12-29 11:20:00,2025-12-29 11:24:00,2025-12-29 12:08:00,3/7/2024 14:16,4.87607,114.91628,4.89107,114.95041,3.5,3.92,2.94,16.54,FQ-8173,INV-250204,BND,VEH-476,Yes,Belait,12,High Demand Zone,13,10/17/2023,Pass
2025-12-08,14:49:19,"""CNR1758100""",Cancelled by Driver,"""CID7007318""",Premium,Muara,Jerudong,10.3,23.4,,,,18.39,3.5,3.5,Card,34.23,Brunei-Muara,Brunei-Muara,Noraini Kassim,4.07,21.86,October,2024,Friday,0.0,6.9,OFF-200071,10/4/2024 14:48,accepted,10/4/2024 14:48,SESS-88755,10/4/2024 10:49,10/4/2024 16:49,10/4/2024 14:49,2025-12-08 08:26:00,2025-12-08 08:31:00,2025-12-08 08:33:00,2025-12-08 08:49:00,,4.85156,114.9388,4.97422,114.92309,3.5,3.7,1.87,13.6,FQ-6719,INV-204938,BND,VEH-967,Yes,Tutong,4,High Demand Zone,12,1/17/2024,Pass
2025-12-03,17:20:25,"""CNR7374628""",Completed,"""CID6173671""",SUV,Bandar Seri Begawan,Kuala Belait,12.6,11.9,,,,4.43,3.7,4.2,Cash,9.97,Belait,Belait,Siti Aminah,2.21,6.49,February,2024,Sunday,0.0,8.1,OFF-200126,2/25/2024 17:20,accepted,2/25/2024 17:20,SESS-19622,2/25/2024 14:20,2/25/2024 19:20,2/25/2024 17:20,2025-12-03 09:06:00,2025-12-03 09:10:00,2025-12-03 09:19:00,2025-12-03 09:27:00,2/25/2024 17:27,4.60897,114.3069,4.6399,114.15304,3.5,3.92,0.95,10.37,FQ-6571,INV-794826,BND,VEH-614,Yes,Belait,11,Normal,9,1/9/2023,Pass
2025-12-21,0:42:13,"""CNR9842517""",Completed,"""CID2039565""",Premium,Mentiri,Rimba,3.1,42.0,1.0,,,10.56,3.8,3.6,Card,32.07,Belait,Tutong,Noraini Kassim,6.33,27.02,March,2024,Thursday,1.0,8.3,OFF-200105,3/28/2024 0:41,accepted,3/28/2024 0:41,SESS-88755,3/27/2024 20:42,3/28/2024 1:42,3/28/2024 0:42,2025-12-21 17:23:00,2025-12-21 17:28:00,2025-12-21 17:30:00,2025-12-21 17:43:00,3/28/2024 0:46,4.51263,114.12542,4.81386,114.63648,3.5,3.92,3.36,13.48,FQ-8012,INV-170247,BND,VEH-967,Yes,Temburong,11,High Demand Zone,13,2/9/2023,Pass
2025-12-11,16:51:11,"""CNR2860348""",Cancelled by Driver,"""CID5578022""",Compact,Jerudong,Tutong Town,10.2,34.2,,,,25.86,4.2,3.5,Card,23.77,Brunei-Muara,Brunei-Muara,Aiman Hakim,2.85,16.65,October,2024,Monday,0.0,10.2,OFF-200091,10/7/2024 16:50,accepted,10/7/2024 16:50,SESS-93521,10/7/2024 12:51,10/7/2024 19:51,10/7/2024 16:51,2025-12-11 06:48:00,2025-12-11 06:52:00,2025-12-11 07:01:00,2025-12-11 07:42:00,10/7/2024 16:57,4.85757,114.92409,4.9292,114.97063,3.5,3.92,2.74,9.66,FQ-5293,INV-275833,BND,VEH-146,Yes,Temburong,8,Normal,11,1/23/2023,Pass
2025-12-12,8:32:29,"""CNR5958696""",Cancelled,"""CID7514435""",Compact,Mata-Mata,Jerudong,11.8,13.2,,,,19.9,4.8,3.9,Online Banking,27.25,Brunei-Muara,Brunei-Muara,Sufian bin Haji Ali,6.66,21.34,April,2024,Monday,0.0,8.2,OFF-200030,4/15/2024 8:32,accepted,4/15/2024 8:32,SESS-22883,4/15/2024 6:32,4/15/2024 10:32,4/15/2024 8:32,2025-12-12 07:26:00,2025-12-12 07:31:00,2025-12-12 07:40:00,2025-12-12 07:45:00,,4.87861,114.87606,4.94364,114.91597,3.5,13.06,1.06,18.62,FQ-7903,INV-948406,BND,VEH-473,Yes,Temburong,9,Normal,1,5/23/2023,Pass
2025-12-10,20:35:44,"""CNR4134932""",Completed,"""CID6712001""",SUV,Lambak,Mentiri,14.8,17.1,,,,10.16,4.2,4.2,Cash,24.14,Belait,Brunei-Muara,Syafiqah Yusof,2.46,16.93,July,2024,Friday,1.0,9.4,OFF-200121,7/19/2024 20:35,rejected,7/19/2024 20:35,SESS-20137,7/19/2024 16:35,7/19/2024 22:35,7/19/2024 20:35,2025-12-10 07:38:00,2025-12-10 07:41:00,2025-12-10 07:50:00,2025-12-10 08:14:00,,4.65002,114.36316,4.85119,114.97616,3.5,21.95,1.37,27.82,FQ-6666,INV-235039,BND,VEH-214,Yes,Brunei-Muara,5,Normal,1,6/4/2023,Pass
2025-12-21,22:24:03,"""CNR9205944""",Completed,"""CID2975665""",SUV,Mata-Mata,Bandar Seri Begawan,10.1,35.5,,,,22.58,4.3,4.4,Cash,29.67,Belait,Brunei-Muara,,6.18,22.13,July,2024,Sunday,,7.6,OFF-200136,7/14/2024 22:23,accepted,7/14/2024 22:23,SESS-16338,7/14/2024 17:24,7/15/2024 1:24,7/14/2024 22:24,2025-12-21 04:56:00,2025-12-21 04:57:00,2025-12-21 05:04:00,2025-12-21 05:40:00,,4.65695,114.26303,4.96827,114.92521,3.5,3.92,2.84,10.26,FQ-7907,INV-658083,BND,VEH-510,Yes,Belait,10,Normal,14,9/8/2023,Pass
2025-12-07,21:04:47,"""CNR5230005""",Completed,"""CID3694020""",Premium,Kuala Belait,Kuala Belait,11.3,38.2,,,,15.31,4.8,4.3,Dart Wallet,27.95,Brunei-Muara,Belait,Aiman Hakim,5.94,16.95,September,2024,Tuesday,1.0,4.1,OFF-200050,9/24/2024 21:04,accepted,9/24/2024 21:04,SESS-93521,9/24/2024 16:04,9/25/2024 0:04,9/24/2024 21:04,2025-12-07 06:21:00,2025-12-07 06:24:00,2025-12-07 06:29:00,2025-12-07 06:36:00,9/24/2024 21:11,4.95622,114.9567,4.59644,114.25753,3.5,3.92,3.06,12.98,FQ-9164,INV-660763,BND,VEH-146,Yes,Belait,14,Normal,12,9/10/2023,Pass
2025-12-25,18:45:44,"""CNR8732810""",Completed,"""CID7655227""",Sedan,Mentiri,Bandar Seri Begawan,2.9,15.8,,,,21.16,4.0,4.3,Dart Wallet,5.87,Belait,Belait,Awangku Mohd,0.73,4.93,December,2024,Saturday,1.0,7.6,OFF-200028,12/14/2024 18:45,accepted,12/14/2024 18:45,SESS-35925,12/14/2024 13:45,12/14/2024 21:45,12/14/2024 18:45,2025-12-25 07:14:00,2025-12-25 07:18:00,2025-12-25 07:20:00,2025-12-25 07:29:00,,4.68325,114.27029,4.57895,114.31538,3.5,20.26,1.26,37.53,FQ-7757,INV-663724,BND,VEH-727,Yes,Temburong,11,High Demand Zone,5,5/3/2023,Pass
2025-12-09,6:55:24,"""CNR8363670""",Completed,"""CID6661007""",Sedan,Bangar,Sengkurong,3.1,39.1,1.0,,,24.43,4.6,3.9,Online Banking,26.33,Tutong,Belait,Ridhwan Bakar,5.93,17.91,June,2024,Sunday,0.0,5.5,OFF-200039,6/23/2024 6:55,accepted,6/23/2024 6:55,SESS-20959,6/23/2024 2:55,6/23/2024 9:55,6/23/2024 6:55,2025-12-09 11:17:00,2025-12-09 11:18:00,2025-12-09 11:24:00,2025-12-09 11:41:00,6/23/2024 7:04,4.83034,114.71564,4.67236,114.24922,3.5,3.92,3.13,12.55,FQ-6190,INV-501755,BND,VEH-504,Yes,Brunei-Muara,4,Normal,8,1/29/2023,Pass
2025-12-20,19:04:03,"""CNR4022181""",Completed,"""CID2052577""",Compact,Rimba,Kiulap,11.3,13.8,,,,18.05,4.0,4.6,Dart Wallet,12.12,Belait,Tutong,Sufian bin Haji Ali,2.67,9.98,December,2024,Wednesday,0.0,9.2,OFF-200040,12/11/2024 19:03,accepted,12/11/2024 19:03,SESS-22883,12/11/2024 15:04,12/11/2024 20:04,12/11/2024 19:04,2025-12-20 12:32:00,2025-12-20 12:37:00,2025-12-20 12:42:00,2025-12-20 13:10:00,,4.58866,114.2821,4.70237,114.65418,3.5,17.92,1.1,33.15,FQ-9435,INV-592900,BND,VEH-473,Yes,Brunei-Muara,7,High Demand Zone,14,10/25/2023,Pass
2025-12-10,10:40:22,"""CNR1652765""",Cancelled by Driver,"""CID8558813""",Sedan,Lambak,Bandar Seri Begawan,6.5,34.4,,1.0,Vehicle Breakdown,5.65,4.1,3.9,Card,15.6,Tutong,Belait,Zulhelmi Ishak,3.27,13.03,December,2024,Sunday,1.0,4.5,OFF-200010,12/1/2024 10:40,rejected,12/1/2024 10:40,SESS-38008,12/1/2024 7:40,12/1/2024 11:40,12/1/2024 10:40,2025-12-10 03:30:00,2025-12-10 03:32:00,2025-12-10 03:34:00,2025-12-10 03:56:00,,4.747,114.67638,4.5337,114.22291,3.5,2.13,2.75,15.47,FQ-6248,INV-952956,BND,VEH-353,Yes,Belait,9,High Demand Zone,11,1/29/2024,Pass
2025-12-27,11:19:06,"""CNR3609994""",Cancelled,"""CID2703039""",Sedan,Bangar,Bangar,11.0,40.1,,,,21.24,4.2,3.9,Card,8.04,Brunei-Muara,Belait,,1.89,5.01,February,2024,Thursday,,8.5,OFF-200150,2/22/2024 11:18,accepted,2/22/2024 11:18,SESS-16338,2/22/2024 9:19,2/22/2024 12:19,2/22/2024 11:19,2025-12-27 17:28:00,2025-12-27 17:29:00,2025-12-27 17:35:00,2025-12-27 18:05:00,,4.9529,114.92257,4.60565,114.22755,3.5,3.92,3.21,15.94,FQ-6583,INV-561935,BND,VEH-510,Yes,Temburong,9,High Demand Zone,12,7/18/2023,Pass
2025-12-20,16:24:48,"""CNR5785058""",Cancelled by Driver,"""CID7525538""",Sedan,Serusop,Berakas,11.6,35.9,1.0,,,25.65,4.7,3.6,Card,12.6,Brunei-Muara,Brunei-Muara,Aiman Hakim,2.22,9.14,October,2024,Friday,0.0,5.5,OFF-200000,10/25/2024 16:24,rejected,10/25/2024 16:24,SESS-93521,10/25/2024 13:24,10/25/2024 18:24,10/25/2024 16:24,2025-12-20 06:47:00,2025-12-20 06:50:00,2025-12-20 06:55:00,2025-12-20 07:13:00,10/25/2024 16:30,4.87265,114.86109,4.91072,114.91494,3.5,3.92,2.87,12.86,FQ-5728,INV-132772,BND,VEH-146,Yes,Temburong,8,High Demand Zone,6,1/1/2024,Pass
2025-12-14,11:28:33,"""CNR1941394""",Cancelled by Driver,"""CID6286517""",Sedan,Lambak,Kiulap,6.3,31.1,,,,3.29,4.1,3.7,Cash,30.7,Belait,Brunei-Muara,Faisal Hakimi,7.01,19.95,February,2024,Wednesday,1.0,11.7,OFF-200045,2/7/2024 11:27,accepted,2/7/2024 11:27,SESS-85181,2/7/2024 9:28,2/7/2024 12:28,2/7/2024 11:28,2025-12-14 14:48:00,2025-12-14 14:52:00,2025-12-14 15:02:00,2025-12-14 15:39:00,,4.68402,114.39582,4.85542,114.96918,3.5,8.2,2.49,22.28,FQ-6778,INV-391132,BND,VEH-126,Yes,Brunei-Muara,14,High Demand Zone,9,12/26/2023,Pass
2025-12-04,10:01:49,"""CNR5994386""",Cancelled,"""CID5100180""",Premium,Bangar,Kiulap,9.6,17.4,,,,4.46,4.2,3.9,Card,8.97,Brunei-Muara,Brunei-Muara,Hamid Rashid,1.44,6.71,June,2024,Wednesday,0.0,6.7,OFF-200100,6/12/2024 10:01,accepted,6/12/2024 10:01,SESS-39154,6/12/2024 6:01,6/12/2024 11:01,6/12/2024 10:01,2025-12-04 03:10:00,2025-12-04 03:15:00,2025-12-04 03:21:00,2025-12-04 04:00:00,,4.85784,114.86004,4.91782,114.92255,3.5,6.97,1.39,10.86,FQ-9392,INV-788877,BND,VEH-750,Yes,Tutong,10,Normal,2,1/1/2024,Pass
2025-12-22,20:38:53,"""CNR3203477""",Completed,"""CID7343220""",Compact,Lumut,Gadong,2.1,10.8,,,,9.59,4.3,3.6,Dart Wallet,25.76,Brunei-Muara,Tutong,Nabilah Hassan,6.28,20.13,February,2024,Saturday,1.0,5.8,OFF-200148,2/17/2024 20:37,accepted,2/17/2024 20:38,SESS-68128,2/17/2024 18:38,2/17/2024 22:38,2/17/2024 20:38,2025-12-22 21:05:00,2025-12-22 21:08:00,2025-12-22 21:10:00,2025-12-22 21:24:00,,4.88489,114.9462,4.69767,114.6044,3.5,14.16,0.86,28.15,FQ-9262,INV-819914,BND,VEH-713,Yes,Belait,13,High Demand Zone,5,11/23/2023,Pass
2025-12-29,16:37:19,"""CNR7492796""",Cancelled by Driver,"""CID7866026""",Compact,Bandar Seri Begawan,Kuala Belait,2.3,31.7,,,,17.72,5.0,4.7,Cash,26.33,Belait,Brunei-Muara,,5.76,18.57,March,2024,Wednesday,,6.0,OFF-200089,3/13/2024 16:36,accepted,3/13/2024 16:36,SESS-16338,3/13/2024 13:37,3/13/2024 18:37,3/13/2024 16:37,2025-12-29 21:43:00,2025-12-29 21:44:00,2025-12-29 21:49:00,2025-12-29 22:02:00,,4.6872,114.36158,4.8765,114.87703,3.5,3.92,2.54,14.94,FQ-6417,INV-489304,BND,VEH-510,Yes,Temburong,12,High Demand Zone,13,7/31/2023,Pass
2025-12-05,17:14:30,"""CNR3575891""",Completed,"""CID5810167""",SUV,Gadong,Sengkurong,3.0,30.9,,,,16.5,4.9,4.7,Cash,5.36,Brunei-Muara,Belait,Ridhwan Bakar,0.84,3.24,March,2024,Tuesday,0.0,10.6,OFF-200109,3/5/2024 17:13,rejected,3/5/2024 17:14,SESS-20959,3/5/2024 12:14,3/5/2024 18:14,3/5/2024 17:14,2025-12-05 12:59:00,2025-12-05 13:04:00,2025-12-05 13:11:00,2025-12-05 13:31:00,,4.97997,114.95174,4.54153,114.19567,3.5,11.2,2.47,14.67,FQ-5876,INV-381960,BND,VEH-504,Yes,Temburong,8,Normal,11,12/13/2023,Pass
2025-12-01,4:39:18,"""CNR8910332""",Completed,"""CID1229941""",Compact,Mentiri,Kiulap,4.5,11.0,,,,13.59,4.8,4.6,Card,15.67,Brunei-Muara,Brunei-Muara,,1.67,9.43,November,2024,Tuesday,,4.3,OFF-200163,11/19/2024 4:39,rejected,11/19/2024 4:39,SESS-16338,11/19/2024 1:39,11/19/2024 6:39,11/19/2024 4:39,2025-12-01 06:44:00,2025-12-01 06:48:00,2025-12-01 06:58:00,2025-12-01 07:27:00,,4.88914,114.88394,4.95473,114.87104,3.5,3.92,0.88,17.45,FQ-7055,INV-883339,BND,VEH-510,Yes,Brunei-Muara,8,High Demand Zone,10,8/21/2023,Pass
2025-12-03,18:32:16,"""CNR3882280""",Completed,"""CID8466525""",Sedan,Gadong,Berakas,11.7,43.3,,,,7.88,3.9,3.5,Cash,28.78,Belait,Tutong,Dayangku Siti,4.45,17.48,October,2024,Saturday,0.0,8.9,OFF-200181,10/19/2024 18:31,accepted,10/19/2024 18:31,SESS-38322,10/19/2024 15:32,10/19/2024 20:32,10/19/2024 18:32,2025-12-03 20:33:00,2025-12-03 20:34:00,2025-12-03 20:40:00,2025-12-03 21:12:00,,4.5178,114.1522,4.7887,114.79002,3.5,6.18,3.46,20.42,FQ-7549,INV-941974,BND,VEH-618,Yes,Brunei-Muara,9,High Demand Zone,14,9/12/2023,Pass
2025-12-06,18:36:55,"""CNR6363970""",Cancelled,"""CID3593238""",Sedan,Sengkurong,Muara,13.4,12.7,,,,21.78,4.0,5.0,Card,4.59,Tutong,Brunei-Muara,Khairul Anuar,0.55,3.25,April,2024,Tuesday,1.0,10.8,OFF-200056,4/16/2024 18:36,accepted,4/16/2024 18:36,SESS-78148,4/16/2024 14:36,4/16/2024 19:36,4/16/2024 18:36,2025-12-06 22:00:00,2025-12-06 22:05:00,2025-12-06 22:12:00,2025-12-06 22:46:00,,4.77461,114.76049,4.94219,114.88607,3.5,12.96,1.02,18.48,FQ-6092,INV-678197,BND,VEH-476,Yes,Temburong,8,Normal,5,8/19/2023,Pass
2025-12-27,16:24:48,"""CNR5785058""",Cancelled by Driver,"""CID7525538""",Premium,Serusop,Kiulap,11.6,35.9,1.0,,,27.85,4.4,4.3,Online Banking,25.19,Brunei-Muara,Brunei-Muara,Aiman Hakim,2.86,16.53,October,2024,Friday,0.0,5.5,OFF-200000,10/25/2024 16:24,accepted,10/25/2024 16:24,SESS-93521,10/25/2024 13:24,10/25/2024 18:24,10/25/2024 16:24,2025-12-27 15:49:00,2025-12-27 15:52:00,2025-12-27 15:59:00,2025-12-27 16:22:00,10/25/2024 16:30,4.87265,114.86109,4.91072,114.91494,3.5,3.92,2.87,12.86,FQ-5728,INV-132772,BND,VEH-146,Yes,Tutong,8,High Demand Zone,6,1/1/2024,Pass
2025-12-04,22:31:08,"""CNR9701090""",Completed,"""CID5501061""",Premium,Tutong Beach,Berakas,3.8,12.1,,,,5.55,3.7,4.1,Online Banking,34.37,Brunei-Muara,Brunei-Muara,Shahrul Nizam,7.53,22.06,April,2024,Wednesday,0.0,8.5,OFF-200062,4/24/2024 22:30,rejected,4/24/2024 22:30,SESS-93507,4/24/2024 20:31,4/25/2024 1:31,4/24/2024 22:31,2025-12-04 22:24:00,2025-12-04 22:27:00,2025-12-04 22:35:00,2025-12-04 23:18:00,4/24/2024 22:35,4.96124,114.90419,4.95828,114.92584,3.5,3.92,0.97,13.39,FQ-8734,INV-511415,BND,VEH-252,Yes,Tutong,7,Normal,14,4/7/2023,Pass
2025-12-20,18:32:16,"""CNR3882280""",Completed,"""CID8466525""",Sedan,Muara,Mata-Mata,11.7,43.3,,,,1.88,4.6,4.5,Dart Wallet,20.34,Belait,Tutong,Dayangku Siti,3.4,12.26,October,2024,Saturday,0.0,8.9,OFF-200181,10/19/2024 18:31,accepted,10/19/2024 18:31,SESS-38322,10/19/2024 15:32,10/19/2024 20:32,10/19/2024 18:32,2025-12-20 14:51:00,2025-12-20 14:55:00,2025-12-20 15:03:00,2025-12-20 15:28:00,,4.5178,114.1522,4.7887,114.79002,3.5,6.18,3.46,20.42,FQ-7549,INV-941974,BND,VEH-618,Yes,Brunei-Muara,9,High Demand Zone,14,9/12/2023,Pass
2025-12-29,11:31:06,"""CNR6103529""",Completed,"""CID5523739""",Premium,Sengkurong,Tutong Beach,13.3,43.0,,1.0,Other Issue,20.75,4.9,4.6,Cash,33.56,Tutong,Brunei-Muara,Haji Ramli,4.52,20.71,May,2024,Friday,1.0,10.0,OFF-200054,5/17/2024 11:30,accepted,5/17/2024 11:30,SESS-68895,5/17/2024 7:31,5/17/2024 13:31,5/17/2024 11:31,2025-12-29 11:53:00,2025-12-29 11:56:00,2025-12-29 12:01:00,2025-12-29 12:14:00,,4.75317,114.63822,4.85107,114.9304,3.5,2.7,3.44,12.05,FQ-5830,INV-335610,BND,VEH-355,Yes,Brunei-Muara,4,High Demand Zone,8,1/28/2023,Pass
2025-12-14,7:50:30,"""CNR6197135""",Completed,"""CID5014483""",Compact,Sengkurong,Tutong Beach,3.8,22.2,,,,9.76,4.4,4.0,Cash,8.74,Brunei-Muara,Brunei-Muara,Syafiqah Yusof,1.65,5.7,November,2024,Tuesday,0.0,9.7,OFF-200114,11/12/2024 7:49,accepted,11/12/2024 7:49,SESS-20137,11/12/2024 3:50,11/12/2024 9:50,11/12/2024 7:50,2025-12-14 15:40:00,2025-12-14 15:44:00,2025-12-14 15:51:00,2025-12-14 16:02:00,,4.88027,114.87663,4.88441,114.97508,3.5,21.26,1.78,26.54,FQ-6469,INV-297736,BND,VEH-214,Yes,Brunei-Muara,6,Normal,11,10/11/2023,Pass
2025-12-02,5:07:15,"""CNR2934263""",Cancelled,"""CID3123182""",Sedan,Mentiri,Jangsak,9.5,22.1,,,,22.32,4.3,4.5,Online Banking,21.33,Belait,Brunei-Muara,Khairul Anuar,5.12,16.84,March,2024,Monday,0.0,11.4,OFF-200167,3/25/2024 5:06,accepted,3/25/2024 5:06,SESS-78148,3/25/2024 2:07,3/25/2024 7:07,3/25/2024 5:07,2025-12-02 22:15:00,2025-12-02 22:17:00,2025-12-02 22:24:00,2025-12-02 22:45:00,,4.62353,114.31096,4.95954,114.93956,3.5,13.26,1.77,23.53,FQ-8646,INV-555702,BND,VEH-476,Yes,Brunei-Muara,14,Normal,2,6/14/2023,Pass
2025-12-14,16:17:08,"""CNR3966448""",Cancelled by Driver,"""CID4889324""",Compact,Mata-Mata,Mentiri,7.3,26.5,,,,10.35,4.2,4.5,Cash,9.23,Belait,Belait,Faisal Hakimi,1.29,6.94,February,2024,Friday,1.0,9.2,OFF-200142,2/23/2024 16:16,accepted,2/23/2024 16:16,SESS-85181,2/23/2024 11:17,2/23/2024 18:17,2/23/2024 16:17,2025-12-14 23:46:00,2025-12-14 23:51:00,2025-12-14 23:59:00,2025-12-15 00:23:00,,4.63084,114.22862,4.53255,114.18426,3.5,17.03,2.12,24.65,FQ-6771,INV-391024,BND,VEH-126,Yes,Belait,9,Normal,11,11/30/2023,Pass
2025-12-18,20:38:53,"""CNR3203477""",Completed,"""CID7343220""",Sedan,Lumut,Lumut,2.1,10.8,,,,3.91,4.2,4.0,Online Banking,28.78,Brunei-Muara,Tutong,Nabilah Hassan,2.99,18.6,February,2024,Saturday,1.0,5.8,OFF-200148,2/17/2024 20:37,accepted,2/17/2024 20:38,SESS-68128,2/17/2024 18:38,2/17/2024 22:38,2/17/2024 20:38,2025-12-18 00:19:00,2025-12-18 00:21:00,2025-12-18 00:23:00,2025-12-18 00:57:00,,4.88489,114.9462,4.69767,114.6044,3.5,14.16,0.86,28.15,FQ-9262,INV-819914,BND,VEH-713,Yes,Belait,13,High Demand Zone,5,11/23/2023,Pass
2025-12-07,2:51:22,"""CNR6778932""",Completed,"""CID8872225""",Premium,Berakas,Rimba,14.5,21.9,,,,27.73,4.9,4.7,Online Banking,30.79,Tutong,Tutong,Nurul Izzah,6.6,20.95,January,2024,Wednesday,1.0,8.4,OFF-200174,1/3/2024 2:50,accepted,1/3/2024 2:50,SESS-35224,1/3/2024 0:51,1/3/2024 3:51,1/3/2024 2:51,2025-12-07 06:43:00,2025-12-07 06:45:00,2025-12-07 06:54:00,2025-12-07 07:08:00,,4.71025,114.76064,4.66094,114.78991,3.5,11.45,1.75,14.2,FQ-7333,INV-418725,BND,VEH-204,Yes,Belait,8,Normal,1,3/2/2023,Pass
2025-12-29,8:02:31,"""CNR9210055""",Completed,"""CID2341391""",SUV,Jangsak,Lumut,9.5,34.1,1.0,,,2.36,3.9,4.4,Card,23.85,Brunei-Muara,Brunei-Muara,Fadhil Junaidi,3.04,15.73,March,2024,Friday,0.0,7.6,OFF-200052,3/8/2024 8:02,accepted,3/8/2024 8:02,SESS-29233,3/8/2024 4:02,3/8/2024 9:02,3/8/2024 8:02,2025-12-29 14:17:00,2025-12-29 14:20:00,2025-12-29 14:24:00,2025-12-29 15:08:00,3/8/2024 8:04,4.89535,114.86483,4.86959,114.89999,3.5,3.92,2.73,10.15,FQ-6058,INV-126854,BND,VEH-642,Yes,Belait,13,Normal,8,8/20/2023,Pass
2025-12-01,22:24:03,"""CNR9205944""",Completed,"""CID2975665""",Premium,Tutong Beach,Tutong Town,10.1,35.5,,,,3.05,4.7,4.4,Card,18.83,Belait,Brunei-Muara,,2.3,14.08,July,2024,Sunday,,7.6,OFF-200136,7/14/2024 22:23,accepted,7/14/2024 22:23,SESS-16338,7/14/2024 17:24,7/15/2024 1:24,7/14/2024 22:24,2025-12-01 02:20:00,2025-12-01 02:22:00,2025-12-01 02:27:00,2025-12-01 03:11:00,,4.65695,114.26303,4.96827,114.92521,3.5,3.92,2.84,10.26,FQ-7907,INV-658083,BND,VEH-510,Yes,Belait,10,Normal,14,9/8/2023,Pass
2025-12-16,18:52:21,"""CNR5527486""",Cancelled,"""CID1522967""",Compact,Mentiri,Serusop,3.1,10.9,,,,21.0,3.7,4.9,Cash,16.97,Brunei-Muara,Tutong,Ridhwan Bakar,2.21,12.82,November,2024,Tuesday,1.0,11.1,OFF-200179,11/12/2024 18:51,accepted,11/12/2024 18:51,SESS-20959,11/12/2024 15:52,11/12/2024 20:52,11/12/2024 18:52,2025-12-16 10:46:00,2025-12-16 10:49:00,2025-12-16 10:52:00,2025-12-16 11:17:00,,4.91079,114.87978,4.68273,114.73974,3.5,2.04,0.87,10.62,FQ-7306,INV-318395,BND,VEH-504,Yes,Tutong,12,High Demand Zone,9,6/20/2023,Pass
2025-12-01,18:36:55,"""CNR6363970""",Completed,"""CID3593238""",Compact,Serusop,Lambak,13.4,12.7,,,,14.54,4.3,4.8,Card,17.38,Tutong,Brunei-Muara,Khairul Anuar,1.93,11.31,April,2024,Tuesday,1.0,10.8,OFF-200056,4/16/2024 18:36,rejected,4/16/2024 18:36,SESS-78148,4/16/2024 14:36,4/16/2024 19:36,4/16/2024 18:36,2025-12-01 22:45:00,2025-12-01 22:47:00,2025-12-01 22:53:00,2025-12-01 23:23:00,,4.77461,114.76049,4.94219,114.88607,3.5,12.96,1.02,18.48,FQ-6092,INV-678197,BND,VEH-476,Yes,Belait,8,Normal,5,8/19/2023,Pass
2025-12-31,17:37:07,"""CNR6403761""",Completed,"""CID4335550""",SUV,Jangsak,Gadong,4.6,32.9,1.0,,,2.0,4.0,4.3,Online Banking,15.11,Belait,Belait,Haji Ramli,1.9,11.39,May,2024,Thursday,0.0,9.3,OFF-200116,5/9/2024 17:36,accepted,5/9/2024 17:36,SESS-68895,5/9/2024 13:37,5/9/2024 18:37,5/9/2024 17:37,2025-12-31 01:15:00,2025-12-31 01:19:00,2025-12-31 01:25:00,2025-12-31 01:55:00,5/9/2024 17:43,4.56322,114.35532,4.52656,114.19165,3.5,3.92,2.63,12.05,FQ-5044,INV-648494,BND,VEH-355,Yes,Brunei-Muara,6,Normal,11,5/25/2023,Pass
2025-12-21,17:46:33,"""CNR2831131""",Cancelled,"""CID1170263""",Premium,Serusop,Lumut,12.4,34.3,1.0,,,11.64,4.4,3.7,Cash,28.01,Tutong,Brunei-Muara,Aiman Hakim,4.71,17.98,May,2024,Sunday,0.0,10.5,OFF-200153,5/19/2024 17:46,rejected,5/19/2024 17:46,SESS-93521,5/19/2024 13:46,5/19/2024 18:46,5/19/2024 17:46,2025-12-21 08:53:00,2025-12-21 08:56:00,2025-12-21 09:05:00,2025-12-21 09:12:00,5/19/2024 17:51,4.66044,114.7135,4.89094,114.97557,3.5,3.92,2.74,15.2,FQ-9764,INV-621374,BND,VEH-146,Yes,Brunei-Muara,12,High Demand Zone,6,5/20/2023,Pass
2025-12-01,18:56:17,"""CNR8649779""",Completed,"""CID1478202""",Premium,Rimba,Berakas,13.4,42.3,,,,9.2,4.4,4.2,Dart Wallet,26.33,Brunei-Muara,Belait,Azizul Hasni,3.88,18.75,March,2024,Monday,0.0,5.7,OFF-200168,3/18/2024 18:55,rejected,3/18/2024 18:55,SESS-32577,3/18/2024 16:56,3/18/2024 19:56,3/18/2024 18:56,2025-12-01 13:50:00,2025-12-01 13:51:00,2025-12-01 13:53:00,2025-12-01 14:08:00,,4.9508,114.97583,4.61721,114.10874,3.5,1.27,3.38,8.15,FQ-7225,INV-991630,BND,VEH-480,Yes,Belait,12,Normal,12,3/21/2023,Pass
2025-12-04,20:46:16,"""CNR5874746""",Cancelled by Driver,"""CID9596834""",Compact,Bandar Seri Begawan,Tutong Town,8.5,33.8,,,,1.41,3.7,4.5,Cash,29.04,Belait,Brunei-Muara,Faisal Hakimi,5.96,19.47,June,2024,Sunday,1.0,9.9,OFF-200034,6/23/2024 20:45,accepted,6/23/2024 20:45,SESS-85181,6/23/2024 15:46,6/23/2024 22:46,6/23/2024 20:46,2025-12-04 16:45:00,2025-12-04 16:50:00,2025-12-04 16:59:00,2025-12-04 17:17:00,6/23/2024 20:54,4.66917,114.28965,4.89813,114.86034,3.5,3.92,2.7,15.12,FQ-8476,INV-245076,BND,VEH-126,Yes,Tutong,9,Normal,13,12/8/2023,Pass
2025-12-14,22:31:08,"""CNR9701090""",Completed,"""CID5501061""",Sedan,Tutong Town,Rimba,3.8,12.1,,,,17.99,4.5,4.5,Card,26.0,Brunei-Muara,Brunei-Muara,Shahrul Nizam,4.68,21.67,April,2024,Wednesday,0.0,8.5,OFF-200062,4/24/2024 22:30,accepted,4/24/2024 22:30,SESS-93507,4/24/2024 20:31,4/25/2024 1:31,4/24/2024 22:31,2025-12-14 13:12:00,2025-12-14 13:14:00,2025-12-14 13:18:00,2025-12-14 13:36:00,4/24/2024 22:35,4.96124,114.90419,4.95828,114.92584,3.5,3.92,0.97,13.39,FQ-8734,INV-511415,BND,VEH-252,Yes,Belait,7,Normal,14,4/7/2023,Pass
2025-12-30,17:49:20,"""CNR4918246""",Completed,"""CID2808277""",Sedan,Muara,Tutong Town,6.0,10.7,,,,13.67,4.9,3.7,Cash,24.92,Tutong,Belait,Mohd Hafiz,5.93,19.31,April,2024,Monday,0.0,6.6,OFF-200024,4/8/2024 17:49,accepted,4/8/2024 17:49,SESS-37455,4/8/2024 15:49,4/8/2024 19:49,4/8/2024 17:49,2025-12-30 03:10:00,2025-12-30 03:15:00,2025-12-30 03:21:00,2025-12-30 04:05:00,,4.82489,114.71429,4.64969,114.34022,3.5,16.98,0.86,33.01,FQ-6504,INV-669462,BND,VEH-678,Yes,Tutong,5,High Demand Zone,6,1/6/2024,Pass
2025-12-27,16:37:19,"""CNR7492796""",Cancelled by Driver,"""CID7866026""",Compact,Lambak,Mentiri,2.3,31.7,,,,15.89,3.8,4.9,Dart Wallet,5.05,Belait,Brunei-Muara,,0.61,3.66,March,2024,Wednesday,,6.0,OFF-200089,3/13/2024 16:36,rejected,3/13/2024 16:36,SESS-16338,3/13/2024 13:37,3/13/2024 18:37,3/13/2024 16:37,2025-12-27 18:21:00,2025-12-27 18:24:00,2025-12-27 18:33:00,2025-12-27 18:57:00,,4.6872,114.36158,4.8765,114.87703,3.5,3.92,2.54,14.94,FQ-6417,INV-489304,BND,VEH-510,Yes,Belait,12,High Demand Zone,13,7/31/2023,Pass
2025-12-17,18:04:38,"""CNR7294023""",Completed,"""CID4171544""",Sedan,Bandar Seri Begawan,Rimba,10.8,42.3,,1.0,Customer Demand,8.41,5.0,4.2,Dart Wallet,25.33,Tutong,Brunei-Muara,Ibrahim Daud,4.06,19.27,February,2024,Saturday,1.0,7.9,OFF-200074,2/24/2024 18:03,accepted,2/24/2024 18:03,SESS-97398,2/24/2024 14:04,2/24/2024 21:04,2/24/2024 18:04,2025-12-17 20:29:00,2025-12-17 20:32:00,2025-12-17 20:34:00,2025-12-17 21:09:00,,4.80558,114.7372,4.90277,114.88197,3.5,4.92,3.38,11.8,FQ-7097,INV-940986,BND,VEH-819,Yes,Tutong,8,Normal,3,10/12/2023,Pass
2025-12-20,21:26:16,"""CNR9924856""",Cancelled by Driver,"""CID5443075""",Compact,Tutong Beach,Mata-Mata,9.0,23.4,,,,20.67,4.9,4.4,Online Banking,9.17,Belait,Belait,Mohd Hafiz,0.92,6.06,January,2024,Monday,0.0,4.3,OFF-200037,1/15/2024 21:25,rejected,1/15/2024 21:25,SESS-37455,1/15/2024 17:26,1/15/2024 23:26,1/15/2024 21:26,2025-12-20 17:46:00,2025-12-20 17:47:00,2025-12-20 17:55:00,2025-12-20 18:17:00,,4.5176,114.18781,4.60447,114.17037,3.5,2.81,1.87,6.68,FQ-6944,INV-424842,BND,VEH-678,Yes,Tutong,13,Normal,4,11/27/2023,Pass
2025-12-05,13:43:11,"""CNR9249380""",Cancelled,"""CID5685213""",Sedan,Serusop,Mata-Mata,7.0,31.9,,,,13.14,4.3,4.2,Dart Wallet,3.24,Belait,Brunei-Muara,Nurul Izzah,0.48,2.23,September,2024,Thursday,1.0,11.1,OFF-200129,9/12/2024 13:42,accepted,9/12/2024 13:42,SESS-35224,9/12/2024 11:43,9/12/2024 16:43,9/12/2024 13:43,2025-12-05 06:18:00,2025-12-05 06:23:00,2025-12-05 06:25:00,2025-12-05 06:37:00,,4.60794,114.25377,4.90001,114.92623,3.5,13.05,2.55,29.65,FQ-5272,INV-376808,BND,VEH-204,Yes,Brunei-Muara,13,High Demand Zone,1,7/10/2023,Pass
2025-12-31,22:11:25,"""CNR1993047""",Completed,"""CID2155317""",Compact,Mentiri,Sengkurong,14.8,42.7,,,,13.5,4.0,4.3,Online Banking,11.15,Brunei-Muara,Brunei-Muara,Syafiqah Yusof,1.2,6.71,June,2024,Sunday,1.0,10.0,OFF-200134,6/30/2024 22:11,accepted,6/30/2024 22:11,SESS-20137,6/30/2024 17:11,7/1/2024 1:11,6/30/2024 22:11,2025-12-31 08:07:00,2025-12-31 08:11:00,2025-12-31 08:21:00,2025-12-31 08:57:00,,4.91504,114.94118,4.96987,114.87202,3.5,3.22,3.42,15.18,FQ-5376,INV-178320,BND,VEH-214,Yes,Tutong,9,High Demand Zone,8,3/25/2023,Pass
2025-12-26,14:48:47,"""CNR8626386""",Completed,"""CID6488104""",Compact,Sengkurong,Bandar Seri Begawan,13.2,29.6,,,,5.46,4.7,3.9,Dart Wallet,13.4,Belait,Brunei-Muara,Azizul Hasni,3.07,11.03,October,2024,Sunday,1.0,10.5,OFF-200161,10/27/2024 14:48,accepted,10/27/2024 14:48,SESS-32577,10/27/2024 9:48,10/27/2024 17:48,10/27/2024 14:48,2025-12-26 13:44:00,2025-12-26 13:47:00,2025-12-26 13:51:00,2025-12-26 14:29:00,,4.67317,114.37449,4.94355,114.888,3.5,3.42,2.37,9.29,FQ-9476,INV-887065,BND,VEH-480,Yes,Brunei-Muara,9,Normal,7,10/2/2023,Pass
2025-12-19,22:36:05,"""CNR7036055""",Completed,"""CID7359512""",Compact,Berakas,Tutong Beach,7.5,11.3,,,,24.8,4.9,4.2,Dart Wallet,29.77,Brunei-Muara,Belait,Ahmad Zaki,6.24,24.32,May,2024,Sunday,1.0,9.0,OFF-200090,5/26/2024 22:35,accepted,5/26/2024 22:35,SESS-75925,5/26/2024 19:36,5/27/2024 0:36,5/26/2024 22:36,2025-12-19 19:26:00,2025-12-19 19:28:00,2025-12-19 19:30:00,2025-12-19 19:53:00,,4.92167,114.95922,4.64596,114.39178,3.5,18.05,0.9,29.06,FQ-6735,INV-335699,BND,VEH-696,Yes,Belait,14,High Demand Zone,1,3/7/2023,Pass
2025-12-14,14:44:07,"""CNR3009174""",Completed,"""CID4686557""",Compact,Berakas,Tutong Beach,10.2,11.3,,,,10.65,3.5,4.3,Cash,28.51,Brunei-Muara,Belait,Syafiqah Yusof,5.47,17.45,January,2024,Saturday,0.0,9.9,OFF-200016,1/13/2024 14:43,accepted,1/13/2024 14:43,SESS-20137,1/13/2024 11:44,1/13/2024 17:44,1/13/2024 14:44,2025-12-14 05:53:00,2025-12-14 05:56:00,2025-12-14 06:02:00,2025-12-14 06:46:00,1/13/2024 14:48,4.9107,114.89467,4.57992,114.32022,3.5,3.92,0.9,10.4,FQ-5713,INV-816454,BND,VEH-214,Yes,Belait,4,High Demand Zone,7,11/2/2023,Pass
2025-12-20,14:27:41,"""CNR7498137""",Cancelled by Driver,"""CID9299897""",Compact,Mata-Mata,Bandar Seri Begawan,12.3,38.7,,,,8.91,4.0,3.7,Dart Wallet,7.32,Brunei-Muara,Brunei-Muara,Faisal Hakimi,1.34,6.2,January,2024,Friday,1.0,8.5,OFF-200127,1/12/2024 14:26,rejected,1/12/2024 14:26,SESS-85181,1/12/2024 11:27,1/12/2024 16:27,1/12/2024 14:27,2025-12-20 08:39:00,2025-12-20 08:42:00,2025-12-20 08:47:00,2025-12-20 08:56:00,,4.89756,114.89802,4.93703,114.92727,3.5,1.57,3.1,8.71,FQ-7692,INV-195013,BND,VEH-126,Yes,Brunei-Muara,13,High Demand Zone,10,6/16/2023,Pass
2025-12-20,18:51:11,"""CNR5215080""",Cancelled,"""CID8772824""",Premium,Jangsak,Berakas,3.8,43.0,,,,29.24,4.9,4.5,Dart Wallet,34.61,Brunei-Muara,Belait,Nurul Izzah,5.13,20.89,March,2024,Friday,0.0,9.6,OFF-200170,3/29/2024 18:50,accepted,3/29/2024 18:51,SESS-35224,3/29/2024 16:51,3/29/2024 19:51,3/29/2024 18:51,2025-12-20 08:24:00,2025-12-20 08:27:00,2025-12-20 08:33:00,2025-12-20 08:38:00,3/29/2024 18:57,4.87112,114.94696,4.60348,114.26603,3.5,3.92,3.44,18.29,FQ-9633,INV-387567,BND,VEH-204,Yes,Brunei-Muara,6,High Demand Zone,6,2/2/2024,Pass
2025-12-19,9:12:30,"""CNR2094763""",Cancelled by Driver,"""CID8322650""",Sedan,Serusop,Mata-Mata,14.0,16.5,,,,19.87,3.6,3.8,Card,11.65,Brunei-Muara,Brunei-Muara,Abdul Rahman,1.24,9.35,July,2024,Tuesday,0.0,8.3,OFF-200186,7/2/2024 9:11,accepted,7/2/2024 9:11,SESS-85776,7/2/2024 4:12,7/2/2024 10:12,7/2/2024 9:12,2025-12-19 08:31:00,2025-12-19 08:36:00,2025-12-19 08:43:00,2025-12-19 08:49:00,,4.90088,114.88958,4.92678,114.91289,3.5,1.64,1.32,10.07,FQ-9280,INV-856112,BND,VEH-428,Yes,Brunei-Muara,7,High Demand Zone,11,12/10/2023,Pass
2025-12-30,10:49:18,"""CNR3535477""",Completed,"""CID7165580""",SUV,Gadong,Jangsak,14.2,34.8,,,,17.34,4.2,3.9,Online Banking,10.28,Brunei-Muara,Belait,Awangku Mohd,1.74,7.3,October,2024,Friday,1.0,6.1,OFF-200107,10/25/2024 10:48,accepted,10/25/2024 10:48,SESS-35925,10/25/2024 6:49,10/25/2024 11:49,10/25/2024 10:49,2025-12-30 16:26:00,2025-12-30 16:31:00,2025-12-30 16:38:00,2025-12-30 16:51:00,10/25/2024 10:55,4.9016,114.93996,4.65616,114.3252,3.5,3.92,2.78,15.2,FQ-6907,INV-558468,BND,VEH-727,Yes,Tutong,4,Normal,11,2/22/2023,Pass
2025-12-12,14:11:18,"""CNR7599370""",Completed,"""CID2185983""",SUV,Tutong Town,Tutong Beach,11.3,32.9,,,,10.28,4.7,4.5,Card,29.85,Brunei-Muara,Brunei-Muara,Ibrahim Daud,6.9,22.7,May,2024,Friday,1.0,11.2,OFF-200178,5/17/2024 14:10,accepted,5/17/2024 14:10,SESS-97398,5/17/2024 10:11,5/17/2024 16:11,5/17/2024 14:11,2025-12-12 19:16:00,2025-12-12 19:17:00,2025-12-12 19:23:00,2025-12-12 19:35:00,5/17/2024 14:13,4.8752,114.94021,4.90569,114.86229,3.5,3.92,2.63,10.05,FQ-5244,INV-752074,BND,VEH-819,Yes,Temburong,10,Normal,6,2/12/2023,Pass
2025-12-09,18:32:16,"""CNR3882280""",Cancelled by Driver,"""CID8466525""",Sedan,Lambak,Mata-Mata,11.7,43.3,,,,22.95,4.9,4.2,Online Banking,25.93,Belait,Tutong,Dayangku Siti,4.23,16.63,October,2024,Saturday,0.0,8.9,OFF-200181,10/19/2024 18:31,rejected,10/19/2024 18:31,SESS-38322,10/19/2024 15:32,10/19/2024 20:32,10/19/2024 18:32,2025-12-09 03:30:00,2025-12-09 03:32:00,2025-12-09 03:36:00,2025-12-09 04:07:00,,4.5178,114.1522,4.7887,114.79002,3.5,6.18,3.46,20.42,FQ-7549,INV-941974,BND,VEH-618,Yes,Belait,9,High Demand Zone,14,9/12/2023,Pass
2025-12-07,10:05:53,"""CNR8467869""",Completed,"""CID3130096""",SUV,Rimba,Lambak,3.2,14.4,,,,16.36,4.3,4.2,Cash,34.42,Belait,Belait,,7.39,28.34,June,2024,Thursday,,6.2,OFF-200151,6/20/2024 10:05,accepted,6/20/2024 10:05,SESS-16338,6/20/2024 8:05,6/20/2024 12:05,6/20/2024 10:05,2025-12-07 03:48:00,2025-12-07 03:49:00,2025-12-07 03:54:00,2025-12-07 04:27:00,,4.58805,114.24636,4.67083,114.25141,3.5,3.92,1.15,13.57,FQ-8742,INV-105149,BND,VEH-510,Yes,Temburong,5,Normal,8,7/25/2023,Pass
2025-12-10,17:49:20,"""CNR4918246""",Completed,"""CID2808277""",Sedan,Mata-Mata,Bangar,6.0,10.7,,,,22.02,4.3,4.2,Dart Wallet,7.27,Tutong,Belait,Mohd Hafiz,1.24,4.76,April,2024,Monday,0.0,6.6,OFF-200024,4/8/2024 17:49,accepted,4/8/2024 17:49,SESS-37455,4/8/2024 15:49,4/8/2024 19:49,4/8/2024 17:49,2025-12-10 04:46:00,2025-12-10 04:49:00,2025-12-10 04:56:00,2025-12-10 05:25:00,,4.82489,114.71429,4.64969,114.34022,3.5,16.98,0.86,33.01,FQ-6504,INV-669462,BND,VEH-678,Yes,Tutong,5,High Demand Zone,6,1/6/2024,Pass
2025-12-19,0:26:09,"""CNR5317954""",Cancelled by Driver,"""CID7826673""",Premium,Kiulap,Mata-Mata,5.5,33.0,,,,26.77,4.0,4.2,Online Banking,4.78,Brunei-Muara,Brunei-Muara,Fadhil Junaidi,0.81,3.2,February,2024,Friday,0.0,11.1,OFF-200198,2/9/2024 0:25,rejected,2/9/2024 0:25,SESS-29233,2/8/2024 22:26,2/9/2024 3:26,2/9/2024 0:26,2025-12-19 00:00:00,2025-12-19 00:04:00,2025-12-19 00:09:00,2025-12-19 00:24:00,,4.89355,114.90455,4.87904,114.87111,3.5,15.26,2.64,32.1,FQ-6804,INV-550724,BND,VEH-642,Yes,Brunei-Muara,12,High Demand Zone,14,11/12/2023,Pass
2025-12-09,18:52:21,"""CNR5527486""",Cancelled,"""CID1522967""",Sedan,Mentiri,Berakas,3.1,10.9,,,,2.92,4.3,4.4,Cash,17.81,Brunei-Muara,Tutong,Ridhwan Bakar,2.64,13.28,November,2024,Tuesday,1.0,11.1,OFF-200179,11/12/2024 18:51,accepted,11/12/2024 18:51,SESS-20959,11/12/2024 15:52,11/12/2024 20:52,11/12/2024 18:52,2025-12-09 02:28:00,2025-12-09 02:32:00,2025-12-09 02:40:00,2025-12-09 03:13:00,,4.91079,114.87978,4.68273,114.73974,3.5,2.04,0.87,10.62,FQ-7306,INV-318395,BND,VEH-504,Yes,Tutong,12,High Demand Zone,9,6/20/2023,Pass
2025-12-10,11:58:09,"""CNR8141819""",Cancelled,"""CID5476229""",Premium,Bangar,Berakas,5.3,11.5,,,,25.98,3.7,4.1,Dart Wallet,19.8,Brunei-Muara,Belait,Syafiqah Yusof,4.02,16.63,July,2024,Tuesday,0.0,8.4,OFF-200197,7/16/2024 11:57,accepted,7/16/2024 11:57,SESS-20137,7/16/2024 9:58,7/16/2024 12:58,7/16/2024 11:58,2025-12-10 11:22:00,2025-12-10 11:24:00,2025-12-10 11:32:00,2025-12-10 12:15:00,,4.87897,114.87332,4.54191,114.17947,3.5,17.37,0.92,37.68,FQ-9475,INV-646401,BND,VEH-214,Yes,Temburong,12,High Demand Zone,3,6/10/2023,Pass
2025-12-19,13:52:15,"""CNR9646752""",Cancelled by Driver,"""CID5912235""",Sedan,Mentiri,Bandar Seri Begawan,13.9,16.0,,,,23.74,3.5,4.7,Card,30.11,Brunei-Muara,Brunei-Muara,Aiman Hakim,6.48,18.81,June,2024,Monday,0.0,5.5,OFF-200087,6/3/2024 13:51,rejected,6/3/2024 13:51,SESS-93521,6/3/2024 9:52,6/3/2024 16:52,6/3/2024 13:52,2025-12-19 12:38:00,2025-12-19 12:39:00,2025-12-19 12:43:00,2025-12-19 12:54:00,,4.89278,114.88986,4.86314,114.86441,3.5,17.78,1.28,30.2,FQ-7116,INV-166889,BND,VEH-146,Yes,Brunei-Muara,9,High Demand Zone,3,12/4/2023,Pass
2025-12-27,20:28:37,"""CNR5239998""",Completed,"""CID1535942""",Compact,Jerudong,Kiulap,8.7,30.6,,,,18.09,3.8,4.8,Card,27.94,Belait,Brunei-Muara,Ahmad Zaki,5.11,17.77,April,2024,Wednesday,1.0,7.2,OFF-200160,4/24/2024 20:27,rejected,4/24/2024 20:27,SESS-75925,4/24/2024 15:28,4/24/2024 21:28,4/24/2024 20:28,2025-12-27 14:47:00,2025-12-27 14:52:00,2025-12-27 15:00:00,2025-12-27 15:30:00,,4.51696,114.13943,4.8616,114.86799,3.5,16.78,2.45,23.73,FQ-6399,INV-765728,BND,VEH-696,Yes,Brunei-Muara,8,Normal,13,7/17/2023,Pass
2025-12-29,20:52:36,"""CNR1405417""",Cancelled,"""CID1941374""",Premium,Kiulap,Muara,5.7,22.3,,1.0,Vehicle Breakdown,15.82,3.8,4.6,Cash,13.49,Brunei-Muara,Tutong,Ahmad Zaki,2.4,9.49,March,2024,Friday,1.0,8.8,OFF-200176,3/15/2024 20:51,rejected,3/15/2024 20:51,SESS-75925,3/15/2024 18:52,3/15/2024 22:52,3/15/2024 20:52,2025-12-29 22:21:00,2025-12-29 22:26:00,2025-12-29 22:32:00,2025-12-29 23:04:00,,4.87009,114.9696,4.7414,114.63634,3.5,1.92,1.78,10.0,FQ-5340,INV-106569,BND,VEH-696,Yes,Temburong,8,High Demand Zone,3,2/3/2023,Pass
2025-12-07,18:45:44,"""CNR8732810""",Completed,"""CID7655227""",SUV,Muara,Jerudong,2.9,15.8,,,,19.33,4.9,4.2,Card,13.54,Belait,Belait,Awangku Mohd,2.91,10.43,December,2024,Saturday,1.0,7.6,OFF-200028,12/14/2024 18:45,accepted,12/14/2024 18:45,SESS-35925,12/14/2024 13:45,12/14/2024 21:45,12/14/2024 18:45,2025-12-07 10:16:00,2025-12-07 10:20:00,2025-12-07 10:22:00,2025-12-07 10:55:00,,4.68325,114.27029,4.57895,114.31538,3.5,20.26,1.26,37.53,FQ-7757,INV-663724,BND,VEH-727,Yes,Temburong,11,High Demand Zone,5,5/3/2023,Pass
2025-12-12,22:31:08,"""CNR9701090""",Completed,"""CID5501061""",Premium,Tutong Beach,Tutong Town,3.8,12.1,,,,15.76,4.0,4.0,Online Banking,14.76,Brunei-Muara,Brunei-Muara,Shahrul Nizam,3.63,9.63,April,2024,Wednesday,0.0,8.5,OFF-200062,4/24/2024 22:30,accepted,4/24/2024 22:30,SESS-93507,4/24/2024 20:31,4/25/2024 1:31,4/24/2024 22:31,2025-12-12 04:27:00,2025-12-12 04:31:00,2025-12-12 04:41:00,2025-12-12 04:51:00,4/24/2024 22:35,4.96124,114.90419,4.95828,114.92584,3.5,3.92,0.97,13.39,FQ-8734,INV-511415,BND,VEH-252,Yes,Belait,7,Normal,14,4/7/2023,Pass
2025-12-16,6:17:11,"""CNR2817835""",Completed,"""CID3004362""",Compact,Kiulap,Berakas,14.8,26.1,,,,12.41,3.6,3.6,Dart Wallet,23.09,Belait,Tutong,Mohd Hafiz,4.16,19.25,September,2024,Sunday,1.0,9.8,OFF-200149,9/8/2024 6:16,accepted,9/8/2024 6:16,SESS-37455,9/8/2024 2:17,9/8/2024 8:17,9/8/2024 6:17,2025-12-16 01:35:00,2025-12-16 01:37:00,2025-12-16 01:41:00,2025-12-16 01:52:00,,4.61877,114.19491,4.69642,114.67254,3.5,5.43,2.09,10.02,FQ-8071,INV-674994,BND,VEH-678,Yes,Tutong,4,Normal,2,11/10/2023,Pass
2025-12-21,17:46:33,"""CNR2831131""",Completed,"""CID1170263""",Premium,Serusop,Muara,12.4,34.3,1.0,,,8.64,4.9,3.9,Online Banking,19.4,Tutong,Brunei-Muara,Aiman Hakim,3.61,16.38,May,2024,Sunday,0.0,10.5,OFF-200153,5/19/2024 17:46,rejected,5/19/2024 17:46,SESS-93521,5/19/2024 13:46,5/19/2024 18:46,5/19/2024 17:46,2025-12-21 14:42:00,2025-12-21 14:47:00,2025-12-21 14:56:00,2025-12-21 15:29:00,5/19/2024 17:51,4.66044,114.7135,4.89094,114.97557,3.5,3.92,2.74,15.2,FQ-9764,INV-621374,BND,VEH-146,Yes,Brunei-Muara,12,High Demand Zone,6,5/20/2023,Pass
2025-12-08,15:10:15,"""CNR9904470""",Cancelled,"""CID6725966""",SUV,Mata-Mata,Berakas,2.4,38.5,,,,15.67,4.2,4.4,Online Banking,27.27,Brunei-Muara,Tutong,Abdul Rahman,3.21,17.78,June,2024,Sunday,1.0,4.1,OFF-200155,6/23/2024 15:09,accepted,6/23/2024 15:09,SESS-85776,6/23/2024 11:10,6/23/2024 16:10,6/23/2024 15:10,2025-12-08 13:39:00,2025-12-08 13:40:00,2025-12-08 13:46:00,2025-12-08 14:18:00,,4.95652,114.85587,4.68754,114.75849,3.5,11.02,3.08,27.0,FQ-9667,INV-354174,BND,VEH-428,Yes,Brunei-Muara,14,High Demand Zone,1,5/31/2023,Pass
2025-12-15,11:30:11,"""CNR4645249""",Completed,"""CID5962991""",Compact,Jerudong,Tutong Beach,10.9,20.2,,,,3.57,4.5,4.5,Card,21.08,Brunei-Muara,Brunei-Muara,Mohd Hafiz,5.02,15.6,November,2024,Monday,1.0,11.8,OFF-200113,11/25/2024 11:29,accepted,11/25/2024 11:29,SESS-37455,11/25/2024 7:30,11/25/2024 12:30,11/25/2024 11:30,2025-12-15 22:50:00,2025-12-15 22:54:00,2025-12-15 22:58:00,2025-12-15 23:13:00,,4.95986,114.91957,4.96214,114.86915,3.5,5.53,1.62,12.65,FQ-6461,INV-161985,BND,VEH-678,Yes,Belait,13,Normal,9,11/5/2023,Pass
2025-12-27,11:03:06,"""CNR1752210""",Cancelled by Driver,"""CID3897629""",Premium,Sengkurong,Bandar Seri Begawan,4.4,30.3,,,,24.12,3.9,3.8,Online Banking,21.66,Brunei-Muara,Belait,,3.68,13.13,February,2024,Thursday,,5.3,OFF-200048,2/8/2024 11:02,accepted,2/8/2024 11:02,SESS-16338,2/8/2024 8:03,2/8/2024 13:03,2/8/2024 11:03,2025-12-27 07:07:00,2025-12-27 07:08:00,2025-12-27 07:14:00,2025-12-27 07:30:00,,4.85678,114.96516,4.68926,114.35637,3.5,3.92,2.42,9.84,FQ-5275,INV-419149,BND,VEH-510,Yes,Temburong,11,Normal,12,5/28/2023,Pass
2025-12-13,0:26:09,"""CNR5317954""",Cancelled,"""CID7826673""",Premium,Sengkurong,Sengkurong,5.5,33.0,,,,27.78,4.0,4.2,Cash,26.7,Brunei-Muara,Brunei-Muara,Fadhil Junaidi,4.37,20.09,February,2024,Friday,0.0,11.1,OFF-200198,2/9/2024 0:25,accepted,2/9/2024 0:25,SESS-29233,2/8/2024 22:26,2/9/2024 3:26,2/9/2024 0:26,2025-12-13 15:35:00,2025-12-13 15:37:00,2025-12-13 15:45:00,2025-12-13 16:06:00,,4.89355,114.90455,4.87904,114.87111,3.5,15.26,2.64,32.1,FQ-6804,INV-550724,BND,VEH-642,Yes,Brunei-Muara,12,High Demand Zone,14,11/12/2023,Pass
2025-12-31,7:43:45,"""CNR8952764""",Completed,"""CID4343834""",Sedan,Rimba,Bangar,14.2,33.0,,,,9.7,3.6,4.5,Online Banking,28.21,Belait,Brunei-Muara,Hamid Rashid,4.85,18.85,March,2024,Thursday,1.0,5.0,OFF-200080,3/14/2024 7:43,accepted,3/14/2024 7:43,SESS-39154,3/14/2024 3:43,3/14/2024 10:43,3/14/2024 7:43,2025-12-31 05:49:00,2025-12-31 05:54:00,2025-12-31 05:57:00,2025-12-31 06:12:00,3/14/2024 7:50,4.68688,114.38432,4.85825,114.97259,3.5,3.92,2.64,17.09,FQ-8954,INV-357026,BND,VEH-750,Yes,Brunei-Muara,4,High Demand Zone,5,3/26/2023,Pass
2025-12-19,14:59:17,"""CNR6784305""",Cancelled by Driver,"""CID9250370""",SUV,Kuala Belait,Gadong,11.5,36.6,,,,19.47,4.7,4.9,Card,12.24,Brunei-Muara,Brunei-Muara,Sufian bin Haji Ali,1.59,8.08,July,2024,Saturday,0.0,11.8,OFF-200083,7/6/2024 14:58,rejected,7/6/2024 14:58,SESS-22883,7/6/2024 9:59,7/6/2024 16:59,7/6/2024 14:59,2025-12-19 08:43:00,2025-12-19 08:47:00,2025-12-19 08:52:00,2025-12-19 09:32:00,,4.894,114.93164,4.95329,114.94433,3.5,7.14,2.93,20.36,FQ-9351,INV-505010,BND,VEH-473,Yes,Temburong,13,High Demand Zone,1,1/12/2024,Pass
2025-12-14,20:47:53,"""CNR3122045""",Cancelled,"""CID3241966""",Compact,Bangar,Berakas,10.5,33.1,,,,22.64,3.5,4.9,Dart Wallet,6.94,Belait,Tutong,Zulhelmi Ishak,1.12,5.88,July,2024,Thursday,0.0,7.7,OFF-200104,7/11/2024 20:47,rejected,7/11/2024 20:47,SESS-38008,7/11/2024 17:47,7/11/2024 21:47,7/11/2024 20:47,2025-12-14 20:12:00,2025-12-14 20:14:00,2025-12-14 20:22:00,2025-12-14 20:28:00,,4.5563,114.25526,4.72672,114.73274,3.5,1.02,2.65,14.76,FQ-9811,INV-950112,BND,VEH-353,Yes,Brunei-Muara,8,High Demand Zone,9,8/23/2023,Pass
2025-12-11,20:52:36,"""CNR1405417""",Completed,"""CID1941374""",SUV,Serusop,Serusop,5.7,22.3,,1.0,Vehicle Breakdown,29.67,4.8,4.3,Card,5.32,Brunei-Muara,Tutong,Ahmad Zaki,1.31,4.16,March,2024,Friday,1.0,8.8,OFF-200176,3/15/2024 20:51,accepted,3/15/2024 20:51,SESS-75925,3/15/2024 18:52,3/15/2024 22:52,3/15/2024 20:52,2025-12-11 23:17:00,2025-12-11 23:19:00,2025-12-11 23:25:00,2025-12-11 23:45:00,,4.87009,114.9696,4.7414,114.63634,3.5,1.92,1.78,10.0,FQ-5340,INV-106569,BND,VEH-696,Yes,Brunei-Muara,8,High Demand Zone,3,2/3/2023,Pass
2025-12-16,11:25:41,"""CNR2765681""",Completed,"""CID2228162""",SUV,Bandar Seri Begawan,Mentiri,3.8,44.0,1.0,,,9.52,4.0,4.7,Online Banking,6.85,Brunei-Muara,Brunei-Muara,Awangku Mohd,0.9,5.17,July,2024,Wednesday,0.0,5.4,OFF-200147,7/24/2024 11:25,rejected,7/24/2024 11:25,SESS-35925,7/24/2024 9:25,7/24/2024 12:25,7/24/2024 11:25,2025-12-16 11:32:00,2025-12-16 11:36:00,2025-12-16 11:39:00,2025-12-16 11:45:00,7/24/2024 11:27,4.91518,114.87124,4.91739,114.93728,3.5,3.92,3.52,10.94,FQ-5767,INV-212483,BND,VEH-727,Yes,Temburong,6,Normal,4,12/10/2023,Pass
2025-12-15,12:20:32,"""CNR5687699""",Cancelled by Driver,"""CID6778217""",Sedan,Serusop,Rimba,9.0,33.6,,,,22.8,4.6,4.4,Cash,10.88,Belait,Tutong,,1.2,7.56,January,2024,Friday,,9.9,OFF-200117,1/26/2024 12:20,rejected,1/26/2024 12:20,SESS-16338,1/26/2024 9:20,1/26/2024 15:20,1/26/2024 12:20,2025-12-15 09:43:00,2025-12-15 09:47:00,2025-12-15 09:54:00,2025-12-15 10:24:00,,4.55386,114.17976,4.66007,114.60336,3.5,3.92,2.69,11.11,FQ-6513,INV-209562,BND,VEH-510,Yes,Tutong,5,Normal,5,1/5/2024,Pass
2025-12-24,10:41:11,"""CNR1282098""",Completed,"""CID4893475""",Compact,Lambak,Lumut,11.5,13.3,,,,2.3,4.7,4.7,Dart Wallet,12.56,Brunei-Muara,Tutong,Noraini Kassim,2.87,8.22,December,2024,Monday,1.0,10.8,OFF-200085,12/16/2024 10:40,accepted,12/16/2024 10:40,SESS-88755,12/16/2024 8:41,12/16/2024 13:41,12/16/2024 10:41,2025-12-24 20:14:00,2025-12-24 20:17:00,2025-12-24 20:24:00,2025-12-24 21:08:00,,4.85943,114.89897,4.79064,114.74205,3.5,17.09,1.06,22.65,FQ-8604,INV-541408,BND,VEH-967,Yes,Belait,8,Normal,9,4/8/2023,Pass
2025-12-11,22:31:08,"""CNR9701090""",Cancelled,"""CID5501061""",Premium,Tutong Town,Kuala Belait,3.8,12.1,,,,27.41,3.9,4.2,Dart Wallet,8.78,Brunei-Muara,Brunei-Muara,Shahrul Nizam,0.88,5.77,April,2024,Wednesday,0.0,8.5,OFF-200062,4/24/2024 22:30,accepted,4/24/2024 22:30,SESS-93507,4/24/2024 20:31,4/25/2024 1:31,4/24/2024 22:31,2025-12-11 00:03:00,2025-12-11 00:04:00,2025-12-11 00:11:00,2025-12-11 00:37:00,4/24/2024 22:35,4.96124,114.90419,4.95828,114.92584,3.5,3.92,0.97,13.39,FQ-8734,INV-511415,BND,VEH-252,Yes,Belait,7,Normal,14,4/7/2023,Pass
2025-12-08,17:23:20,"""CNR5411958""",Completed,"""CID4138382""",Premium,Sengkurong,Lumut,11.2,39.1,,1.0,Vehicle Breakdown,8.56,4.4,4.3,Card,5.97,Belait,Brunei-Muara,Abdul Rahman,1.01,4.75,February,2024,Saturday,1.0,11.0,OFF-200188,2/3/2024 17:22,accepted,2/3/2024 17:22,SESS-85776,2/3/2024 14:23,2/3/2024 20:23,2/3/2024 17:23,2025-12-08 02:06:00,2025-12-08 02:10:00,2025-12-08 02:16:00,2025-12-08 02:44:00,,4.56702,114.28703,4.90079,114.96501,3.5,7.38,3.13,15.01,FQ-8424,INV-948366,BND,VEH-428,Yes,Brunei-Muara,10,Normal,10,11/10/2023,Pass
2025-12-11,16:02:47,"""CNR7028693""",Cancelled,"""CID5551104""",SUV,Mentiri,Kuala Belait,12.2,22.2,,,,15.9,3.6,4.1,Dart Wallet,16.6,Brunei-Muara,Brunei-Muara,Ridhwan Bakar,2.98,10.17,September,2024,Monday,1.0,7.0,OFF-200103,9/9/2024 16:01,rejected,9/9/2024 16:01,SESS-20959,9/9/2024 13:02,9/9/2024 17:02,9/9/2024 16:02,2025-12-11 05:59:00,2025-12-11 06:02:00,2025-12-11 06:04:00,2025-12-11 06:17:00,,4.8998,114.92244,4.96698,114.9224,3.5,5.6,1.78,13.82,FQ-7728,INV-412885,BND,VEH-504,Yes,Brunei-Muara,8,High Demand Zone,10,7/23/2023,Pass
2025-12-04,11:03:06,"""CNR1752210""",Completed,"""CID3897629""",Sedan,Kuala Belait,Berakas,4.4,30.3,,,,13.56,4.7,3.7,Online Banking,11.01,Brunei-Muara,Belait,,1.38,8.08,February,2024,Thursday,,5.3,OFF-200048,2/8/2024 11:02,accepted,2/8/2024 11:02,SESS-16338,2/8/2024 8:03,2/8/2024 13:03,2/8/2024 11:03,2025-12-04 23:33:00,2025-12-04 23:35:00,2025-12-04 23:44:00,2025-12-05 00:23:00,,4.85678,114.96516,4.68926,114.35637,3.5,3.92,2.42,9.84,FQ-5275,INV-419149,BND,VEH-510,Yes,Brunei-Muara,11,Normal,12,5/28/2023,Pass
2025-12-16,22:28:34,"""CNR2006666""",Completed,"""CID7686049""",Premium,Rimba,Tutong Beach,9.4,15.2,,,,14.17,3.5,4.5,Dart Wallet,13.58,Tutong,Brunei-Muara,Siti Aminah,2.67,8.33,March,2024,Tuesday,1.0,8.8,OFF-200070,3/5/2024 22:27,accepted,3/5/2024 22:27,SESS-19622,3/5/2024 17:28,3/5/2024 23:28,3/5/2024 22:28,2025-12-16 16:54:00,2025-12-16 16:55:00,2025-12-16 17:04:00,2025-12-16 17:44:00,,4.77975,114.77754,4.97927,114.94094,3.5,3.23,1.22,11.95,FQ-5529,INV-351338,BND,VEH-614,Yes,Brunei-Muara,4,Normal,4,7/30/2023,Pass
2025-12-28,16:24:48,"""CNR5785058""",Completed,"""CID7525538""",SUV,Sengkurong,Tutong Town,11.6,35.9,1.0,,,6.36,4.0,4.1,Card,4.06,Brunei-Muara,Brunei-Muara,Aiman Hakim,0.99,2.49,October,2024,Friday,0.0,5.5,OFF-200000,10/25/2024 16:24,rejected,10/25/2024 16:24,SESS-93521,10/25/2024 13:24,10/25/2024 18:24,10/25/2024 16:24,2025-12-28 13:45:00,2025-12-28 13:47:00,2025-12-28 13:52:00,2025-12-28 14:34:00,10/25/2024 16:30,4.87265,114.86109,4.91072,114.91494,3.5,3.92,2.87,12.86,FQ-5728,INV-132772,BND,VEH-146,Yes,Brunei-Muara,8,High Demand Zone,6,1/1/2024,Pass
2025-12-21,22:15:02,"""CNR6026851""",Completed,"""CID6133594""",Sedan,Kuala Belait,Jerudong,6.4,20.7,,,,14.93,4.4,4.0,Online Banking,15.92,Brunei-Muara,Brunei-Muara,Abdul Rahman,1.77,9.96,October,2024,Saturday,1.0,8.9,OFF-200140,10/5/2024 22:14,accepted,10/5/2024 22:14,SESS-85776,10/5/2024 18:15,10/5/2024 23:15,10/5/2024 22:15,2025-12-21 22:12:00,2025-12-21 22:14:00,2025-12-21 22:21:00,2025-12-21 22:27:00,,4.9225,114.96828,4.89399,114.9767,3.5,13.76,1.66,25.65,FQ-6476,INV-839344,BND,VEH-428,Yes,Belait,8,High Demand Zone,4,1/28/2023,Pass
2025-12-05,14:11:18,"""CNR7599370""",Completed,"""CID2185983""",SUV,Tutong Beach,Serusop,11.3,32.9,,,,29.75,4.5,3.7,Card,4.2,Brunei-Muara,Brunei-Muara,Ibrahim Daud,1.04,2.76,May,2024,Friday,1.0,11.2,OFF-200178,5/17/2024 14:10,accepted,5/17/2024 14:10,SESS-97398,5/17/2024 10:11,5/17/2024 16:11,5/17/2024 14:11,2025-12-04 23:56:00,2025-12-04 23:58:00,2025-12-05 00:06:00,2025-12-05 00:36:00,5/17/2024 14:13,4.8752,114.94021,4.90569,114.86229,3.5,3.92,2.63,10.05,FQ-5244,INV-752074,BND,VEH-819,Yes,Belait,10,Normal,6,2/12/2023,Pass
2025-12-02,11:06:44,"""CNR8442785""",Cancelled by Driver,"""CID7651154""",SUV,Bandar Seri Begawan,Jerudong,3.2,43.6,,,,17.7,4.3,4.0,Online Banking,9.69,Tutong,Brunei-Muara,Ahmad Zaki,1.9,6.28,September,2024,Wednesday,0.0,4.5,OFF-200122,9/4/2024 11:05,accepted,9/4/2024 11:06,SESS-75925,9/4/2024 8:06,9/4/2024 14:06,9/4/2024 11:06,2025-12-02 11:21:00,2025-12-02 11:22:00,2025-12-02 11:24:00,2025-12-02 11:37:00,,4.67843,114.76523,4.9107,114.96154,3.5,13.79,3.49,25.78,FQ-8406,INV-615153,BND,VEH-696,Yes,Brunei-Muara,6,Normal,13,6/11/2023,Pass
2025-12-31,23:05:33,"""CNR2833289""",Completed,"""CID3076034""",Premium,Mentiri,Mata-Mata,8.7,20.6,1.0,,,15.52,4.1,4.4,Online Banking,12.74,Brunei-Muara,Tutong,Farhana Yusof,2.81,8.59,January,2024,Thursday,0.0,5.3,OFF-200183,1/4/2024 23:04,accepted,1/4/2024 23:04,SESS-31967,1/4/2024 19:05,1/5/2024 0:05,1/4/2024 23:05,2025-12-31 03:44:00,2025-12-31 03:46:00,2025-12-31 03:50:00,2025-12-31 04:08:00,1/4/2024 23:08,4.90347,114.93113,4.65918,114.70569,3.5,3.92,1.65,18.6,FQ-9241,INV-115386,BND,VEH-674,Yes,Tutong,4,High Demand Zone,14,2/1/2024,Pass
2025-12-01,22:34:44,"""CNR2832932""",Cancelled by Driver,"""CID2093358""",SUV,Berakas,Tutong Town,4.0,33.3,,,,22.76,4.7,4.9,Cash,10.92,Brunei-Muara,Belait,Shahrul Nizam,1.87,8.29,September,2024,Thursday,1.0,9.3,OFF-200061,9/19/2024 22:33,accepted,9/19/2024 22:33,SESS-93507,9/19/2024 17:34,9/20/2024 0:34,9/19/2024 22:34,2025-12-01 05:02:00,2025-12-01 05:06:00,2025-12-01 05:16:00,2025-12-01 05:58:00,,4.97195,114.87802,4.52003,114.28066,3.5,18.22,2.66,35.47,FQ-5020,INV-287413,BND,VEH-252,Yes,Temburong,12,High Demand Zone,9,9/7/2023,Pass
2025-12-09,9:11:33,"""CNR2416214""",Completed,"""CID1397558""",Compact,Muara,Sengkurong,11.7,23.1,,,,29.47,3.6,4.3,Cash,34.91,Brunei-Muara,Brunei-Muara,Siti Aminah,7.75,24.47,March,2024,Friday,0.0,5.8,OFF-200031,3/29/2024 9:10,accepted,3/29/2024 9:10,SESS-19622,3/29/2024 4:11,3/29/2024 10:11,3/29/2024 9:11,2025-12-09 21:27:00,2025-12-09 21:29:00,2025-12-09 21:36:00,2025-12-09 22:16:00,,4.92683,114.93766,4.88988,114.87956,3.5,8.46,1.85,20.72,FQ-6711,INV-209265,BND,VEH-614,Yes,Temburong,5,High Demand Zone,14,7/14/2023,Pass
2025-12-16,10:28:25,"""CNR3519392""",Completed,"""CID4330172""",Premium,Mata-Mata,Mata-Mata,2.4,43.6,,,,11.71,3.7,4.5,Cash,28.05,Brunei-Muara,Belait,Farhana Yusof,6.38,18.58,March,2024,Sunday,1.0,10.4,OFF-200157,3/24/2024 10:28,rejected,3/24/2024 10:28,SESS-31967,3/24/2024 8:28,3/24/2024 12:28,3/24/2024 10:28,2025-12-16 12:00:00,2025-12-16 12:05:00,2025-12-16 12:10:00,2025-12-16 12:38:00,,4.85539,114.92572,4.62118,114.16166,3.5,1.65,3.49,11.8,FQ-8281,INV-481805,BND,VEH-674,Yes,Brunei-Muara,11,High Demand Zone,3,1/28/2023,Pass
2025-12-29,18:45:44,"""CNR8732810""",Completed,"""CID7655227""",SUV,Muara,Mentiri,2.9,15.8,,,,5.47,4.1,4.6,Dart Wallet,26.93,Belait,Belait,Awangku Mohd,6.37,17.52,December,2024,Saturday,1.0,7.6,OFF-200028,12/14/2024 18:45,accepted,12/14/2024 18:45,SESS-35925,12/14/2024 13:45,12/14/2024 21:45,12/14/2024 18:45,2025-12-29 14:37:00,2025-12-29 14:41:00,2025-12-29 14:49:00,2025-12-29 15:11:00,,4.68325,114.27029,4.57895,114.31538,3.5,20.26,1.26,37.53,FQ-7757,INV-663724,BND,VEH-727,Yes,Tutong,11,High Demand Zone,5,5/3/2023,Pass
2025-12-30,11:03:06,"""CNR1752210""",Completed,"""CID3897629""",Compact,Bandar Seri Begawan,Lambak,4.4,30.3,,,,7.16,4.6,4.0,Dart Wallet,13.37,Brunei-Muara,Belait,,2.16,10.23,February,2024,Thursday,,5.3,OFF-200048,2/8/2024 11:02,accepted,2/8/2024 11:02,SESS-16338,2/8/2024 8:03,2/8/2024 13:03,2/8/2024 11:03,2025-12-30 18:03:00,2025-12-30 18:06:00,2025-12-30 18:09:00,2025-12-30 18:33:00,,4.85678,114.96516,4.68926,114.35637,3.5,3.92,2.42,9.84,FQ-5275,INV-419149,BND,VEH-510,Yes,Temburong,11,Normal,12,5/28/2023,Pass
2025-12-08,23:39:52,"""CNR1605575""",Cancelled by Driver,"""CID9516426""",Premium,Bangar,Serusop,10.7,16.1,,,,22.81,3.6,3.6,Dart Wallet,22.71,Tutong,Brunei-Muara,Nabilah Hassan,4.95,17.93,July,2024,Wednesday,1.0,9.6,OFF-200172,7/31/2024 23:39,accepted,7/31/2024 23:39,SESS-68128,7/31/2024 19:39,8/1/2024 1:39,7/31/2024 23:39,2025-12-08 21:27:00,2025-12-08 21:28:00,2025-12-08 21:36:00,2025-12-08 21:42:00,,4.76714,114.6423,4.8533,114.97657,3.5,7.34,1.29,13.13,FQ-5562,INV-490763,BND,VEH-713,Yes,Temburong,9,Normal,10,8/21/2023,Pass
2025-12-28,17:26:43,"""CNR5058425""",Completed,"""CID8939404""",Compact,Tutong Beach,Berakas,2.4,35.3,,,,24.39,3.7,4.2,Cash,3.74,Brunei-Muara,Belait,Ridhwan Bakar,0.59,2.69,July,2024,Saturday,0.0,4.9,OFF-200029,7/6/2024 17:26,accepted,7/6/2024 17:26,SESS-20959,7/6/2024 13:26,7/6/2024 18:26,7/6/2024 17:26,2025-12-28 07:39:00,2025-12-28 07:40:00,2025-12-28 07:43:00,2025-12-28 08:20:00,,4.96512,114.89779,4.62049,114.24781,3.5,3.67,2.82,17.48,FQ-8863,INV-156526,BND,VEH-504,Yes,Temburong,9,High Demand Zone,4,1/1/2023,Pass
2025-12-27,13:57:22,"""CNR8878134""",Cancelled,"""CID7848826""",Sedan,Lumut,Bangar,14.1,10.4,,,,4.42,3.8,4.1,Card,21.36,Belait,Brunei-Muara,Sufian bin Haji Ali,5.27,18.04,May,2024,Saturday,1.0,4.9,OFF-200143,5/18/2024 13:56,accepted,5/18/2024 13:56,SESS-22883,5/18/2024 9:57,5/18/2024 16:57,5/18/2024 13:57,2025-12-26 23:51:00,2025-12-26 23:56:00,2025-12-27 00:06:00,2025-12-27 00:28:00,5/18/2024 14:03,4.58179,114.11543,4.8958,114.95953,3.5,3.92,0.83,10.25,FQ-9245,INV-966726,BND,VEH-473,Yes,Temburong,12,Normal,2,5/17/2023,Pass
2025-12-25,5:07:15,"""CNR2934263""",Completed,"""CID3123182""",SUV,Tutong Town,Serusop,9.5,22.1,,,,6.95,4.6,4.2,Dart Wallet,27.02,Belait,Brunei-Muara,Khairul Anuar,5.13,21.72,March,2024,Monday,0.0,11.4,OFF-200167,3/25/2024 5:06,accepted,3/25/2024 5:06,SESS-78148,3/25/2024 2:07,3/25/2024 7:07,3/25/2024 5:07,2025-12-25 09:40:00,2025-12-25 09:42:00,2025-12-25 09:50:00,2025-12-25 10:23:00,,4.62353,114.31096,4.95954,114.93956,3.5,13.26,1.77,23.53,FQ-8646,INV-555702,BND,VEH-476,Yes,Tutong,14,Normal,2,6/14/2023,Pass
2025-12-19,18:24:57,"""CNR2835455""",Completed,"""CID5855006""",Sedan,Tutong Town,Tutong Beach,3.2,17.1,,,,12.11,4.2,4.4,Cash,25.48,Brunei-Muara,Brunei-Muara,Shahrul Nizam,4.31,17.15,July,2024,Thursday,1.0,4.2,OFF-200018,7/4/2024 18:24,rejected,7/4/2024 18:24,SESS-93507,7/4/2024 14:24,7/4/2024 20:24,7/4/2024 18:24,2025-12-19 18:36:00,2025-12-19 18:38:00,2025-12-19 18:40:00,2025-12-19 19:04:00,,4.86728,114.89368,4.93924,114.92949,3.5,8.09,1.37,18.44,FQ-5925,INV-540658,BND,VEH-252,Yes,Temburong,5,High Demand Zone,4,12/29/2023,Pass
2025-12-22,17:08:52,"""CNR5848927""",Cancelled,"""CID2730208""",Sedan,Muara,Jerudong,14.8,10.8,1.0,,,23.77,3.9,4.7,Cash,8.43,Brunei-Muara,Belait,Nurul Izzah,0.99,6.26,July,2024,Sunday,0.0,8.4,OFF-200017,7/28/2024 17:08,accepted,7/28/2024 17:08,SESS-35224,7/28/2024 15:08,7/28/2024 20:08,7/28/2024 17:08,2025-12-22 00:19:00,2025-12-22 00:21:00,2025-12-22 00:26:00,2025-12-22 01:06:00,7/28/2024 17:14,4.92573,114.91474,4.63119,114.21445,3.5,3.92,0.86,5.78,FQ-8663,INV-788987,BND,VEH-204,Yes,Tutong,13,Normal,8,4/18/2023,Pass
2025-12-20,16:24:48,"""CNR5785058""",Completed,"""CID7525538""",Premium,Muara,Muara,11.6,35.9,1.0,,,13.16,3.9,4.9,Online Banking,32.36,Brunei-Muara,Brunei-Muara,Aiman Hakim,7.12,23.32,October,2024,Friday,0.0,5.5,OFF-200000,10/25/2024 16:24,rejected,10/25/2024 16:24,SESS-93521,10/25/2024 13:24,10/25/2024 18:24,10/25/2024 16:24,2025-12-20 08:43:00,2025-12-20 08:44:00,2025-12-20 08:46:00,2025-12-20 09:28:00,10/25/2024 16:30,4.87265,114.86109,4.91072,114.91494,3.5,3.92,2.87,12.86,FQ-5728,INV-132772,BND,VEH-146,Yes,Belait,8,High Demand Zone,6,1/1/2024,Pass
2025-12-26,4:52:04,"""CNR3628440""",Cancelled by Driver,"""CID7053690""",Compact,Kiulap,Bandar Seri Begawan,15.0,16.5,,,,29.83,5.0,4.1,Dart Wallet,4.21,Belait,Brunei-Muara,Hamid Rashid,0.48,3.48,October,2024,Wednesday,1.0,8.1,OFF-200077,10/16/2024 4:51,accepted,10/16/2024 4:51,SESS-39154,10/16/2024 0:52,10/16/2024 6:52,10/16/2024 4:52,2025-12-26 03:05:00,2025-12-26 03:08:00,2025-12-26 03:18:00,2025-12-26 03:25:00,,4.5157,114.38092,4.9559,114.94024,3.5,17.31,1.32,35.7,FQ-8869,INV-625491,BND,VEH-750,Yes,Brunei-Muara,12,High Demand Zone,7,3/29/2023,Pass
2025-12-19,7:50:30,"""CNR6197135""",Cancelled by Driver,"""CID5014483""",Sedan,Kuala Belait,Lambak,3.8,22.2,,,,27.85,4.9,3.5,Card,30.3,Brunei-Muara,Brunei-Muara,Syafiqah Yusof,5.5,21.24,November,2024,Tuesday,0.0,9.7,OFF-200114,11/12/2024 7:49,rejected,11/12/2024 7:49,SESS-20137,11/12/2024 3:50,11/12/2024 9:50,11/12/2024 7:50,2025-12-19 20:41:00,2025-12-19 20:42:00,2025-12-19 20:45:00,2025-12-19 21:27:00,,4.88027,114.87663,4.88441,114.97508,3.5,21.26,1.78,26.54,FQ-6469,INV-297736,BND,VEH-214,Yes,Brunei-Muara,6,Normal,11,10/11/2023,Pass
2025-12-29,2:51:22,"""CNR6778932""",Completed,"""CID8872225""",Premium,Jerudong,Berakas,14.5,21.9,,,,29.9,4.5,4.1,Online Banking,31.42,Tutong,Tutong,Nurul Izzah,4.07,20.5,January,2024,Wednesday,1.0,8.4,OFF-200174,1/3/2024 2:50,accepted,1/3/2024 2:50,SESS-35224,1/3/2024 0:51,1/3/2024 3:51,1/3/2024 2:51,2025-12-29 19:30:00,2025-12-29 19:33:00,2025-12-29 19:38:00,2025-12-29 19:45:00,,4.71025,114.76064,4.66094,114.78991,3.5,11.45,1.75,14.2,FQ-7333,INV-418725,BND,VEH-204,Yes,Belait,8,Normal,1,3/2/2023,Pass
2025-12-19,20:55:21,"""CNR7116878""",Completed,"""CID8235642""",Premium,Kiulap,Bandar Seri Begawan,8.3,34.3,,,,4.36,4.5,3.6,Dart Wallet,28.3,Brunei-Muara,Brunei-Muara,Aiman Hakim,6.15,23.18,January,2024,Sunday,0.0,11.5,OFF-200193,1/14/2024 20:54,accepted,1/14/2024 20:54,SESS-93521,1/14/2024 15:55,1/14/2024 21:55,1/14/2024 20:55,2025-12-19 21:01:00,2025-12-19 21:03:00,2025-12-19 21:06:00,2025-12-19 21:42:00,,4.8613,114.97933,4.9221,114.87937,3.5,7.26,2.74,13.5,FQ-5308,INV-972168,BND,VEH-146,Yes,Temburong,7,Normal,5,4/2/2023,Pass
2025-12-30,20:04:40,"""CNR3050672""",Completed,"""CID7072566""",Sedan,Tutong Beach,Bangar,13.7,44.0,,,,16.47,4.2,3.7,Online Banking,7.24,Belait,Brunei-Muara,Mustafa Kamal,1.05,5.88,April,2024,Saturday,1.0,9.2,OFF-200112,4/6/2024 20:04,accepted,4/6/2024 20:04,SESS-19846,4/6/2024 15:04,4/6/2024 22:04,4/6/2024 20:04,2025-12-29 23:58:00,2025-12-29 23:59:00,2025-12-30 00:08:00,2025-12-30 00:32:00,4/6/2024 20:11,4.52321,114.23055,4.88918,114.91799,3.5,3.92,3.52,18.91,FQ-5816,INV-979031,BND,VEH-726,Yes,Belait,9,High Demand Zone,3,5/20/2023,Pass
2025-12-23,11:30:11,"""CNR4645249""",Completed,"""CID5962991""",Compact,Tutong Beach,Sengkurong,10.9,20.2,,,,3.08,4.5,3.6,Dart Wallet,9.0,Brunei-Muara,Brunei-Muara,Mohd Hafiz,2.2,6.65,November,2024,Monday,1.0,11.8,OFF-200113,11/25/2024 11:29,rejected,11/25/2024 11:29,SESS-37455,11/25/2024 7:30,11/25/2024 12:30,11/25/2024 11:30,2025-12-23 02:40:00,2025-12-23 02:44:00,2025-12-23 02:49:00,2025-12-23 03:32:00,,4.95986,114.91957,4.96214,114.86915,3.5,5.53,1.62,12.65,FQ-6461,INV-161985,BND,VEH-678,Yes,Temburong,13,Normal,9,11/5/2023,Pass
2025-12-10,21:24:21,"""CNR4588860""",Completed,"""CID6823367""",SUV,Lambak,Muara,13.4,17.2,,,,3.21,3.6,3.8,Cash,31.06,Belait,Brunei-Muara,Zulhelmi Ishak,7.39,20.48,November,2024,Monday,0.0,7.3,OFF-200165,11/4/2024 21:23,accepted,11/4/2024 21:23,SESS-38008,11/4/2024 18:24,11/5/2024 0:24,11/4/2024 21:24,2025-12-10 18:59:00,2025-12-10 19:04:00,2025-12-10 19:07:00,2025-12-10 19:36:00,,4.52914,114.21041,4.8514,114.97435,3.5,5.56,1.38,14.05,FQ-9700,INV-394972,BND,VEH-353,Yes,Tutong,12,High Demand Zone,6,9/9/2023,Pass
2025-12-20,14:11:18,"""CNR7599370""",Completed,"""CID2185983""",Premium,Bangar,Tutong Town,11.3,32.9,,,,20.02,4.4,3.5,Online Banking,8.62,Brunei-Muara,Brunei-Muara,Ibrahim Daud,2.02,6.77,May,2024,Friday,1.0,11.2,OFF-200178,5/17/2024 14:10,accepted,5/17/2024 14:10,SESS-97398,5/17/2024 10:11,5/17/2024 16:11,5/17/2024 14:11,2025-12-20 21:18:00,2025-12-20 21:19:00,2025-12-20 21:27:00,2025-12-20 21:43:00,5/17/2024 14:13,4.8752,114.94021,4.90569,114.86229,3.5,3.92,2.63,10.05,FQ-5244,INV-752074,BND,VEH-819,Yes,Temburong,10,Normal,6,2/12/2023,Pass
2025-12-10,22:31:08,"""CNR9701090""",Cancelled,"""CID5501061""",Premium,Tutong Beach,Tutong Beach,3.8,12.1,,,,29.48,3.7,3.5,Dart Wallet,19.21,Brunei-Muara,Brunei-Muara,Shahrul Nizam,4.75,14.4,April,2024,Wednesday,0.0,8.5,OFF-200062,4/24/2024 22:30,accepted,4/24/2024 22:30,SESS-93507,4/24/2024 20:31,4/25/2024 1:31,4/24/2024 22:31,2025-12-10 15:32:00,2025-12-10 15:37:00,2025-12-10 15:46:00,2025-12-10 15:55:00,4/24/2024 22:35,4.96124,114.90419,4.95828,114.92584,3.5,3.92,0.97,13.39,FQ-8734,INV-511415,BND,VEH-252,Yes,Tutong,7,Normal,14,4/7/2023,Pass
2025-12-21,7:00:48,"""CNR4534216""",Cancelled by Driver,"""CID4657162""",Premium,Rimba,Berakas,8.8,26.9,,1.0,Customer Demand,25.7,3.7,3.6,Online Banking,31.37,Brunei-Muara,Brunei-Muara,Farhana Yusof,6.14,20.27,September,2024,Monday,1.0,5.2,OFF-200131,9/30/2024 7:00,accepted,9/30/2024 7:00,SESS-31967,9/30/2024 5:00,9/30/2024 8:00,9/30/2024 7:00,2025-12-21 22:34:00,2025-12-21 22:38:00,2025-12-21 22:46:00,2025-12-21 23:12:00,,4.95842,114.96845,4.97889,114.8587,3.5,1.35,2.15,8.75,FQ-5227,INV-291739,BND,VEH-674,Yes,Tutong,8,High Demand Zone,12,2/4/2023,Pass
2025-12-13,17:19:45,"""CNR6672970""",Completed,"""CID7564583""",Sedan,Tutong Town,Rimba,8.0,31.7,,,,25.91,3.5,4.8,Dart Wallet,5.66,Brunei-Muara,Brunei-Muara,Siti Aminah,0.8,4.32,June,2024,Tuesday,1.0,6.1,OFF-200128,6/25/2024 17:19,accepted,6/25/2024 17:19,SESS-19622,6/25/2024 15:19,6/25/2024 18:19,6/25/2024 17:19,2025-12-13 04:37:00,2025-12-13 04:40:00,2025-12-13 04:48:00,2025-12-13 05:16:00,,4.9663,114.86208,4.96658,114.88619,3.5,14.81,2.54,21.85,FQ-7717,INV-467365,BND,VEH-614,Yes,Brunei-Muara,14,Normal,10,2/25/2023,Pass
2025-12-27,15:21:24,"""CNR1726678""",Completed,"""CID2637835""",Sedan,Tutong Beach,Jangsak,7.1,13.1,,,,18.39,3.7,4.7,Cash,16.09,Tutong,Brunei-Muara,Ahmad Zaki,3.99,12.36,May,2024,Sunday,0.0,5.6,OFF-200007,5/19/2024 15:20,rejected,5/19/2024 15:20,SESS-75925,5/19/2024 10:21,5/19/2024 16:21,5/19/2024 15:21,2025-12-27 12:25:00,2025-12-27 12:28:00,2025-12-27 12:32:00,2025-12-27 13:03:00,,4.66308,114.65802,4.9547,114.94315,3.5,8.73,1.05,15.28,FQ-9838,INV-276437,BND,VEH-696,Yes,Brunei-Muara,4,Normal,13,2/20/2023,Pass
2025-12-05,21:38:19,"""CNR5641229""",Completed,"""CID6884557""",Sedan,Berakas,Tutong Beach,7.9,34.7,,,,5.14,3.5,3.7,Cash,7.48,Tutong,Tutong,Zulhelmi Ishak,0.94,4.76,August,2024,Saturday,1.0,9.3,OFF-200156,8/10/2024 21:37,accepted,8/10/2024 21:37,SESS-38008,8/10/2024 17:38,8/11/2024 0:38,8/10/2024 21:38,2025-12-05 16:56:00,2025-12-05 17:00:00,2025-12-05 17:09:00,2025-12-05 17:14:00,,4.75138,114.66938,4.71459,114.78805,3.5,20.18,2.78,44.69,FQ-7952,INV-574905,BND,VEH-353,Yes,Belait,12,High Demand Zone,1,3/14/2023,Pass
2025-12-09,11:31:06,"""CNR6103529""",Completed,"""CID5523739""",Sedan,Kuala Belait,Kiulap,13.3,43.0,,1.0,Other Issue,17.07,4.8,3.8,Online Banking,26.24,Tutong,Brunei-Muara,Haji Ramli,5.78,18.71,May,2024,Friday,1.0,10.0,OFF-200054,5/17/2024 11:30,accepted,5/17/2024 11:30,SESS-68895,5/17/2024 7:31,5/17/2024 13:31,5/17/2024 11:31,2025-12-09 15:08:00,2025-12-09 15:10:00,2025-12-09 15:20:00,2025-12-09 15:34:00,,4.75317,114.63822,4.85107,114.9304,3.5,2.7,3.44,12.05,FQ-5830,INV-335610,BND,VEH-355,Yes,Tutong,4,High Demand Zone,8,1/28/2023,Pass
2025-12-04,18:40:17,"""CNR4802995""",Completed,"""CID9514652""",Compact,Berakas,Mentiri,12.5,36.3,,,,1.22,4.9,4.5,Card,32.55,Belait,Tutong,Faisal Hakimi,4.67,27.09,May,2024,Thursday,0.0,4.8,OFF-200102,5/16/2024 18:39,accepted,5/16/2024 18:39,SESS-85181,5/16/2024 14:40,5/16/2024 20:40,5/16/2024 18:40,2025-12-04 21:59:00,2025-12-04 22:00:00,2025-12-04 22:07:00,2025-12-04 22:27:00,,4.54355,114.15799,4.71193,114.62513,3.5,19.53,2.9,26.93,FQ-7602,INV-485042,BND,VEH-126,Yes,Tutong,7,Normal,9,1/19/2024,Pass
2025-12-12,9:41:19,"""CNR4332965""",Completed,"""CID2809404""",Sedan,Gadong,Serusop,8.3,11.7,,,,9.34,3.6,3.9,Cash,6.27,Belait,Brunei-Muara,Roslan Ahmad,1.51,5.12,February,2024,Sunday,1.0,8.9,OFF-200130,2/25/2024 9:40,accepted,2/25/2024 9:40,SESS-14930,2/25/2024 5:41,2/25/2024 12:41,2/25/2024 9:41,2025-12-12 15:21:00,2025-12-12 15:26:00,2025-12-12 15:35:00,2025-12-12 15:42:00,2/25/2024 9:47,4.5047,114.21765,4.93141,114.97093,3.5,3.92,0.94,7.95,FQ-7271,INV-680275,BND,VEH-675,Yes,Belait,5,High Demand Zone,10,3/6/2023,Pass
2025-12-11,9:11:33,"""CNR2416214""",Completed,"""CID1397558""",Compact,Lumut,Bangar,11.7,23.1,,,,6.08,3.8,4.9,Dart Wallet,20.62,Brunei-Muara,Brunei-Muara,Siti Aminah,4.15,15.68,March,2024,Friday,0.0,5.8,OFF-200031,3/29/2024 9:10,accepted,3/29/2024 9:10,SESS-19622,3/29/2024 4:11,3/29/2024 10:11,3/29/2024 9:11,2025-12-11 04:44:00,2025-12-11 04:47:00,2025-12-11 04:50:00,2025-12-11 05:27:00,,4.92683,114.93766,4.88988,114.87956,3.5,8.46,1.85,20.72,FQ-6711,INV-209265,BND,VEH-614,Yes,Tutong,5,High Demand Zone,14,7/14/2023,Pass
2025-12-13,13:43:58,"""CNR2717765""",Completed,"""CID6981040""",Sedan,Muara,Jangsak,11.7,11.0,,,,19.0,4.9,4.9,Card,29.37,Belait,Belait,Mustafa Kamal,4.9,24.27,September,2024,Thursday,0.0,7.4,OFF-200009,9/12/2024 13:43,accepted,9/12/2024 13:43,SESS-19846,9/12/2024 8:43,9/12/2024 16:43,9/12/2024 13:43,2025-12-13 07:34:00,2025-12-13 07:39:00,2025-12-13 07:48:00,2025-12-13 08:15:00,,4.53623,114.32737,4.67409,114.37873,3.5,17.33,0.88,21.71,FQ-9941,INV-153422,BND,VEH-726,Yes,Brunei-Muara,6,Normal,12,9/1/2023,Pass
2025-12-27,17:14:30,"""CNR3575891""",Completed,"""CID5810167""",Premium,Bangar,Mentiri,3.0,30.9,,,,1.6,3.5,4.8,Dart Wallet,25.33,Brunei-Muara,Belait,Ridhwan Bakar,3.24,20.01,March,2024,Tuesday,0.0,10.6,OFF-200109,3/5/2024 17:13,accepted,3/5/2024 17:14,SESS-20959,3/5/2024 12:14,3/5/2024 18:14,3/5/2024 17:14,2025-12-27 23:20:00,2025-12-27 23:23:00,2025-12-27 23:25:00,2025-12-28 00:08:00,,4.97997,114.95174,4.54153,114.19567,3.5,11.2,2.47,14.67,FQ-5876,INV-381960,BND,VEH-504,Yes,Tutong,8,Normal,11,12/13/2023,Pass
2025-12-14,14:48:47,"""CNR8626386""",Cancelled,"""CID6488104""",Compact,Serusop,Tutong Beach,13.2,29.6,,,,12.27,3.9,4.2,Cash,26.29,Belait,Brunei-Muara,Azizul Hasni,3.58,18.54,October,2024,Sunday,1.0,10.5,OFF-200161,10/27/2024 14:48,accepted,10/27/2024 14:48,SESS-32577,10/27/2024 9:48,10/27/2024 17:48,10/27/2024 14:48,2025-12-14 19:22:00,2025-12-14 19:25:00,2025-12-14 19:27:00,2025-12-14 20:08:00,,4.67317,114.37449,4.94355,114.888,3.5,3.42,2.37,9.29,FQ-9476,INV-887065,BND,VEH-480,Yes,Tutong,9,Normal,7,10/2/2023,Pass
2025-12-15,11:54:01,"""CNR5104565""",Cancelled by Driver,"""CID1463708""",SUV,Mata-Mata,Bandar Seri Begawan,12.3,39.4,,,,27.07,4.3,4.5,Dart Wallet,12.56,Tutong,Brunei-Muara,Aiman Hakim,1.93,7.72,June,2024,Tuesday,0.0,8.3,OFF-200123,6/18/2024 11:53,accepted,6/18/2024 11:53,SESS-93521,6/18/2024 9:54,6/18/2024 14:54,6/18/2024 11:54,2025-12-15 00:56:00,2025-12-15 00:58:00,2025-12-15 01:05:00,2025-12-15 01:35:00,,4.77393,114.7443,4.9316,114.86791,3.5,6.15,3.15,17.0,FQ-8434,INV-155340,BND,VEH-146,Yes,Temburong,11,High Demand Zone,6,12/8/2023,Pass
2025-12-07,13:05:13,"""CNR8411272""",Cancelled,"""CID7605166""",Premium,Kuala Belait,Tutong Town,5.5,15.4,,,,26.42,4.6,3.8,Dart Wallet,13.34,Brunei-Muara,Belait,Hamid Rashid,1.9,8.03,May,2024,Friday,1.0,9.7,OFF-200086,5/17/2024 13:04,accepted,5/17/2024 13:04,SESS-39154,5/17/2024 8:05,5/17/2024 16:05,5/17/2024 13:05,2025-12-07 15:37:00,2025-12-07 15:42:00,2025-12-07 15:46:00,2025-12-07 16:16:00,5/17/2024 13:12,4.94637,114.86449,4.5206,114.16849,3.5,3.92,1.23,9.65,FQ-8842,INV-805030,BND,VEH-750,Yes,Temburong,14,Normal,11,2/9/2023,Pass
2025-12-29,11:31:06,"""CNR6103529""",Completed,"""CID5523739""",Sedan,Kiulap,Tutong Town,13.3,43.0,,1.0,Other Issue,10.6,4.0,4.4,Dart Wallet,6.54,Tutong,Brunei-Muara,Haji Ramli,1.51,4.33,May,2024,Friday,1.0,10.0,OFF-200054,5/17/2024 11:30,accepted,5/17/2024 11:30,SESS-68895,5/17/2024 7:31,5/17/2024 13:31,5/17/2024 11:31,2025-12-29 08:00:00,2025-12-29 08:05:00,2025-12-29 08:11:00,2025-12-29 08:29:00,,4.75317,114.63822,4.85107,114.9304,3.5,2.7,3.44,12.05,FQ-5830,INV-335610,BND,VEH-355,Yes,Brunei-Muara,4,High Demand Zone,8,1/28/2023,Pass
2025-12-11,9:11:33,"""CNR2416214""",Completed,"""CID1397558""",Sedan,Lumut,Rimba,11.7,23.1,,,,2.78,4.4,4.5,Card,14.81,Brunei-Muara,Brunei-Muara,Siti Aminah,1.95,12.58,March,2024,Friday,0.0,5.8,OFF-200031,3/29/2024 9:10,accepted,3/29/2024 9:10,SESS-19622,3/29/2024 4:11,3/29/2024 10:11,3/29/2024 9:11,2025-12-11 10:23:00,2025-12-11 10:27:00,2025-12-11 10:29:00,2025-12-11 10:52:00,,4.92683,114.93766,4.88988,114.87956,3.5,8.46,1.85,20.72,FQ-6711,INV-209265,BND,VEH-614,Yes,Belait,5,High Demand Zone,14,7/14/2023,Pass
2025-12-11,20:31:41,"""CNR6760475""",Completed,"""CID2785792""",SUV,Bandar Seri Begawan,Mentiri,11.8,39.2,,,,27.44,4.8,3.8,Dart Wallet,11.95,Belait,Tutong,,1.97,7.59,December,2024,Friday,,5.8,OFF-200177,12/27/2024 20:30,accepted,12/27/2024 20:31,SESS-16338,12/27/2024 18:31,12/27/2024 22:31,12/27/2024 20:31,2025-12-11 21:29:00,2025-12-11 21:31:00,2025-12-11 21:38:00,2025-12-11 22:01:00,,4.64322,114.34329,4.70581,114.68612,3.5,3.92,3.14,15.56,FQ-9122,INV-765025,BND,VEH-510,Yes,Belait,13,Normal,8,9/12/2023,Pass
2025-12-20,22:11:25,"""CNR1993047""",Completed,"""CID2155317""",SUV,Kuala Belait,Lambak,14.8,42.7,,,,14.46,4.5,3.7,Card,5.78,Brunei-Muara,Brunei-Muara,Syafiqah Yusof,0.73,4.81,June,2024,Sunday,1.0,10.0,OFF-200134,6/30/2024 22:11,accepted,6/30/2024 22:11,SESS-20137,6/30/2024 17:11,7/1/2024 1:11,6/30/2024 22:11,2025-12-20 19:00:00,2025-12-20 19:01:00,2025-12-20 19:05:00,2025-12-20 19:38:00,,4.91504,114.94118,4.96987,114.87202,3.5,3.22,3.42,15.18,FQ-5376,INV-178320,BND,VEH-214,Yes,Temburong,9,High Demand Zone,8,3/25/2023,Pass
2025-12-19,11:35:20,"""CNR3950515""",Completed,"""CID9062603""",Compact,Lumut,Gadong,8.2,14.2,1.0,,,29.16,3.6,3.7,Card,27.05,Brunei-Muara,Belait,Abdul Rahman,3.64,17.05,December,2024,Thursday,1.0,8.1,OFF-200092,12/26/2024 11:34,accepted,12/26/2024 11:34,SESS-85776,12/26/2024 6:35,12/26/2024 12:35,12/26/2024 11:35,2025-12-19 05:44:00,2025-12-19 05:49:00,2025-12-19 05:57:00,2025-12-19 06:27:00,12/26/2024 11:44,4.90952,114.9285,4.53955,114.11603,3.5,3.92,1.14,15.7,FQ-9328,INV-348133,BND,VEH-428,Yes,Belait,11,High Demand Zone,3,1/1/2023,Pass
2025-12-18,15:21:24,"""CNR1726678""",Completed,"""CID2637835""",Sedan,Jerudong,Kiulap,7.1,13.1,,,,7.55,3.6,3.6,Card,14.96,Tutong,Brunei-Muara,Ahmad Zaki,1.69,11.24,May,2024,Sunday,0.0,5.6,OFF-200007,5/19/2024 15:20,accepted,5/19/2024 15:20,SESS-75925,5/19/2024 10:21,5/19/2024 16:21,5/19/2024 15:21,2025-12-18 10:55:00,2025-12-18 10:56:00,2025-12-18 11:00:00,2025-12-18 11:16:00,,4.66308,114.65802,4.9547,114.94315,3.5,8.73,1.05,15.28,FQ-9838,INV-276437,BND,VEH-696,Yes,Temburong,4,Normal,13,2/20/2023,Pass
2025-12-01,15:00:48,"""CNR5307735""",Cancelled,"""CID5073889""",SUV,Rimba,Serusop,8.5,34.8,,,,2.86,3.5,4.4,Online Banking,25.4,Belait,Belait,Faisal Hakimi,3.89,19.94,August,2024,Saturday,1.0,11.7,OFF-200064,8/24/2024 15:00,accepted,8/24/2024 15:00,SESS-85181,8/24/2024 12:00,8/24/2024 17:00,8/24/2024 15:00,2025-12-01 05:34:00,2025-12-01 05:38:00,2025-12-01 05:45:00,2025-12-01 06:27:00,,4.66511,114.13113,4.58069,114.2856,3.5,4.2,2.78,11.48,FQ-8743,INV-246818,BND,VEH-126,Yes,Brunei-Muara,7,Normal,5,8/20/2023,Pass
2025-12-15,18:36:55,"""CNR6363970""",Completed,"""CID3593238""",SUV,Sengkurong,Berakas,13.4,12.7,,,,14.59,4.0,3.6,Card,23.83,Tutong,Brunei-Muara,Khairul Anuar,4.29,19.76,April,2024,Tuesday,1.0,10.8,OFF-200056,4/16/2024 18:36,rejected,4/16/2024 18:36,SESS-78148,4/16/2024 14:36,4/16/2024 19:36,4/16/2024 18:36,2025-12-15 18:33:00,2025-12-15 18:34:00,2025-12-15 18:39:00,2025-12-15 18:53:00,,4.77461,114.76049,4.94219,114.88607,3.5,12.96,1.02,18.48,FQ-6092,INV-678197,BND,VEH-476,Yes,Tutong,8,Normal,5,8/19/2023,Pass
2025-12-10,3:53:28,"""CNR5222189""",Cancelled by Driver,"""CID1300727""",Premium,Jerudong,Kuala Belait,8.1,33.7,,,,20.43,4.1,4.1,Card,32.44,Belait,Brunei-Muara,Ibrahim Daud,5.33,27.36,August,2024,Monday,0.0,10.8,OFF-200066,8/19/2024 3:52,accepted,8/19/2024 3:52,SESS-97398,8/18/2024 22:53,8/19/2024 4:53,8/19/2024 3:53,2025-12-10 14:37:00,2025-12-10 14:41:00,2025-12-10 14:46:00,2025-12-10 15:09:00,,4.55687,114.10796,4.90694,114.94762,3.5,4.61,2.7,12.81,FQ-9266,INV-235946,BND,VEH-819,Yes,Brunei-Muara,13,Normal,11,11/14/2023,Pass
2025-12-02,9:12:30,"""CNR2094763""",Cancelled,"""CID8322650""",Sedan,Gadong,Lambak,14.0,16.5,,,,3.15,3.6,3.7,Online Banking,16.02,Brunei-Muara,Brunei-Muara,Abdul Rahman,1.75,12.5,July,2024,Tuesday,0.0,8.3,OFF-200186,7/2/2024 9:11,accepted,7/2/2024 9:11,SESS-85776,7/2/2024 4:12,7/2/2024 10:12,7/2/2024 9:12,2025-12-02 11:02:00,2025-12-02 11:03:00,2025-12-02 11:11:00,2025-12-02 11:46:00,,4.90088,114.88958,4.92678,114.91289,3.5,1.64,1.32,10.07,FQ-9280,INV-856112,BND,VEH-428,Yes,Belait,7,High Demand Zone,11,12/10/2023,Pass
2025-12-04,14:49:19,"""CNR1758100""",Completed,"""CID7007318""",Compact,Rimba,Lumut,10.3,23.4,,,,6.75,3.6,4.4,Card,7.34,Brunei-Muara,Brunei-Muara,Noraini Kassim,1.33,5.3,October,2024,Friday,0.0,6.9,OFF-200071,10/4/2024 14:48,accepted,10/4/2024 14:48,SESS-88755,10/4/2024 10:49,10/4/2024 16:49,10/4/2024 14:49,2025-12-04 12:16:00,2025-12-04 12:20:00,2025-12-04 12:30:00,2025-12-04 13:15:00,,4.85156,114.9388,4.97422,114.92309,3.5,3.7,1.87,13.6,FQ-6719,INV-204938,BND,VEH-967,Yes,Brunei-Muara,4,High Demand Zone,12,1/17/2024,Pass
2025-12-05,18:36:15,"""CNR1590185""",Completed,"""CID8780721""",Compact,Mata-Mata,Muara,4.4,39.1,,,,18.58,3.9,4.9,Cash,30.07,Brunei-Muara,Belait,Ridhwan Bakar,3.19,19.49,January,2024,Wednesday,1.0,10.5,OFF-200053,1/17/2024 18:35,accepted,1/17/2024 18:35,SESS-20959,1/17/2024 16:36,1/17/2024 21:36,1/17/2024 18:36,2025-12-05 12:39:00,2025-12-05 12:42:00,2025-12-05 12:52:00,2025-12-05 13:37:00,,4.85942,114.88967,4.58792,114.20926,3.5,3.51,3.13,15.18,FQ-5150,INV-947070,BND,VEH-504,Yes,Tutong,4,High Demand Zone,9,3/23/2023,Pass
2025-12-27,3:53:28,"""CNR5222189""",Completed,"""CID1300727""",SUV,Muara,Bandar Seri Begawan,8.1,33.7,,,,20.1,3.7,4.4,Card,14.03,Belait,Brunei-Muara,Ibrahim Daud,2.2,10.18,August,2024,Monday,0.0,10.8,OFF-200066,8/19/2024 3:52,rejected,8/19/2024 3:52,SESS-97398,8/18/2024 22:53,8/19/2024 4:53,8/19/2024 3:53,2025-12-27 10:34:00,2025-12-27 10:39:00,2025-12-27 10:49:00,2025-12-27 11:09:00,,4.55687,114.10796,4.90694,114.94762,3.5,4.61,2.7,12.81,FQ-9266,INV-235946,BND,VEH-819,Yes,Belait,13,Normal,11,11/14/2023,Pass
2025-12-16,21:04:47,"""CNR5230005""",Completed,"""CID3694020""",Premium,Lumut,Mata-Mata,11.3,38.2,,,,5.04,3.5,4.5,Cash,32.42,Brunei-Muara,Belait,Aiman Hakim,7.03,20.22,September,2024,Tuesday,1.0,4.1,OFF-200050,9/24/2024 21:04,accepted,9/24/2024 21:04,SESS-93521,9/24/2024 16:04,9/25/2024 0:04,9/24/2024 21:04,2025-12-16 17:38:00,2025-12-16 17:42:00,2025-12-16 17:45:00,2025-12-16 18:06:00,9/24/2024 21:11,4.95622,114.9567,4.59644,114.25753,3.5,3.92,3.06,12.98,FQ-9164,INV-660763,BND,VEH-146,Yes,Belait,14,Normal,12,9/10/2023,Pass
2025-12-13,18:33:20,"""CNR4666491""",Completed,"""CID2057868""",SUV,Mata-Mata,Jangsak,4.1,33.6,,,,29.81,4.9,4.9,Online Banking,18.61,Belait,Brunei-Muara,Fadhil Junaidi,2.83,12.64,January,2024,Wednesday,1.0,7.4,OFF-200096,1/10/2024 18:33,accepted,1/10/2024 18:33,SESS-29233,1/10/2024 15:33,1/10/2024 19:33,1/10/2024 18:33,2025-12-13 10:59:00,2025-12-13 11:02:00,2025-12-13 11:10:00,2025-12-13 11:42:00,,4.63604,114.29406,4.90912,114.9514,3.5,15.11,2.69,26.3,FQ-8044,INV-642008,BND,VEH-642,Yes,Belait,14,Normal,10,6/4/2023,Pass
2025-12-16,16:51:11,"""CNR2860348""",Cancelled by Driver,"""CID5578022""",Compact,Mata-Mata,Tutong Town,10.2,34.2,,,,9.08,3.7,4.1,Online Banking,8.11,Brunei-Muara,Brunei-Muara,Aiman Hakim,1.16,6.49,October,2024,Monday,0.0,10.2,OFF-200091,10/7/2024 16:50,rejected,10/7/2024 16:50,SESS-93521,10/7/2024 12:51,10/7/2024 19:51,10/7/2024 16:51,2025-12-16 11:32:00,2025-12-16 11:36:00,2025-12-16 11:43:00,2025-12-16 12:13:00,10/7/2024 16:57,4.85757,114.92409,4.9292,114.97063,3.5,3.92,2.74,9.66,FQ-5293,INV-275833,BND,VEH-146,Yes,Temburong,8,Normal,11,1/23/2023,Pass
2025-12-10,15:21:24,"""CNR1726678""",Cancelled by Driver,"""CID2637835""",Premium,Serusop,Mata-Mata,7.1,13.1,,,,5.15,4.6,4.6,Dart Wallet,30.48,Tutong,Brunei-Muara,Ahmad Zaki,7.01,23.41,May,2024,Sunday,0.0,5.6,OFF-200007,5/19/2024 15:20,accepted,5/19/2024 15:20,SESS-75925,5/19/2024 10:21,5/19/2024 16:21,5/19/2024 15:21,2025-12-10 13:32:00,2025-12-10 13:33:00,2025-12-10 13:40:00,2025-12-10 13:53:00,,4.66308,114.65802,4.9547,114.94315,3.5,8.73,1.05,15.28,FQ-9838,INV-276437,BND,VEH-696,Yes,Temburong,4,Normal,13,2/20/2023,Pass
2025-12-29,14:48:47,"""CNR8626386""",Completed,"""CID6488104""",Compact,Mentiri,Gadong,13.2,29.6,,,,3.12,4.5,4.8,Card,30.73,Belait,Brunei-Muara,Azizul Hasni,4.46,22.86,October,2024,Sunday,1.0,10.5,OFF-200161,10/27/2024 14:48,accepted,10/27/2024 14:48,SESS-32577,10/27/2024 9:48,10/27/2024 17:48,10/27/2024 14:48,2025-12-29 13:36:00,2025-12-29 13:41:00,2025-12-29 13:45:00,2025-12-29 14:21:00,,4.67317,114.37449,4.94355,114.888,3.5,3.42,2.37,9.29,FQ-9476,INV-887065,BND,VEH-480,Yes,Belait,9,Normal,7,10/2/2023,Pass
2025-12-29,20:46:16,"""CNR5874746""",Completed,"""CID9596834""",Sedan,Jangsak,Bangar,8.5,33.8,,,,14.45,3.9,4.8,Online Banking,26.14,Belait,Brunei-Muara,Faisal Hakimi,4.08,21.42,June,2024,Sunday,1.0,9.9,OFF-200034,6/23/2024 20:45,rejected,6/23/2024 20:45,SESS-85181,6/23/2024 15:46,6/23/2024 22:46,6/23/2024 20:46,2025-12-29 00:03:00,2025-12-29 00:06:00,2025-12-29 00:11:00,2025-12-29 00:25:00,6/23/2024 20:54,4.66917,114.28965,4.89813,114.86034,3.5,3.92,2.7,15.12,FQ-8476,INV-245076,BND,VEH-126,Yes,Temburong,9,Normal,13,12/8/2023,Pass
2025-12-21,18:13:05,"""CNR8068577""",Completed,"""CID2385957""",Compact,Bandar Seri Begawan,Kuala Belait,6.2,12.8,,,,22.2,4.6,4.4,Card,17.23,Brunei-Muara,Brunei-Muara,Ahmad Zaki,1.87,11.01,May,2024,Wednesday,1.0,8.7,OFF-200095,5/22/2024 18:12,accepted,5/22/2024 18:12,SESS-75925,5/22/2024 13:13,5/22/2024 19:13,5/22/2024 18:13,2025-12-21 01:22:00,2025-12-21 01:24:00,2025-12-21 01:29:00,2025-12-21 01:35:00,,4.94939,114.8792,4.89032,114.95803,3.5,3.61,1.02,8.66,FQ-8741,INV-864083,BND,VEH-696,Yes,Belait,8,High Demand Zone,5,4/25/2023,Pass
2025-12-11,13:52:15,"""CNR9646752""",Completed,"""CID5912235""",SUV,Gadong,Rimba,13.9,16.0,,,,23.73,3.6,3.5,Dart Wallet,30.16,Brunei-Muara,Brunei-Muara,Aiman Hakim,4.94,24.19,June,2024,Monday,0.0,5.5,OFF-200087,6/3/2024 13:51,accepted,6/3/2024 13:51,SESS-93521,6/3/2024 9:52,6/3/2024 16:52,6/3/2024 13:52,2025-12-11 02:32:00,2025-12-11 02:36:00,2025-12-11 02:45:00,2025-12-11 03:15:00,,4.89278,114.88986,4.86314,114.86441,3.5,17.78,1.28,30.2,FQ-7116,INV-166889,BND,VEH-146,Yes,Temburong,9,High Demand Zone,3,12/4/2023,Pass
2025-12-05,4:52:04,"""CNR3628440""",Completed,"""CID7053690""",Premium,Serusop,Rimba,15.0,16.5,,,,14.09,3.7,4.7,Card,16.53,Belait,Brunei-Muara,Hamid Rashid,1.71,12.3,October,2024,Wednesday,1.0,8.1,OFF-200077,10/16/2024 4:51,accepted,10/16/2024 4:51,SESS-39154,10/16/2024 0:52,10/16/2024 6:52,10/16/2024 4:52,2025-12-05 03:48:00,2025-12-05 03:51:00,2025-12-05 04:01:00,2025-12-05 04:09:00,,4.5157,114.38092,4.9559,114.94024,3.5,17.31,1.32,35.7,FQ-8869,INV-625491,BND,VEH-750,Yes,Tutong,12,High Demand Zone,7,3/29/2023,Pass
2025-12-23,9:11:33,"""CNR2416214""",Cancelled by Driver,"""CID1397558""",Premium,Rimba,Gadong,11.7,23.1,,,,26.42,4.9,5.0,Online Banking,31.5,Brunei-Muara,Brunei-Muara,Siti Aminah,3.26,23.62,March,2024,Friday,0.0,5.8,OFF-200031,3/29/2024 9:10,accepted,3/29/2024 9:10,SESS-19622,3/29/2024 4:11,3/29/2024 10:11,3/29/2024 9:11,2025-12-23 17:28:00,2025-12-23 17:29:00,2025-12-23 17:38:00,2025-12-23 18:08:00,,4.92683,114.93766,4.88988,114.87956,3.5,8.46,1.85,20.72,FQ-6711,INV-209265,BND,VEH-614,Yes,Belait,5,High Demand Zone,14,7/14/2023,Pass
2025-12-09,15:20:46,"""CNR4215294""",Completed,"""CID4665477""",Sedan,Tutong Town,Sengkurong,4.8,13.5,,,,29.1,3.9,4.8,Card,29.4,Belait,Brunei-Muara,Faisal Hakimi,3.28,24.07,January,2024,Wednesday,0.0,5.7,OFF-200119,1/10/2024 15:20,accepted,1/10/2024 15:20,SESS-85181,1/10/2024 11:20,1/10/2024 16:20,1/10/2024 15:20,2025-12-09 18:40:00,2025-12-09 18:42:00,2025-12-09 18:45:00,2025-12-09 18:53:00,,4.53101,114.19478,4.91683,114.93668,3.5,6.58,1.08,11.16,FQ-5787,INV-530245,BND,VEH-126,Yes,Belait,7,Normal,6,5/5/2023,Pass
2025-12-04,11:28:33,"""CNR1941394""",Completed,"""CID6286517""",Sedan,Berakas,Tutong Beach,6.3,31.1,,,,2.78,4.3,4.1,Online Banking,4.96,Belait,Brunei-Muara,Faisal Hakimi,0.76,3.28,February,2024,Wednesday,1.0,11.7,OFF-200045,2/7/2024 11:27,accepted,2/7/2024 11:27,SESS-85181,2/7/2024 9:28,2/7/2024 12:28,2/7/2024 11:28,2025-12-04 15:15:00,2025-12-04 15:20:00,2025-12-04 15:22:00,2025-12-04 16:00:00,,4.68402,114.39582,4.85542,114.96918,3.5,8.2,2.49,22.28,FQ-6778,INV-391132,BND,VEH-126,Yes,Brunei-Muara,14,High Demand Zone,9,12/26/2023,Pass
2025-12-03,13:57:22,"""CNR8878134""",Completed,"""CID7848826""",SUV,Tutong Town,Tutong Beach,14.1,10.4,,,,15.66,4.9,3.5,Dart Wallet,13.23,Belait,Brunei-Muara,Sufian bin Haji Ali,2.56,8.59,May,2024,Saturday,1.0,4.9,OFF-200143,5/18/2024 13:56,rejected,5/18/2024 13:56,SESS-22883,5/18/2024 9:57,5/18/2024 16:57,5/18/2024 13:57,2025-12-03 21:03:00,2025-12-03 21:08:00,2025-12-03 21:13:00,2025-12-03 21:39:00,5/18/2024 14:03,4.58179,114.11543,4.8958,114.95953,3.5,3.92,0.83,10.25,FQ-9245,INV-966726,BND,VEH-473,Yes,Brunei-Muara,12,Normal,2,5/17/2023,Pass
2025-12-17,19:39:10,"""CNR9815636""",Completed,"""CID4412852""",Premium,Jangsak,Bangar,4.1,40.1,,,,14.42,4.3,4.8,Cash,7.95,Brunei-Muara,Tutong,Ahmad Zaki,0.92,6.58,November,2024,Friday,0.0,8.2,OFF-200195,11/1/2024 19:38,accepted,11/1/2024 19:38,SESS-75925,11/1/2024 16:39,11/1/2024 22:39,11/1/2024 19:39,2025-12-17 10:14:00,2025-12-17 10:15:00,2025-12-17 10:24:00,2025-12-17 10:47:00,,4.93874,114.93587,4.66206,114.61835,3.5,6.77,3.21,13.48,FQ-5429,INV-993095,BND,VEH-696,Yes,Temburong,11,Normal,8,6/7/2023,Pass
2025-12-18,14:00:27,"""CNR3467080""",Cancelled,"""CID3327954""",Premium,Bandar Seri Begawan,Jerudong,4.5,33.4,,,,17.49,4.4,4.2,Dart Wallet,6.61,Brunei-Muara,Tutong,Nabilah Hassan,1.49,4.74,April,2024,Friday,1.0,9.4,OFF-200164,4/5/2024 13:59,rejected,4/5/2024 13:59,SESS-68128,4/5/2024 9:00,4/5/2024 16:00,4/5/2024 14:00,2025-12-18 20:35:00,2025-12-18 20:36:00,2025-12-18 20:45:00,2025-12-18 21:03:00,,4.89059,114.94448,4.74366,114.75213,3.5,8.89,2.67,15.06,FQ-9454,INV-776049,BND,VEH-713,Yes,Temburong,14,Normal,9,6/18/2023,Pass
2025-12-23,18:32:16,"""CNR3882280""",Completed,"""CID8466525""",Premium,Lumut,Kiulap,11.7,43.3,,,,8.41,4.0,4.0,Cash,15.0,Belait,Tutong,Dayangku Siti,1.65,11.41,October,2024,Saturday,0.0,8.9,OFF-200181,10/19/2024 18:31,accepted,10/19/2024 18:31,SESS-38322,10/19/2024 15:32,10/19/2024 20:32,10/19/2024 18:32,2025-12-23 16:04:00,2025-12-23 16:08:00,2025-12-23 16:12:00,2025-12-23 16:29:00,,4.5178,114.1522,4.7887,114.79002,3.5,6.18,3.46,20.42,FQ-7549,INV-941974,BND,VEH-618,Yes,Brunei-Muara,9,High Demand Zone,14,9/12/2023,Pass
2025-12-23,13:52:53,"""CNR6076037""",Completed,"""CID7062179""",SUV,Muara,Tutong Beach,11.4,12.8,1.0,,,5.12,4.3,4.2,Online Banking,15.81,Belait,Tutong,Ibrahim Daud,3.42,11.34,January,2024,Monday,0.0,4.0,OFF-200141,1/15/2024 13:51,rejected,1/15/2024 13:52,SESS-97398,1/15/2024 9:52,1/15/2024 16:52,1/15/2024 13:52,2025-12-23 04:26:00,2025-12-23 04:29:00,2025-12-23 04:34:00,2025-12-23 05:02:00,1/15/2024 13:55,4.66258,114.38961,4.84392,114.7965,3.5,3.92,1.02,15.55,FQ-8235,INV-478504,BND,VEH-819,Yes,Belait,8,High Demand Zone,2,2/22/2023,Pass
2025-12-03,11:31:06,"""CNR6103529""",Completed,"""CID5523739""",SUV,Bangar,Lumut,13.3,43.0,,1.0,Other Issue,15.95,4.2,4.2,Cash,7.85,Tutong,Brunei-Muara,Haji Ramli,1.85,5.11,May,2024,Friday,1.0,10.0,OFF-200054,5/17/2024 11:30,accepted,5/17/2024 11:30,SESS-68895,5/17/2024 7:31,5/17/2024 13:31,5/17/2024 11:31,2025-12-03 21:11:00,2025-12-03 21:15:00,2025-12-03 21:21:00,2025-12-03 22:00:00,,4.75317,114.63822,4.85107,114.9304,3.5,2.7,3.44,12.05,FQ-5830,INV-335610,BND,VEH-355,Yes,Temburong,4,High Demand Zone,8,1/28/2023,Pass
2025-12-13,15:34:51,"""CNR1736495""",Completed,"""CID5362525""",Sedan,Bandar Seri Begawan,Sengkurong,11.5,43.7,,1.0,Other Issue,11.75,4.7,3.9,Card,30.99,Brunei-Muara,Brunei-Muara,Mustafa Kamal,3.59,20.92,December,2024,Saturday,1.0,6.6,OFF-200175,12/28/2024 15:34,accepted,12/28/2024 15:34,SESS-19846,12/28/2024 10:34,12/28/2024 18:34,12/28/2024 15:34,2025-12-13 13:29:00,2025-12-13 13:32:00,2025-12-13 13:37:00,2025-12-13 14:17:00,,4.95691,114.87804,4.87871,114.91387,3.5,2.12,3.5,16.18,FQ-9285,INV-272330,BND,VEH-726,Yes,Tutong,5,High Demand Zone,8,1/31/2024,Pass
2025-12-15,13:05:11,"""CNR4338511""",Cancelled by Driver,"""CID5489012""",Compact,Serusop,Gadong,5.6,21.0,,,,24.01,3.7,4.9,Card,33.4,Brunei-Muara,Tutong,,7.95,23.96,December,2024,Friday,,9.0,OFF-200006,12/27/2024 13:04,accepted,12/27/2024 13:04,SESS-16338,12/27/2024 8:05,12/27/2024 15:05,12/27/2024 13:05,2025-12-15 06:43:00,2025-12-15 06:48:00,2025-12-15 06:58:00,2025-12-15 07:03:00,,4.95854,114.86804,4.7445,114.70676,3.5,3.92,1.68,16.38,FQ-7848,INV-611636,BND,VEH-510,Yes,Temburong,11,High Demand Zone,7,11/23/2023,Pass
2025-12-29,20:07:52,"""CNR3734577""",Cancelled by Driver,"""CID4874936""",SUV,Tutong Beach,Rimba,5.5,30.4,,,,27.31,4.8,3.7,Cash,3.28,Tutong,Brunei-Muara,Sufian bin Haji Ali,0.35,2.09,October,2024,Tuesday,0.0,10.1,OFF-200073,10/1/2024 20:07,accepted,10/1/2024 20:07,SESS-22883,10/1/2024 15:07,10/1/2024 22:07,10/1/2024 20:07,2025-12-29 16:09:00,2025-12-29 16:11:00,2025-12-29 16:18:00,2025-12-29 16:31:00,,4.65284,114.72336,4.888,114.87296,3.5,5.38,2.43,10.81,FQ-9229,INV-676519,BND,VEH-473,Yes,Temburong,5,Normal,10,4/23/2023,Pass
